2025-06-25 14:55:22.0000000000	9031	./schemas/venv/bin/Activate.ps1
2025-06-25 14:55:22.0000000000	9031	./.venv/bin/Activate.ps1
2025-06-25 14:55:22.0000000000	9031	./venv/bin/Activate.ps1
2025-11-27 22:21:29.2726133890	180	./.idea/vcs.xml
2025-11-27 22:21:29.2726133890	228	./.idea/inspectionProfiles/profiles_settings.xml
2025-11-27 22:21:29.2726133890	294	./.idea/modules.xml
2025-11-27 22:21:29.2726133890	30845	./.idea/workspace.xml
2025-11-27 22:21:29.2726133890	3641	./.idea/inspectionProfiles/Project_Default.xml
2025-11-27 22:21:29.2726133890	822	./.idea/GEDCOM_Parser_Project.iml
2025-11-27 22:21:29.2846135610	170258	./docs/legacy/Architecture and Approach for GEDCOM 5.5.5 Data Processing.pdf
2025-11-27 22:21:29.2846135610	1880885	./GEDCOM logo.png
2025-11-27 22:21:29.2886136190	11083	./datasets/gedcom_tags.json
2025-11-27 22:21:29.2886136190	11083	./schemas/gedcom_tags.json
2025-11-27 22:21:29.2886136190	1717	./datasets/gedcom_tags_meta_schema.json
2025-11-27 22:21:29.2886136190	1717	./schemas/meta/gedcom_tags_meta_schema.json
2025-11-27 22:21:29.2886136190	205079	./docs/legacy/Technical Review of GEDCOM Parser & Processor Project.pdf
2025-11-27 22:21:29.2886136190	3422	./mock_files/0 HEAD.ged
2025-11-27 22:21:29.2886136190	38508	./datasets/gedcom_schema.json
2025-11-27 22:21:29.2886136190	592	./datasets/enrich_names_config.yml
2025-11-27 22:21:29.2886136190	592	./schemas/enrich_names_config.yml
2025-11-27 22:21:29.2886136190	82043	./mock_files/gedcom.ged
2025-11-27 22:21:29.2886136190	949	./mock_files/gedcom_0.ged
2025-11-27 22:21:29.2886136190	970	./config/processing_config.yml
2025-11-27 22:21:29.3406143660	7966758	./mock_files/gedcom_1.ged
2025-11-27 22:21:29.3406143660	7966758	./tests/data/gedcom_1.ged
2025-11-27 22:21:29.3446144240	4049	./mock_files/gedcom_19.ged
2025-11-27 22:21:29.3446144240	4430563	./mock_files/gedcom_2.ged
2025-11-27 22:21:29.3446144240	54634	./mock_files/gedcom_18_anc.ged
2025-11-27 22:21:29.3446144240	63232	./mock_files/gedcom_18.ged
2025-11-27 22:21:29.3486144810	22038	./mock_files/gedcom_20.ged
2025-11-27 22:21:29.3526145390	3020773	./mock_files/gedcom_3.ged
2025-11-27 22:21:29.3526145390	4059115	./mock_files/gedcom_4.ged
2025-11-27 22:21:29.3566145960	3217361	./mock_files/gedcom_5.ged
2025-11-27 22:21:29.3606146540	153664	./mock_files/gedcom_9.ged
2025-11-27 22:21:29.3606146540	1661	./mock_files/head.ged
2025-11-27 22:21:29.3606146540	1836327	./mock_files/gedcom_6.ged
2025-11-27 22:21:29.3646147110	1185	./datasets/nicknames.json
2025-11-27 22:21:29.3646147110	1277	./datasets/titles_normalization.json
2025-11-27 22:21:29.3646147110	17729	./datasets/us_states.json
2025-11-27 22:21:29.3646147110	1882	./mock_files/utf8.ged
2025-11-27 22:21:29.3646147110	1887	./mock_files/utf16.ged
2025-11-27 22:21:29.3646147110	19280	./datasets/early_massachusetts.json
2025-11-27 22:21:29.3646147110	1998	./datasets/surname_normalization.json
2025-11-27 22:21:29.3646147110	2084	./datasets/npfx_standardization.json
2025-11-27 22:21:29.3646147110	2140	./mock_files/mock.ged
2025-11-27 22:21:29.3646147110	2186	./datasets/gaelic_name_conversion.json
2025-11-27 22:21:29.3646147110	2334	./datasets/nsfx_standardization.json
2025-11-27 22:21:29.3646147110	2503	./datasets/date_normalization.json
2025-11-27 22:21:29.3646147110	2526	./datasets/name_variants.json
2025-11-27 22:21:29.3646147110	2662	./mock_files/mock_names.ged
2025-11-27 22:21:29.3646147110	2882	./datasets/name_normalization.json
2025-11-27 22:21:29.3646147110	2896	./datasets/spfx_standardization.json
2025-11-27 22:21:29.3646147110	32916	./datasets/military_us_normalization.json
2025-11-27 22:21:29.3646147110	3785	./datasets/occupations.json
2025-11-27 22:21:29.3646147110	3	./mock_files/head_ftm.ged
2025-11-27 22:21:29.3646147110	52364	./datasets/mayflower.json
2025-11-27 22:21:29.3646147110	5292	./datasets/nsfx_list.json
2025-11-27 22:21:29.3646147110	6138	./datasets/royal.json
2025-11-27 22:21:29.3646147110	6151	./datasets/spfx_list.json
2025-11-27 22:21:29.3646147110	6845	./datasets/military_can.json
2025-11-27 22:21:29.3646147110	6855	./datasets/military_aus.json
2025-11-27 22:21:29.3646147110	6898	./datasets/name_prefixes.json
2025-11-27 22:21:29.3646147110	6956	./datasets/religious.json
2025-11-27 22:21:29.3646147110	7540	./datasets/prefix_draft.json
2025-11-27 22:21:29.3646147110	7618	./datasets/military_germ.json
2025-11-27 22:21:29.3646147110	77257	./datasets/military_rank_standardization.json
2025-11-27 22:21:29.3646147110	7861	./datasets/new_england.json
2025-11-27 22:21:29.3646147110	9369	./datasets/military_uk.json
2025-11-27 22:21:29.3646147110	95646	./datasets/salem_witch_trials.json
2025-11-27 22:21:29.3686147680	326	./docs/legacy/README.md
2025-11-27 22:21:29.3886150560	111877	./docs/legacy/2024_TL_Shapefiles_File_Name_Definitions.pdf
2025-11-27 22:21:29.3926151130	1398	./docs/legacy/database_targets.md
2025-11-27 22:21:29.3926151130	249758	./docs/ged551.pdf
2025-11-27 22:21:29.3926151130	4320	./docs/legacy/action_plan.md
2025-11-27 22:21:29.3926151130	4335	./docs/legacy/GEDCOM_Consolidated_Roadmap.md
2025-11-27 22:21:29.3926151130	5511	./docs/legacy/assessment_roadmap.md
2025-11-27 22:21:29.3926151130	7140	./docs/legacy/database.md
2025-11-27 22:21:29.3926151130	8408	./docs/legacy/forward.md
2025-11-27 22:21:29.3926151130	851006	./docs/GEDCOM 5.5.5.pdf
2025-11-27 22:21:29.3966151710	1365315	./docs/gedcom7-rc.pdf
2025-11-27 22:21:29.3966151710	1785	./docs/legacy/json_to_gedcom.md
2025-11-27 22:21:29.3966151710	4052	./docs/legacy/next_steps.md
2025-11-27 22:21:29.3966151710	4320	./docs/legacy/processing_roadmap.md
2025-11-27 22:21:29.3966151710	4687	./docs/legacy/roadmap_refactoring.md
2025-11-27 22:21:29.3966151710	4747	./docs/legacy/roadmap_sql.md
2025-11-27 22:21:29.3966151710	5037	./docs/legacy/raodmap_alignment.md
2025-11-27 22:21:29.3966151710	6898	./docs/legacy/roadmap.md
2025-11-27 22:21:29.3966151710	7114	./docs/legacy/roadmap_next_steps.md
2025-11-27 22:21:29.4246155730	13806	./inventories/gedcom_file_structure.txt
2025-11-27 22:21:29.4246155730	1731	./inventories/inventory_script.ps1
2025-11-27 22:21:29.4246155730	43321	./inventories/gedcom_parser_inventory.csv
2025-11-27 22:32:03.8218960220	178	./.venv/pyvenv.cfg
2025-11-27 22:32:03.8218960220	69	./.venv/.gitignore
2025-11-27 22:32:07.0419435020	2190	./.venv/bin/activate
2025-11-27 22:32:07.0419435020	2201	./.venv/bin/activate.fish
2025-11-27 22:32:07.0419435020	930	./.venv/bin/activate.csh
2025-11-27 22:32:26.4462296460	455	./.venv/lib/python3.13/site-packages/wheel/__main__.py
2025-11-27 22:32:26.4462296460	59	./.venv/lib/python3.13/site-packages/wheel/__init__.py
2025-11-27 22:32:26.4502297050	0	./.venv/lib/python3.13/site-packages/wheel/vendored/__init__.py
2025-11-27 22:32:26.4502297050	0	./.venv/lib/python3.13/site-packages/wheel/vendored/packaging/__init__.py
2025-11-27 22:32:26.4502297050	10174	./.venv/lib/python3.13/site-packages/wheel/vendored/packaging/LICENSE.APACHE
2025-11-27 22:32:26.4502297050	1021	./.venv/lib/python3.13/site-packages/wheel/cli/unpack.py
2025-11-27 22:32:26.4502297050	1107	./.venv/lib/python3.13/site-packages/wheel/bdist_wheel.py
2025-11-27 22:32:26.4502297050	12634	./.venv/lib/python3.13/site-packages/wheel/cli/convert.py
2025-11-27 22:32:26.4502297050	1344	./.venv/lib/python3.13/site-packages/wheel/vendored/packaging/LICENSE.BSD
2025-11-27 22:32:26.4502297050	16572	./.venv/lib/python3.13/site-packages/wheel/macosx_libfile.py
2025-11-27 22:32:26.4502297050	16	./.venv/lib/python3.13/site-packages/wheel/vendored/vendor.txt
2025-11-27 22:32:26.4502297050	197	./.venv/lib/python3.13/site-packages/wheel/vendored/packaging/LICENSE
2025-11-27 22:32:26.4502297050	21694	./.venv/lib/python3.13/site-packages/wheel/_bdist_wheel.py
2025-11-27 22:32:26.4502297050	3103	./.venv/lib/python3.13/site-packages/wheel/cli/pack.py
2025-11-27 22:32:26.4502297050	423	./.venv/lib/python3.13/site-packages/wheel/util.py
2025-11-27 22:32:26.4502297050	4402	./.venv/lib/python3.13/site-packages/wheel/cli/__init__.py
2025-11-27 22:32:26.4502297050	4760	./.venv/lib/python3.13/site-packages/wheel/cli/tags.py
2025-11-27 22:32:26.4502297050	6171	./.venv/lib/python3.13/site-packages/wheel/metadata.py
2025-11-27 22:32:26.4502297050	781	./.venv/lib/python3.13/site-packages/wheel/_setuptools_logging.py
2025-11-27 22:32:26.4502297050	8411	./.venv/lib/python3.13/site-packages/wheel/wheelfile.py
2025-11-27 22:32:26.4542297640	10347	./.venv/lib/python3.13/site-packages/wheel/vendored/packaging/_parser.py
2025-11-27 22:32:26.4542297640	104	./.venv/lib/python3.13/site-packages/wheel-0.45.1.dist-info/entry_points.txt
2025-11-27 22:32:26.4542297640	1107	./.venv/lib/python3.13/site-packages/wheel-0.45.1.dist-info/LICENSE.txt
2025-11-27 22:32:26.4542297640	1431	./.venv/lib/python3.13/site-packages/wheel/vendored/packaging/_structures.py
2025-11-27 22:32:26.4542297640	16234	./.venv/lib/python3.13/site-packages/wheel/vendored/packaging/version.py
2025-11-27 22:32:26.4542297640	18950	./.venv/lib/python3.13/site-packages/wheel/vendored/packaging/tags.py
2025-11-27 22:32:26.4542297640	2313	./.venv/lib/python3.13/site-packages/wheel-0.45.1.dist-info/METADATA
2025-11-27 22:32:26.4542297640	2674	./.venv/lib/python3.13/site-packages/wheel/vendored/packaging/_musllinux.py
2025-11-27 22:32:26.4542297640	2933	./.venv/lib/python3.13/site-packages/wheel/vendored/packaging/requirements.py
2025-11-27 22:32:26.4542297640	3266	./.venv/lib/python3.13/site-packages/wheel/vendored/packaging/_elffile.py
2025-11-27 22:32:26.4542297640	39778	./.venv/lib/python3.13/site-packages/wheel/vendored/packaging/specifiers.py
2025-11-27 22:32:26.4542297640	5268	./.venv/lib/python3.13/site-packages/wheel/vendored/packaging/utils.py
2025-11-27 22:32:26.4542297640	5292	./.venv/lib/python3.13/site-packages/wheel/vendored/packaging/_tokenizer.py
2025-11-27 22:32:26.4542297640	8232	./.venv/lib/python3.13/site-packages/wheel/vendored/packaging/markers.py
2025-11-27 22:32:26.4542297640	82	./.venv/lib/python3.13/site-packages/wheel-0.45.1.dist-info/WHEEL
2025-11-27 22:32:26.4542297640	9588	./.venv/lib/python3.13/site-packages/wheel/vendored/packaging/_manylinux.py
2025-11-27 22:32:26.5142306490	243	./.venv/bin/wheel
2025-11-27 22:32:26.5142306490	4	./.venv/lib/python3.13/site-packages/wheel-0.45.1.dist-info/INSTALLER
2025-11-27 22:32:26.5182307080	0	./.venv/lib/python3.13/site-packages/wheel-0.45.1.dist-info/REQUESTED
2025-11-27 22:32:26.5182307080	4971	./.venv/lib/python3.13/site-packages/wheel-0.45.1.dist-info/RECORD
2025-11-27 22:32:26.5262308260	151	./.venv/lib/python3.13/site-packages/distutils-precedence.pth
2025-11-27 22:32:26.5302308850	0	./.venv/lib/python3.13/site-packages/pkg_resources/py.typed
2025-11-27 22:32:26.5302308850	0	./.venv/lib/python3.13/site-packages/pkg_resources/tests/data/my-test-package-source/setup.cfg
2025-11-27 22:32:26.5302308850	0	./.venv/lib/python3.13/site-packages/pkg_resources/tests/__init__.py
2025-11-27 22:32:26.5302308850	105	./.venv/lib/python3.13/site-packages/pkg_resources/tests/data/my-test-package-source/setup.py
2025-11-27 22:32:26.5302308850	11978	./.venv/lib/python3.13/site-packages/setuptools/_core_metadata.py
2025-11-27 22:32:26.5302308850	12595	./.venv/lib/python3.13/site-packages/pkg_resources/api_tests.txt
2025-11-27 22:32:26.5302308850	126219	./.venv/lib/python3.13/site-packages/pkg_resources/__init__.py
2025-11-27 22:32:26.5302308850	1652	./.venv/lib/python3.13/site-packages/pkg_resources/tests/test_integration_zope_interface.py
2025-11-27 22:32:26.5302308850	17111	./.venv/lib/python3.13/site-packages/pkg_resources/tests/test_pkg_resources.py
2025-11-27 22:32:26.5302308850	1809	./.venv/lib/python3.13/site-packages/pkg_resources/tests/data/my-test-package-zip/my-test-package.zip
2025-11-27 22:32:26.5302308850	187	./.venv/lib/python3.13/site-packages/pkg_resources/tests/data/my-test-package_unpacked-egg/my_test_package-1.0-py3.7.egg/EGG-INFO/PKG-INFO
2025-11-27 22:32:26.5302308850	1972	./.venv/lib/python3.13/site-packages/pkg_resources/tests/test_find_distributions.py
2025-11-27 22:32:26.5302308850	1	./.venv/lib/python3.13/site-packages/pkg_resources/tests/data/my-test-package_unpacked-egg/my_test_package-1.0-py3.7.egg/EGG-INFO/dependency_links.txt
2025-11-27 22:32:26.5302308850	1	./.venv/lib/python3.13/site-packages/pkg_resources/tests/data/my-test-package_unpacked-egg/my_test_package-1.0-py3.7.egg/EGG-INFO/top_level.txt
2025-11-27 22:32:26.5302308850	1	./.venv/lib/python3.13/site-packages/pkg_resources/tests/data/my-test-package_unpacked-egg/my_test_package-1.0-py3.7.egg/EGG-INFO/zip-safe
2025-11-27 22:32:26.5302308850	208	./.venv/lib/python3.13/site-packages/pkg_resources/tests/data/my-test-package_unpacked-egg/my_test_package-1.0-py3.7.egg/EGG-INFO/SOURCES.txt
2025-11-27 22:32:26.5302308850	223	./.venv/lib/python3.13/site-packages/setuptools/_importlib.py
2025-11-27 22:32:26.5302308850	241	./.venv/lib/python3.13/site-packages/pkg_resources/tests/test_markers.py
2025-11-27 22:32:26.5302308850	2435	./.venv/lib/python3.13/site-packages/setuptools/_imp.py
2025-11-27 22:32:26.5302308850	2468	./.venv/lib/python3.13/site-packages/setuptools/_entry_points.py
2025-11-27 22:32:26.5302308850	2976	./.venv/lib/python3.13/site-packages/setuptools/_path.py
2025-11-27 22:32:26.5302308850	31252	./.venv/lib/python3.13/site-packages/pkg_resources/tests/test_resources.py
2025-11-27 22:32:26.5302308850	44	./.venv/lib/python3.13/site-packages/_distutils_hack/override.py
2025-11-27 22:32:26.5302308850	5747	./.venv/lib/python3.13/site-packages/setuptools/_normalization.py
2025-11-27 22:32:26.5302308850	657	./.venv/lib/python3.13/site-packages/setuptools/_itertools.py
2025-11-27 22:32:26.5302308850	6755	./.venv/lib/python3.13/site-packages/_distutils_hack/__init__.py
2025-11-27 22:32:26.5302308850	836	./.venv/lib/python3.13/site-packages/setuptools/_discovery.py
2025-11-27 22:32:26.5302308850	843	./.venv/lib/python3.13/site-packages/pkg_resources/tests/data/my-test-package_zipped-egg/my_test_package-1.0-py3.7.egg
2025-11-27 22:32:26.5302308850	8602	./.venv/lib/python3.13/site-packages/pkg_resources/tests/test_working_set.py
2025-11-27 22:32:26.5302308850	9004	./.venv/lib/python3.13/site-packages/setuptools/__init__.py
2025-11-27 22:32:26.5342309440	11247	./.venv/lib/python3.13/site-packages/setuptools/_scripts.py
2025-11-27 22:32:26.5342309440	11776	./.venv/lib/python3.13/site-packages/setuptools/cli-32.exe
2025-11-27 22:32:26.5342309440	11776	./.venv/lib/python3.13/site-packages/setuptools/cli.exe
2025-11-27 22:32:26.5342309440	11776	./.venv/lib/python3.13/site-packages/setuptools/gui-32.exe
2025-11-27 22:32:26.5342309440	11776	./.venv/lib/python3.13/site-packages/setuptools/gui.exe
2025-11-27 22:32:26.5342309440	1261	./.venv/lib/python3.13/site-packages/setuptools/logging.py
2025-11-27 22:32:26.5342309440	1380	./.venv/lib/python3.13/site-packages/setuptools/_reqs.py
2025-11-27 22:32:26.5342309440	13824	./.venv/lib/python3.13/site-packages/setuptools/cli-arm64.exe
2025-11-27 22:32:26.5342309440	13824	./.venv/lib/python3.13/site-packages/setuptools/gui-arm64.exe
2025-11-27 22:32:26.5342309440	14336	./.venv/lib/python3.13/site-packages/setuptools/cli-64.exe
2025-11-27 22:32:26.5342309440	14336	./.venv/lib/python3.13/site-packages/setuptools/gui-64.exe
2025-11-27 22:32:26.5342309440	1578	./.venv/lib/python3.13/site-packages/setuptools/_shutil.py
2025-11-27 22:32:26.5342309440	19968	./.venv/lib/python3.13/site-packages/setuptools/build_meta.py
2025-11-27 22:32:26.5342309440	21258	./.venv/lib/python3.13/site-packages/setuptools/discovery.py
2025-11-27 22:32:26.5342309440	3024	./.venv/lib/python3.13/site-packages/setuptools/errors.py
2025-11-27 22:32:26.5342309440	3717	./.venv/lib/python3.13/site-packages/setuptools/monkey.py
2025-11-27 22:32:26.5342309440	41631	./.venv/lib/python3.13/site-packages/setuptools/msvc.py
2025-11-27 22:32:26.5342309440	44887	./.venv/lib/python3.13/site-packages/setuptools/dist.py
2025-11-27 22:32:26.5342309440	4855	./.venv/lib/python3.13/site-packages/setuptools/_static.py
2025-11-27 22:32:26.5342309440	5093	./.venv/lib/python3.13/site-packages/setuptools/installer.py
2025-11-27 22:32:26.5342309440	568	./.venv/lib/python3.13/site-packages/setuptools/modified.py
2025-11-27 22:32:26.5342309440	5965	./.venv/lib/python3.13/site-packages/setuptools/depends.py
2025-11-27 22:32:26.5342309440	6062	./.venv/lib/python3.13/site-packages/setuptools/glob.py
2025-11-27 22:32:26.5342309440	6683	./.venv/lib/python3.13/site-packages/setuptools/extension.py
2025-11-27 22:32:26.5342309440	7356	./.venv/lib/python3.13/site-packages/setuptools/archive_util.py
2025-11-27 22:32:26.5342309440	820	./.venv/lib/python3.13/site-packages/setuptools/launch.py
2025-11-27 22:32:26.5382310030	11155	./.venv/lib/python3.13/site-packages/setuptools/_distutils/extension.py
2025-11-27 22:32:26.5382310030	1200	./.venv/lib/python3.13/site-packages/setuptools/_distutils/log.py
2025-11-27 22:32:26.5382310030	12101	./.venv/lib/python3.13/site-packages/setuptools/_distutils/text_file.py
2025-11-27 22:32:26.5382310030	138	./.venv/lib/python3.13/site-packages/setuptools/script.tmpl
2025-11-27 22:32:26.5382310030	139	./.venv/lib/python3.13/site-packages/setuptools/_distutils/debug.py
2025-11-27 22:32:26.5382310030	15337	./.venv/lib/python3.13/site-packages/setuptools/_distutils/filelist.py
2025-11-27 22:32:26.5382310030	161	./.venv/lib/python3.13/site-packages/setuptools/version.py
2025-11-27 22:32:26.5382310030	17895	./.venv/lib/python3.13/site-packages/setuptools/_distutils/fancy_getopt.py
2025-11-27 22:32:26.5382310030	18094	./.venv/lib/python3.13/site-packages/setuptools/_distutils/util.py
2025-11-27 22:32:26.5382310030	19728	./.venv/lib/python3.13/site-packages/setuptools/_distutils/sysconfig.py
2025-11-27 22:32:26.5382310030	212	./.venv/lib/python3.13/site-packages/setuptools/_distutils/unixccompiler.py
2025-11-27 22:32:26.5382310030	218	./.venv/lib/python3.13/site-packages/setuptools/script (dev).tmpl
2025-11-27 22:32:26.5382310030	22186	./.venv/lib/python3.13/site-packages/setuptools/_distutils/cmd.py
2025-11-27 22:32:26.5382310030	239	./.venv/lib/python3.13/site-packages/setuptools/_distutils/_macos_compat.py
2025-11-27 22:32:26.5382310030	3092	./.venv/lib/python3.13/site-packages/setuptools/_distutils/errors.py
2025-11-27 22:32:26.5382310030	3171	./.venv/lib/python3.13/site-packages/setuptools/namespaces.py
2025-11-27 22:32:26.5382310030	3189	./.venv/lib/python3.13/site-packages/setuptools/unicode_utils.py
2025-11-27 22:32:26.5382310030	3211	./.venv/lib/python3.13/site-packages/setuptools/_distutils/_modified.py
2025-11-27 22:32:26.5382310030	335	./.venv/lib/python3.13/site-packages/setuptools/_distutils/_msvccompiler.py
2025-11-27 22:32:26.5382310030	349	./.venv/lib/python3.13/site-packages/setuptools/_distutils/dep_util.py
2025-11-27 22:32:26.5382310030	359	./.venv/lib/python3.13/site-packages/setuptools/_distutils/__init__.py
2025-11-27 22:32:26.5382310030	3796	./.venv/lib/python3.13/site-packages/setuptools/warnings.py
2025-11-27 22:32:26.5382310030	4086	./.venv/lib/python3.13/site-packages/setuptools/_distutils/spawn.py
2025-11-27 22:32:26.5382310030	42	./.venv/lib/python3.13/site-packages/setuptools/_distutils/_log.py
2025-11-27 22:32:26.5382310030	524	./.venv/lib/python3.13/site-packages/setuptools/_distutils/ccompiler.py
2025-11-27 22:32:26.5382310030	55794	./.venv/lib/python3.13/site-packages/setuptools/_distutils/dist.py
2025-11-27 22:32:26.5382310030	594	./.venv/lib/python3.13/site-packages/setuptools/_distutils/cygwinccompiler.py
2025-11-27 22:32:26.5382310030	7236	./.venv/lib/python3.13/site-packages/setuptools/_distutils/dir_util.py
2025-11-27 22:32:26.5382310030	726	./.venv/lib/python3.13/site-packages/setuptools/windows_support.py
2025-11-27 22:32:26.5382310030	7978	./.venv/lib/python3.13/site-packages/setuptools/_distutils/file_util.py
2025-11-27 22:32:26.5382310030	8884	./.venv/lib/python3.13/site-packages/setuptools/_distutils/archive_util.py
2025-11-27 22:32:26.5382310030	9364	./.venv/lib/python3.13/site-packages/setuptools/_distutils/core.py
2025-11-27 22:32:26.5382310030	9477	./.venv/lib/python3.13/site-packages/setuptools/wheel.py
2025-11-27 22:32:26.5422310620	12619	./.venv/lib/python3.13/site-packages/setuptools/_distutils/version.py
2025-11-27 22:32:26.5422310620	12724	./.venv/lib/python3.13/site-packages/setuptools/_distutils/command/config.py
2025-11-27 22:32:26.5422310620	1272	./.venv/lib/python3.13/site-packages/setuptools/_distutils/command/install_headers.py
2025-11-27 22:32:26.5422310620	1609	./.venv/lib/python3.13/site-packages/setuptools/_distutils/command/_framework_compat.py
2025-11-27 22:32:26.5422310620	16696	./.venv/lib/python3.13/site-packages/setuptools/_distutils/command/build_py.py
2025-11-27 22:32:26.5422310620	167	./.venv/lib/python3.13/site-packages/setuptools/_distutils/compat/numpy.py
2025-11-27 22:32:26.5422310620	19151	./.venv/lib/python3.13/site-packages/setuptools/_distutils/command/sdist.py
2025-11-27 22:32:26.5422310620	1964	./.venv/lib/python3.13/site-packages/setuptools/_distutils/compat/py39.py
2025-11-27 22:32:26.5422310620	2002	./.venv/lib/python3.13/site-packages/setuptools/_distutils/command/install_scripts.py
2025-11-27 22:32:26.5422310620	21785	./.venv/lib/python3.13/site-packages/setuptools/_distutils/command/bdist_rpm.py
2025-11-27 22:32:26.5422310620	2644	./.venv/lib/python3.13/site-packages/setuptools/_distutils/command/clean.py
2025-11-27 22:32:26.5422310620	2868	./.venv/lib/python3.13/site-packages/setuptools/_distutils/command/install_egg_info.py
2025-11-27 22:32:26.5422310620	2875	./.venv/lib/python3.13/site-packages/setuptools/_distutils/command/install_data.py
2025-11-27 22:32:26.5422310620	30072	./.venv/lib/python3.13/site-packages/setuptools/_distutils/command/install.py
2025-11-27 22:32:26.5422310620	32710	./.venv/lib/python3.13/site-packages/setuptools/_distutils/command/build_ext.py
2025-11-27 22:32:26.5422310620	386	./.venv/lib/python3.13/site-packages/setuptools/_distutils/command/__init__.py
2025-11-27 22:32:26.5422310620	4631	./.venv/lib/python3.13/site-packages/setuptools/_distutils/command/bdist_dumb.py
2025-11-27 22:32:26.5422310620	4946	./.venv/lib/python3.13/site-packages/setuptools/_distutils/command/check.py
2025-11-27 22:32:26.5422310620	5135	./.venv/lib/python3.13/site-packages/setuptools/_distutils/command/build_scripts.py
2025-11-27 22:32:26.5422310620	5205	./.venv/lib/python3.13/site-packages/setuptools/_distutils/versionpredicate.py
2025-11-27 22:32:26.5422310620	522	./.venv/lib/python3.13/site-packages/setuptools/_distutils/compat/__init__.py
2025-11-27 22:32:26.5422310620	54876	./.venv/lib/python3.13/site-packages/setuptools/_distutils/compilers/C/base.py
2025-11-27 22:32:26.5422310620	5854	./.venv/lib/python3.13/site-packages/setuptools/_distutils/command/bdist.py
2025-11-27 22:32:26.5422310620	58	./.venv/lib/python3.13/site-packages/setuptools/_distutils/zosccompiler.py
2025-11-27 22:32:26.5422310620	5923	./.venv/lib/python3.13/site-packages/setuptools/_distutils/command/build.py
2025-11-27 22:32:26.5422310620	7777	./.venv/lib/python3.13/site-packages/setuptools/_distutils/command/build_clib.py
2025-11-27 22:32:26.5422310620	8588	./.venv/lib/python3.13/site-packages/setuptools/_distutils/command/install_lib.py
2025-11-27 22:32:26.5462311210	10766	./.venv/lib/python3.13/site-packages/setuptools/_distutils/tests/test_filelist.py
2025-11-27 22:32:26.5462311210	11787	./.venv/lib/python3.13/site-packages/setuptools/_distutils/tests/test_archive_util.py
2025-11-27 22:32:26.5462311210	11844	./.venv/lib/python3.13/site-packages/setuptools/_distutils/compilers/C/cygwin.py
2025-11-27 22:32:26.5462311210	1240	./.venv/lib/python3.13/site-packages/setuptools/_distutils/tests/test_clean.py
2025-11-27 22:32:26.5462311210	1396	./.venv/lib/python3.13/site-packages/setuptools/_distutils/tests/test_bdist.py
2025-11-27 22:32:26.5462311210	14642	./.venv/lib/python3.13/site-packages/setuptools/_distutils/compilers/C/tests/test_unix.py
2025-11-27 22:32:26.5462311210	1485	./.venv/lib/python3.13/site-packages/setuptools/_distutils/tests/__init__.py
2025-11-27 22:32:26.5462311210	16531	./.venv/lib/python3.13/site-packages/setuptools/_distutils/compilers/C/unix.py
2025-11-27 22:32:26.5462311210	1742	./.venv/lib/python3.13/site-packages/setuptools/_distutils/tests/test_build.py
2025-11-27 22:32:26.5462311210	18793	./.venv/lib/python3.13/site-packages/setuptools/_distutils/tests/test_dist.py
2025-11-27 22:32:26.5462311210	1900	./.venv/lib/python3.13/site-packages/setuptools/_distutils/compilers/C/tests/test_mingw.py
2025-11-27 22:32:26.5462311210	21404	./.venv/lib/python3.13/site-packages/setuptools/_distutils/compilers/C/msvc.py
2025-11-27 22:32:26.5462311210	2247	./.venv/lib/python3.13/site-packages/setuptools/_distutils/tests/test_bdist_dumb.py
2025-11-27 22:32:26.5462311210	22545	./.venv/lib/python3.13/site-packages/setuptools/_distutils/tests/test_build_ext.py
2025-11-27 22:32:26.5462311210	2464	./.venv/lib/python3.13/site-packages/setuptools/_distutils/tests/test_install_data.py
2025-11-27 22:32:26.5462311210	2664	./.venv/lib/python3.13/site-packages/setuptools/_distutils/tests/test_config_cmd.py
2025-11-27 22:32:26.5462311210	2701	./.venv/lib/python3.13/site-packages/setuptools/_distutils/compilers/C/tests/test_cygwin.py
2025-11-27 22:32:26.5462311210	2706	./.venv/lib/python3.13/site-packages/setuptools/_distutils/compilers/C/tests/test_base.py
2025-11-27 22:32:26.5462311210	2880	./.venv/lib/python3.13/site-packages/setuptools/_distutils/tests/test_build_scripts.py
2025-11-27 22:32:26.5462311210	3254	./.venv/lib/python3.13/site-packages/setuptools/_distutils/tests/test_cmd.py
2025-11-27 22:32:26.5462311210	3522	./.venv/lib/python3.13/site-packages/setuptools/_distutils/tests/test_file_util.py
2025-11-27 22:32:26.5462311210	3612	./.venv/lib/python3.13/site-packages/setuptools/_distutils/tests/test_install_lib.py
2025-11-27 22:32:26.5462311210	3670	./.venv/lib/python3.13/site-packages/setuptools/_distutils/tests/test_extension.py
2025-11-27 22:32:26.5462311210	3829	./.venv/lib/python3.13/site-packages/setuptools/_distutils/tests/test_core.py
2025-11-27 22:32:26.5462311210	3932	./.venv/lib/python3.13/site-packages/setuptools/_distutils/tests/test_bdist_rpm.py
2025-11-27 22:32:26.5462311210	4099	./.venv/lib/python3.13/site-packages/setuptools/_distutils/tests/support.py
2025-11-27 22:32:26.5462311210	4151	./.venv/lib/python3.13/site-packages/setuptools/_distutils/compilers/C/tests/test_msvc.py
2025-11-27 22:32:26.5462311210	4331	./.venv/lib/python3.13/site-packages/setuptools/_distutils/tests/test_build_clib.py
2025-11-27 22:32:26.5462311210	4500	./.venv/lib/python3.13/site-packages/setuptools/_distutils/tests/test_dir_util.py
2025-11-27 22:32:26.5462311210	573	./.venv/lib/python3.13/site-packages/setuptools/_distutils/compilers/C/errors.py
2025-11-27 22:32:26.5462311210	6226	./.venv/lib/python3.13/site-packages/setuptools/_distutils/tests/test_check.py
2025-11-27 22:32:26.5462311210	6586	./.venv/lib/python3.13/site-packages/setuptools/_distutils/compilers/C/zos.py
2025-11-27 22:32:26.5462311210	6882	./.venv/lib/python3.13/site-packages/setuptools/_distutils/tests/test_build_py.py
2025-11-27 22:32:26.5462311210	8618	./.venv/lib/python3.13/site-packages/setuptools/_distutils/tests/test_install.py
2025-11-27 22:32:26.5462311210	936	./.venv/lib/python3.13/site-packages/setuptools/_distutils/tests/test_install_headers.py
2025-11-27 22:32:26.5502311800	0	./.venv/lib/python3.13/site-packages/setuptools/_distutils/tests/compat/__init__.py
2025-11-27 22:32:26.5502311800	0	./.venv/lib/python3.13/site-packages/setuptools/_distutils/tests/test_versionpredicate.py
2025-11-27 22:32:26.5502311800	0	./.venv/lib/python3.13/site-packages/setuptools/_vendor/backports/tarfile/compat/__init__.py
2025-11-27 22:32:26.5502311800	1026	./.venv/lib/python3.13/site-packages/setuptools/_distutils/tests/compat/py39.py
2025-11-27 22:32:26.5502311800	1037	./.venv/lib/python3.13/site-packages/setuptools/_vendor/autocommand/__init__.py
2025-11-27 22:32:26.5502311800	108491	./.venv/lib/python3.13/site-packages/setuptools/_vendor/backports/tarfile/__init__.py
2025-11-27 22:32:26.5502311800	11642	./.venv/lib/python3.13/site-packages/setuptools/_vendor/autocommand/autoparse.py
2025-11-27 22:32:26.5502311800	11986	./.venv/lib/python3.13/site-packages/setuptools/_distutils/tests/test_sysconfig.py
2025-11-27 22:32:26.5502311800	134451	./.venv/lib/python3.13/site-packages/setuptools/_vendor/typing_extensions.py
2025-11-27 22:32:26.5502311800	15062	./.venv/lib/python3.13/site-packages/setuptools/_distutils/tests/test_sdist.py
2025-11-27 22:32:26.5502311800	1600	./.venv/lib/python3.13/site-packages/setuptools/_distutils/tests/test_install_scripts.py
2025-11-27 22:32:26.5502311800	2076	./.venv/lib/python3.13/site-packages/setuptools/_vendor/autocommand/automain.py
2025-11-27 22:32:26.5502311800	2317	./.venv/lib/python3.13/site-packages/setuptools/_vendor/importlib_metadata/_adapters.py
2025-11-27 22:32:26.5502311800	2505	./.venv/lib/python3.13/site-packages/setuptools/_vendor/autocommand/autocommand.py
2025-11-27 22:32:26.5502311800	2750	./.venv/lib/python3.13/site-packages/setuptools/_distutils/tests/test_version.py
2025-11-27 22:32:26.5502311800	323	./.venv/lib/python3.13/site-packages/setuptools/_distutils/tests/test_log.py
2025-11-27 22:32:26.5502311800	33798	./.venv/lib/python3.13/site-packages/setuptools/_vendor/importlib_metadata/__init__.py
2025-11-27 22:32:26.5502311800	3460	./.venv/lib/python3.13/site-packages/setuptools/_distutils/tests/test_text_file.py
2025-11-27 22:32:26.5502311800	386	./.venv/lib/python3.13/site-packages/setuptools/_distutils/tests/unix_compat.py
2025-11-27 22:32:26.5502311800	4221	./.venv/lib/python3.13/site-packages/setuptools/_distutils/tests/test_modified.py
2025-11-27 22:32:26.5502311800	4803	./.venv/lib/python3.13/site-packages/setuptools/_distutils/tests/test_spawn.py
2025-11-27 22:32:26.5502311800	5680	./.venv/lib/python3.13/site-packages/setuptools/_vendor/autocommand/autoasync.py
2025-11-27 22:32:26.5502311800	568	./.venv/lib/python3.13/site-packages/setuptools/_vendor/backports/tarfile/compat/py38.py
2025-11-27 22:32:26.5502311800	59	./.venv/lib/python3.13/site-packages/setuptools/_vendor/backports/tarfile/__main__.py
2025-11-27 22:32:26.5502311800	7988	./.venv/lib/python3.13/site-packages/setuptools/_distutils/tests/test_util.py
2025-11-27 22:32:26.5502311800	81	./.venv/lib/python3.13/site-packages/setuptools/_vendor/backports/__init__.py
2025-11-27 22:32:26.5502311800	886	./.venv/lib/python3.13/site-packages/setuptools/_vendor/autocommand/errors.py
2025-11-27 22:32:26.5542312390	0	./.venv/lib/python3.13/site-packages/setuptools/_vendor/importlib_metadata/compat/__init__.py
2025-11-27 22:32:26.5542312390	0	./.venv/lib/python3.13/site-packages/setuptools/_vendor/importlib_metadata/py.typed
2025-11-27 22:32:26.5542312390	0	./.venv/lib/python3.13/site-packages/setuptools/_vendor/inflect/compat/__init__.py
2025-11-27 22:32:26.5542312390	0	./.venv/lib/python3.13/site-packages/setuptools/_vendor/inflect/py.typed
2025-11-27 22:32:26.5542312390	0	./.venv/lib/python3.13/site-packages/setuptools/_vendor/jaraco/collections/py.typed
2025-11-27 22:32:26.5542312390	0	./.venv/lib/python3.13/site-packages/setuptools/_vendor/jaraco/functools/py.typed
2025-11-27 22:32:26.5542312390	103796	./.venv/lib/python3.13/site-packages/setuptools/_vendor/inflect/__init__.py
2025-11-27 22:32:26.5542312390	1102	./.venv/lib/python3.13/site-packages/setuptools/_vendor/importlib_metadata/compat/py39.py
2025-11-27 22:32:26.5542312390	119	./.venv/lib/python3.13/site-packages/setuptools/_vendor/jaraco/text/to-dvorak.py
2025-11-27 22:32:26.5542312390	119	./.venv/lib/python3.13/site-packages/setuptools/_vendor/jaraco/text/to-qwerty.py
2025-11-27 22:32:26.5542312390	1314	./.venv/lib/python3.13/site-packages/setuptools/_vendor/importlib_metadata/_compat.py
2025-11-27 22:32:26.5542312390	1335	./.venv/lib/python3.13/site-packages/setuptools/_vendor/jaraco/text/Lorem ipsum.txt
2025-11-27 22:32:26.5542312390	149	./.venv/lib/python3.13/site-packages/setuptools/_vendor/more_itertools/__init__.py
2025-11-27 22:32:26.5542312390	160	./.venv/lib/python3.13/site-packages/setuptools/_vendor/inflect/compat/py38.py
2025-11-27 22:32:26.5542312390	16250	./.venv/lib/python3.13/site-packages/setuptools/_vendor/jaraco/text/__init__.py
2025-11-27 22:32:26.5542312390	16642	./.venv/lib/python3.13/site-packages/setuptools/_vendor/jaraco/functools/__init__.py
2025-11-27 22:32:26.5542312390	1801	./.venv/lib/python3.13/site-packages/setuptools/_vendor/importlib_metadata/_meta.py
2025-11-27 22:32:26.5542312390	2068	./.venv/lib/python3.13/site-packages/setuptools/_vendor/importlib_metadata/_itertools.py
2025-11-27 22:32:26.5542312390	2166	./.venv/lib/python3.13/site-packages/setuptools/_vendor/importlib_metadata/_text.py
2025-11-27 22:32:26.5542312390	26640	./.venv/lib/python3.13/site-packages/setuptools/_vendor/jaraco/collections/__init__.py
2025-11-27 22:32:26.5542312390	2895	./.venv/lib/python3.13/site-packages/setuptools/_vendor/importlib_metadata/_functools.py
2025-11-27 22:32:26.5542312390	379	./.venv/lib/python3.13/site-packages/setuptools/_vendor/importlib_metadata/diagnose.py
2025-11-27 22:32:26.5542312390	3878	./.venv/lib/python3.13/site-packages/setuptools/_vendor/jaraco/functools/__init__.pyi
2025-11-27 22:32:26.5542312390	412	./.venv/lib/python3.13/site-packages/setuptools/_vendor/jaraco/text/strip-prefix.py
2025-11-27 22:32:26.5542312390	43	./.venv/lib/python3.13/site-packages/setuptools/_vendor/more_itertools/__init__.pyi
2025-11-27 22:32:26.5542312390	608	./.venv/lib/python3.13/site-packages/setuptools/_vendor/importlib_metadata/compat/py311.py
2025-11-27 22:32:26.5542312390	643	./.venv/lib/python3.13/site-packages/setuptools/_vendor/jaraco/text/layouts.py
2025-11-27 22:32:26.5542312390	743	./.venv/lib/python3.13/site-packages/setuptools/_vendor/importlib_metadata/_collections.py
2025-11-27 22:32:26.5542312390	904	./.venv/lib/python3.13/site-packages/setuptools/_vendor/jaraco/text/show-newlines.py
2025-11-27 22:32:26.5542312390	9552	./.venv/lib/python3.13/site-packages/setuptools/_vendor/jaraco/context.py
2025-11-27 22:32:26.5582312980	0	./.venv/lib/python3.13/site-packages/setuptools/_vendor/more_itertools/py.typed
2025-11-27 22:32:26.5582312980	0	./.venv/lib/python3.13/site-packages/setuptools/_vendor/packaging/py.typed
2025-11-27 22:32:26.5582312980	10236	./.venv/lib/python3.13/site-packages/setuptools/_vendor/packaging/_parser.py
2025-11-27 22:32:26.5582312980	10561	./.venv/lib/python3.13/site-packages/setuptools/_vendor/packaging/markers.py
2025-11-27 22:32:26.5582312980	1431	./.venv/lib/python3.13/site-packages/setuptools/_vendor/packaging/_structures.py
2025-11-27 22:32:26.5582312980	148370	./.venv/lib/python3.13/site-packages/setuptools/_vendor/more_itertools/more.py
2025-11-27 22:32:26.5582312980	1493	./.venv/lib/python3.13/site-packages/setuptools/_vendor/platformdirs/__main__.py
2025-11-27 22:32:26.5582312980	16676	./.venv/lib/python3.13/site-packages/setuptools/_vendor/packaging/version.py
2025-11-27 22:32:26.5582312980	21014	./.venv/lib/python3.13/site-packages/setuptools/_vendor/packaging/tags.py
2025-11-27 22:32:26.5582312980	21484	./.venv/lib/python3.13/site-packages/setuptools/_vendor/more_itertools/more.pyi
2025-11-27 22:32:26.5582312980	22225	./.venv/lib/python3.13/site-packages/setuptools/_vendor/platformdirs/__init__.py
2025-11-27 22:32:26.5582312980	2694	./.venv/lib/python3.13/site-packages/setuptools/_vendor/packaging/_musllinux.py
2025-11-27 22:32:26.5582312980	28591	./.venv/lib/python3.13/site-packages/setuptools/_vendor/more_itertools/recipes.py
2025-11-27 22:32:26.5582312980	2947	./.venv/lib/python3.13/site-packages/setuptools/_vendor/packaging/requirements.py
2025-11-27 22:32:26.5582312980	3306	./.venv/lib/python3.13/site-packages/setuptools/_vendor/packaging/_elffile.py
2025-11-27 22:32:26.5582312980	34762	./.venv/lib/python3.13/site-packages/setuptools/_vendor/packaging/metadata.py
2025-11-27 22:32:26.5582312980	40074	./.venv/lib/python3.13/site-packages/setuptools/_vendor/packaging/specifiers.py
2025-11-27 22:32:26.5582312980	4617	./.venv/lib/python3.13/site-packages/setuptools/_vendor/more_itertools/recipes.pyi
2025-11-27 22:32:26.5582312980	48398	./.venv/lib/python3.13/site-packages/setuptools/_vendor/packaging/licenses/_spdx.py
2025-11-27 22:32:26.5582312980	494	./.venv/lib/python3.13/site-packages/setuptools/_vendor/packaging/__init__.py
2025-11-27 22:32:26.5582312980	5050	./.venv/lib/python3.13/site-packages/setuptools/_vendor/packaging/utils.py
2025-11-27 22:32:26.5582312980	5273	./.venv/lib/python3.13/site-packages/setuptools/_vendor/packaging/_tokenizer.py
2025-11-27 22:32:26.5582312980	5715	./.venv/lib/python3.13/site-packages/setuptools/_vendor/packaging/licenses/__init__.py
2025-11-27 22:32:26.5582312980	8996	./.venv/lib/python3.13/site-packages/setuptools/_vendor/platformdirs/api.py
2025-11-27 22:32:26.5582312980	9016	./.venv/lib/python3.13/site-packages/setuptools/_vendor/platformdirs/android.py
2025-11-27 22:32:26.5582312980	9612	./.venv/lib/python3.13/site-packages/setuptools/_vendor/packaging/_manylinux.py
2025-11-27 22:32:26.5622313570	0	./.venv/lib/python3.13/site-packages/setuptools/_vendor/platformdirs/py.typed
2025-11-27 22:32:26.5622313570	0	./.venv/lib/python3.13/site-packages/setuptools/_vendor/typeguard/py.typed
2025-11-27 22:32:26.5622313570	10125	./.venv/lib/python3.13/site-packages/setuptools/_vendor/platformdirs/windows.py
2025-11-27 22:32:26.5622313570	10393	./.venv/lib/python3.13/site-packages/setuptools/_vendor/typeguard/_functions.py
2025-11-27 22:32:26.5622313570	10643	./.venv/lib/python3.13/site-packages/setuptools/_vendor/platformdirs/unix.py
2025-11-27 22:32:26.5622313570	1089	./.venv/lib/python3.13/site-packages/setuptools/_vendor/platformdirs-4.2.2.dist-info/licenses/LICENSE
2025-11-27 22:32:26.5622313570	1107	./.venv/lib/python3.13/site-packages/setuptools/_vendor/wheel/bdist_wheel.py
2025-11-27 22:32:26.5622313570	1121	./.venv/lib/python3.13/site-packages/setuptools/_vendor/typeguard/_exceptions.py
2025-11-27 22:32:26.5622313570	1303	./.venv/lib/python3.13/site-packages/setuptools/_vendor/typeguard/_memo.py
2025-11-27 22:32:26.5622313570	1354	./.venv/lib/python3.13/site-packages/setuptools/_vendor/typeguard/_union_transformer.py
2025-11-27 22:32:26.5622313570	16572	./.venv/lib/python3.13/site-packages/setuptools/_vendor/wheel/macosx_libfile.py
2025-11-27 22:32:26.5622313570	2071	./.venv/lib/python3.13/site-packages/setuptools/_vendor/typeguard/__init__.py
2025-11-27 22:32:26.5622313570	21694	./.venv/lib/python3.13/site-packages/setuptools/_vendor/wheel/_bdist_wheel.py
2025-11-27 22:32:26.5622313570	22633	./.venv/lib/python3.13/site-packages/setuptools/_vendor/tomli/_parser.py
2025-11-27 22:32:26.5622313570	2266	./.venv/lib/python3.13/site-packages/setuptools/_vendor/typeguard/_suppression.py
2025-11-27 22:32:26.5622313570	254	./.venv/lib/python3.13/site-packages/setuptools/_vendor/tomli/_types.py
2025-11-27 22:32:26.5622313570	26	./.venv/lib/python3.13/site-packages/setuptools/_vendor/tomli/py.typed
2025-11-27 22:32:26.5622313570	2846	./.venv/lib/python3.13/site-packages/setuptools/_vendor/typeguard/_config.py
2025-11-27 22:32:26.5622313570	2943	./.venv/lib/python3.13/site-packages/setuptools/_vendor/tomli/_re.py
2025-11-27 22:32:26.5622313570	31360	./.venv/lib/python3.13/site-packages/setuptools/_vendor/typeguard/_checkers.py
2025-11-27 22:32:26.5622313570	396	./.venv/lib/python3.13/site-packages/setuptools/_vendor/tomli/__init__.py
2025-11-27 22:32:26.5622313570	411	./.venv/lib/python3.13/site-packages/setuptools/_vendor/platformdirs/version.py
2025-11-27 22:32:26.5622313570	423	./.venv/lib/python3.13/site-packages/setuptools/_vendor/wheel/util.py
2025-11-27 22:32:26.5622313570	4416	./.venv/lib/python3.13/site-packages/setuptools/_vendor/typeguard/_pytest_plugin.py
2025-11-27 22:32:26.5622313570	44937	./.venv/lib/python3.13/site-packages/setuptools/_vendor/typeguard/_transformer.py
2025-11-27 22:32:26.5622313570	455	./.venv/lib/python3.13/site-packages/setuptools/_vendor/wheel/__main__.py
2025-11-27 22:32:26.5622313570	5270	./.venv/lib/python3.13/site-packages/setuptools/_vendor/typeguard/_utils.py
2025-11-27 22:32:26.5622313570	5580	./.venv/lib/python3.13/site-packages/setuptools/_vendor/platformdirs/macos.py
2025-11-27 22:32:26.5622313570	59	./.venv/lib/python3.13/site-packages/setuptools/_vendor/wheel/__init__.py
2025-11-27 22:32:26.5622313570	6171	./.venv/lib/python3.13/site-packages/setuptools/_vendor/wheel/metadata.py
2025-11-27 22:32:26.5622313570	6389	./.venv/lib/python3.13/site-packages/setuptools/_vendor/typeguard/_importhook.py
2025-11-27 22:32:26.5622313570	781	./.venv/lib/python3.13/site-packages/setuptools/_vendor/wheel/_setuptools_logging.py
2025-11-27 22:32:26.5622313570	8411	./.venv/lib/python3.13/site-packages/setuptools/_vendor/wheel/wheelfile.py
2025-11-27 22:32:26.5622313570	9033	./.venv/lib/python3.13/site-packages/setuptools/_vendor/typeguard/_decorators.py
2025-11-27 22:32:26.5662314160	0	./.venv/lib/python3.13/site-packages/setuptools/_vendor/wheel/vendored/__init__.py
2025-11-27 22:32:26.5662314160	0	./.venv/lib/python3.13/site-packages/setuptools/_vendor/wheel/vendored/packaging/__init__.py
2025-11-27 22:32:26.5662314160	0	./.venv/lib/python3.13/site-packages/setuptools/_vendor/zipp/compat/__init__.py
2025-11-27 22:32:26.5662314160	10174	./.venv/lib/python3.13/site-packages/setuptools/_vendor/wheel/vendored/packaging/LICENSE.APACHE
2025-11-27 22:32:26.5662314160	1021	./.venv/lib/python3.13/site-packages/setuptools/_vendor/wheel/cli/unpack.py
2025-11-27 22:32:26.5662314160	10347	./.venv/lib/python3.13/site-packages/setuptools/_vendor/wheel/vendored/packaging/_parser.py
2025-11-27 22:32:26.5662314160	12634	./.venv/lib/python3.13/site-packages/setuptools/_vendor/wheel/cli/convert.py
2025-11-27 22:32:26.5662314160	13412	./.venv/lib/python3.13/site-packages/setuptools/_vendor/zipp/__init__.py
2025-11-27 22:32:26.5662314160	1344	./.venv/lib/python3.13/site-packages/setuptools/_vendor/wheel/vendored/packaging/LICENSE.BSD
2025-11-27 22:32:26.5662314160	1431	./.venv/lib/python3.13/site-packages/setuptools/_vendor/wheel/vendored/packaging/_structures.py
2025-11-27 22:32:26.5662314160	1435	./.venv/lib/python3.13/site-packages/setuptools/command/bdist_rpm.py
2025-11-27 22:32:26.5662314160	16234	./.venv/lib/python3.13/site-packages/setuptools/_vendor/wheel/vendored/packaging/version.py
2025-11-27 22:32:26.5662314160	16948	./.venv/lib/python3.13/site-packages/setuptools/command/bdist_egg.py
2025-11-27 22:32:26.5662314160	16	./.venv/lib/python3.13/site-packages/setuptools/_vendor/wheel/vendored/vendor.txt
2025-11-27 22:32:26.5662314160	18950	./.venv/lib/python3.13/site-packages/setuptools/_vendor/wheel/vendored/packaging/tags.py
2025-11-27 22:32:26.5662314160	197	./.venv/lib/python3.13/site-packages/setuptools/_vendor/wheel/vendored/packaging/LICENSE
2025-11-27 22:32:26.5662314160	219	./.venv/lib/python3.13/site-packages/setuptools/_vendor/zipp/compat/py310.py
2025-11-27 22:32:26.5662314160	2380	./.venv/lib/python3.13/site-packages/setuptools/command/alias.py
2025-11-27 22:32:26.5662314160	2674	./.venv/lib/python3.13/site-packages/setuptools/_vendor/wheel/vendored/packaging/_musllinux.py
2025-11-27 22:32:26.5662314160	2933	./.venv/lib/python3.13/site-packages/setuptools/_vendor/wheel/vendored/packaging/requirements.py
2025-11-27 22:32:26.5662314160	3082	./.venv/lib/python3.13/site-packages/setuptools/_vendor/zipp/glob.py
2025-11-27 22:32:26.5662314160	3103	./.venv/lib/python3.13/site-packages/setuptools/_vendor/wheel/cli/pack.py
2025-11-27 22:32:26.5662314160	3266	./.venv/lib/python3.13/site-packages/setuptools/_vendor/wheel/vendored/packaging/_elffile.py
2025-11-27 22:32:26.5662314160	39778	./.venv/lib/python3.13/site-packages/setuptools/_vendor/wheel/vendored/packaging/specifiers.py
2025-11-27 22:32:26.5662314160	4228	./.venv/lib/python3.13/site-packages/setuptools/command/_requirestxt.py
2025-11-27 22:32:26.5662314160	4402	./.venv/lib/python3.13/site-packages/setuptools/_vendor/wheel/cli/__init__.py
2025-11-27 22:32:26.5662314160	4760	./.venv/lib/python3.13/site-packages/setuptools/_vendor/wheel/cli/tags.py
2025-11-27 22:32:26.5662314160	5268	./.venv/lib/python3.13/site-packages/setuptools/_vendor/wheel/vendored/packaging/utils.py
2025-11-27 22:32:26.5662314160	5292	./.venv/lib/python3.13/site-packages/setuptools/_vendor/wheel/vendored/packaging/_tokenizer.py
2025-11-27 22:32:26.5662314160	803	./.venv/lib/python3.13/site-packages/setuptools/command/__init__.py
2025-11-27 22:32:26.5662314160	8232	./.venv/lib/python3.13/site-packages/setuptools/_vendor/wheel/vendored/packaging/markers.py
2025-11-27 22:32:26.5662314160	9588	./.venv/lib/python3.13/site-packages/setuptools/_vendor/wheel/vendored/packaging/_manylinux.py
2025-11-27 22:32:26.5702314750	0	./.venv/lib/python3.13/site-packages/setuptools/compat/__init__.py
2025-11-27 22:32:26.5702314750	1343	./.venv/lib/python3.13/site-packages/setuptools/command/test.py
2025-11-27 22:32:26.5702314750	1499	./.venv/lib/python3.13/site-packages/setuptools/config/__init__.py
2025-11-27 22:32:26.5702314750	15539	./.venv/lib/python3.13/site-packages/setuptools/command/build_py.py
2025-11-27 22:32:26.5702314750	16041	./.venv/lib/python3.13/site-packages/setuptools/config/expand.py
2025-11-27 22:32:26.5702314750	16071	./.venv/lib/python3.13/site-packages/setuptools/config/setuptools.schema.json
2025-11-27 22:32:26.5702314750	1610	./.venv/lib/python3.13/site-packages/setuptools/command/develop.py
2025-11-27 22:32:26.5702314750	18320	./.venv/lib/python3.13/site-packages/setuptools/config/pyprojecttoml.py
2025-11-27 22:32:26.5702314750	18465	./.venv/lib/python3.13/site-packages/setuptools/command/build_ext.py
2025-11-27 22:32:26.5702314750	19120	./.venv/lib/python3.13/site-packages/setuptools/config/_apply_pyprojecttoml.py
2025-11-27 22:32:26.5702314750	2075	./.venv/lib/python3.13/site-packages/setuptools/command/install_egg_info.py
2025-11-27 22:32:26.5702314750	2187	./.venv/lib/python3.13/site-packages/setuptools/command/rotate.py
2025-11-27 22:32:26.5702314750	22247	./.venv/lib/python3.13/site-packages/setuptools/command/bdist_wheel.py
2025-11-27 22:32:26.5702314750	2490	./.venv/lib/python3.13/site-packages/setuptools/command/install_scripts.py
2025-11-27 22:32:26.5702314750	25878	./.venv/lib/python3.13/site-packages/setuptools/command/egg_info.py
2025-11-27 22:32:26.5702314750	26575	./.venv/lib/python3.13/site-packages/setuptools/config/setupcfg.py
2025-11-27 22:32:26.5702314750	344	./.venv/lib/python3.13/site-packages/setuptools/compat/py310.py
2025-11-27 22:32:26.5702314750	3450	./.venv/lib/python3.13/site-packages/setuptools/command/dist_info.py
2025-11-27 22:32:26.5702314750	34836	./.venv/lib/python3.13/site-packages/setuptools/command/editable_wheel.py
2025-11-27 22:32:26.5702314750	366	./.venv/lib/python3.13/site-packages/setuptools/compat/py312.py
2025-11-27 22:32:26.5702314750	4319	./.venv/lib/python3.13/site-packages/setuptools/command/install_lib.py
2025-11-27 22:32:26.5702314750	4528	./.venv/lib/python3.13/site-packages/setuptools/command/build_clib.py
2025-11-27 22:32:26.5702314750	493	./.venv/lib/python3.13/site-packages/setuptools/compat/py39.py
2025-11-27 22:32:26.5702314750	493	./.venv/lib/python3.13/site-packages/setuptools/config/NOTICE
2025-11-27 22:32:26.5702314750	5066	./.venv/lib/python3.13/site-packages/setuptools/command/install.py
2025-11-27 22:32:26.5702314750	5100	./.venv/lib/python3.13/site-packages/setuptools/command/setopt.py
2025-11-27 22:32:26.5702314750	6052	./.venv/lib/python3.13/site-packages/setuptools/command/build.py
2025-11-27 22:32:26.5702314750	628	./.venv/lib/python3.13/site-packages/setuptools/command/launcher manifest.xml
2025-11-27 22:32:26.5702314750	692	./.venv/lib/python3.13/site-packages/setuptools/command/saveopts.py
2025-11-27 22:32:26.5702314750	7369	./.venv/lib/python3.13/site-packages/setuptools/command/sdist.py
2025-11-27 22:32:26.5702314750	780	./.venv/lib/python3.13/site-packages/setuptools/command/easy_install.py
2025-11-27 22:32:26.5702314750	790	./.venv/lib/python3.13/site-packages/setuptools/compat/py311.py
2025-11-27 22:32:26.5702314750	972	./.venv/lib/python3.13/site-packages/setuptools/config/distutils.schema.json
2025-11-27 22:32:26.5742315340	10099	./.venv/lib/python3.13/site-packages/setuptools/tests/test_build_ext.py
2025-11-27 22:32:26.5742315340	1042	./.venv/lib/python3.13/site-packages/setuptools/config/_validate_pyproject/__init__.py
2025-11-27 22:32:26.5742315340	11705	./.venv/lib/python3.13/site-packages/setuptools/tests/fixtures.py
2025-11-27 22:32:26.5742315340	11813	./.venv/lib/python3.13/site-packages/setuptools/config/_validate_pyproject/error_reporting.py
2025-11-27 22:32:26.5742315340	13564	./.venv/lib/python3.13/site-packages/setuptools/config/_validate_pyproject/formats.py
2025-11-27 22:32:26.5742315340	14186	./.venv/lib/python3.13/site-packages/setuptools/tests/test_build_py.py
2025-11-27 22:32:26.5742315340	1612	./.venv/lib/python3.13/site-packages/setuptools/config/_validate_pyproject/fastjsonschema_exceptions.py
2025-11-27 22:32:26.5742315340	18737	./.venv/lib/python3.13/site-packages/setuptools/config/_validate_pyproject/NOTICE
2025-11-27 22:32:26.5742315340	18	./.venv/lib/python3.13/site-packages/setuptools/tests/script-with-bom.py
2025-11-27 22:32:26.5742315340	1957	./.venv/lib/python3.13/site-packages/setuptools/tests/test_bdist_egg.py
2025-11-27 22:32:26.5742315340	20881	./.venv/lib/python3.13/site-packages/setuptools/tests/test_core_metadata.py
2025-11-27 22:32:26.5742315340	22580	./.venv/lib/python3.13/site-packages/setuptools/tests/test_config_discovery.py
2025-11-27 22:32:26.5742315340	22	./.venv/lib/python3.13/site-packages/setuptools/tests/mod_with_constant.py
2025-11-27 22:32:26.5742315340	23083	./.venv/lib/python3.13/site-packages/setuptools/tests/test_bdist_wheel.py
2025-11-27 22:32:26.5742315340	2774	./.venv/lib/python3.13/site-packages/setuptools/tests/namespaces.py
2025-11-27 22:32:26.5742315340	2858	./.venv/lib/python3.13/site-packages/setuptools/config/_validate_pyproject/extra_validations.py
2025-11-27 22:32:26.5742315340	3102	./.venv/lib/python3.13/site-packages/setuptools/tests/environment.py
2025-11-27 22:32:26.5742315340	3123	./.venv/lib/python3.13/site-packages/setuptools/tests/test_build_clib.py
2025-11-27 22:32:26.5742315340	3166	./.venv/lib/python3.13/site-packages/setuptools/tests/contexts.py
2025-11-27 22:32:26.5742315340	33289	./.venv/lib/python3.13/site-packages/setuptools/tests/test_build_meta.py
2025-11-27 22:32:26.5742315340	335	./.venv/lib/python3.13/site-packages/setuptools/tests/__init__.py
2025-11-27 22:32:26.5742315340	354682	./.venv/lib/python3.13/site-packages/setuptools/config/_validate_pyproject/fastjsonschema_validations.py
2025-11-27 22:32:26.5742315340	424	./.venv/lib/python3.13/site-packages/setuptools/tests/test_depends.py
2025-11-27 22:32:26.5742315340	775	./.venv/lib/python3.13/site-packages/setuptools/tests/test_bdist_deprecations.py
2025-11-27 22:32:26.5742315340	798	./.venv/lib/python3.13/site-packages/setuptools/tests/test_build.py
2025-11-27 22:32:26.5742315340	845	./.venv/lib/python3.13/site-packages/setuptools/tests/test_archive_util.py
2025-11-27 22:32:26.5782315930	0	./.venv/lib/python3.13/site-packages/setuptools/tests/compat/__init__.py
2025-11-27 22:32:26.5782315930	0	./.venv/lib/python3.13/site-packages/setuptools/tests/config/__init__.py
2025-11-27 22:32:26.5782315930	123	./.venv/lib/python3.13/site-packages/setuptools/tests/text.py
2025-11-27 22:32:26.5782315930	12406	./.venv/lib/python3.13/site-packages/setuptools/tests/config/test_pyprojecttoml.py
2025-11-27 22:32:26.5782315930	135	./.venv/lib/python3.13/site-packages/setuptools/tests/compat/py39.py
2025-11-27 22:32:26.5782315930	1365	./.venv/lib/python3.13/site-packages/setuptools/tests/test_setopt.py
2025-11-27 22:32:26.5782315930	18562	./.venv/lib/python3.13/site-packages/setuptools/tests/test_manifest.py
2025-11-27 22:32:26.5782315930	18752	./.venv/lib/python3.13/site-packages/setuptools/tests/test_wheel.py
2025-11-27 22:32:26.5782315930	1912	./.venv/lib/python3.13/site-packages/setuptools/tests/config/setupcfg_examples.txt
2025-11-27 22:32:26.5782315930	2099	./.venv/lib/python3.13/site-packages/setuptools/tests/test_logging.py
2025-11-27 22:32:26.5782315930	2404	./.venv/lib/python3.13/site-packages/setuptools/tests/test_find_py_modules.py
2025-11-27 22:32:26.5782315930	28807	./.venv/lib/python3.13/site-packages/setuptools/tests/config/test_apply_pyprojecttoml.py
2025-11-27 22:32:26.5782315930	296	./.venv/lib/python3.13/site-packages/setuptools/tests/test_extern.py
2025-11-27 22:32:26.5782315930	3072	./.venv/lib/python3.13/site-packages/setuptools/tests/test_develop.py
2025-11-27 22:32:26.5782315930	316	./.venv/lib/python3.13/site-packages/setuptools/tests/test_unicode_utils.py
2025-11-27 22:32:26.5782315930	3271	./.venv/lib/python3.13/site-packages/setuptools/tests/config/test_pyprojecttoml_dynamic_deps.py
2025-11-27 22:32:26.5782315930	32872	./.venv/lib/python3.13/site-packages/setuptools/tests/test_sdist.py
2025-11-27 22:32:26.5782315930	3347	./.venv/lib/python3.13/site-packages/setuptools/tests/test_warnings.py
2025-11-27 22:32:26.5782315930	3433	./.venv/lib/python3.13/site-packages/setuptools/tests/test_install_scripts.py
2025-11-27 22:32:26.5782315930	3730	./.venv/lib/python3.13/site-packages/setuptools/tests/test_virtualenv.py
2025-11-27 22:32:26.5782315930	379	./.venv/lib/python3.13/site-packages/setuptools/tests/test_scripts.py
2025-11-27 22:32:26.5782315930	42619	./.venv/lib/python3.13/site-packages/setuptools/tests/test_editable_install.py
2025-11-27 22:32:26.5782315930	44941	./.venv/lib/python3.13/site-packages/setuptools/tests/test_egg_info.py
2025-11-27 22:32:26.5782315930	4515	./.venv/lib/python3.13/site-packages/setuptools/tests/test_namespaces.py
2025-11-27 22:32:26.5782315930	4988	./.venv/lib/python3.13/site-packages/setuptools/tests/test_dist_info.py
2025-11-27 22:32:26.5782315930	5987	./.venv/lib/python3.13/site-packages/setuptools/tests/test_distutils_adoption.py
2025-11-27 22:32:26.5782315930	641	./.venv/lib/python3.13/site-packages/setuptools/tests/test_shutil_wrapper.py
2025-11-27 22:32:26.5782315930	7819	./.venv/lib/python3.13/site-packages/setuptools/tests/test_find_packages.py
2025-11-27 22:32:26.5782315930	7868	./.venv/lib/python3.13/site-packages/setuptools/tests/test_windows_wrappers.py
2025-11-27 22:32:26.5782315930	887	./.venv/lib/python3.13/site-packages/setuptools/tests/test_glob.py
2025-11-27 22:32:26.5782315930	8893	./.venv/lib/python3.13/site-packages/setuptools/tests/test_dist.py
2025-11-27 22:32:26.5782315930	8933	./.venv/lib/python3.13/site-packages/setuptools/tests/config/test_expand.py
2025-11-27 22:32:26.5782315930	9008	./.venv/lib/python3.13/site-packages/setuptools/tests/test_setuptools.py
2025-11-27 22:32:26.5782315930	98	./.venv/lib/python3.13/site-packages/setuptools/tests/textwrap.py
2025-11-27 22:32:26.5822316520	0	./.venv/lib/python3.13/site-packages/setuptools/tests/integration/__init__.py
2025-11-27 22:32:26.5822316520	0	./.venv/lib/python3.13/site-packages/setuptools/_vendor/backports.tarfile-1.2.0.dist-info/REQUESTED
2025-11-27 22:32:26.5822316520	0	./.venv/lib/python3.13/site-packages/setuptools/_vendor/importlib_metadata-8.0.0.dist-info/REQUESTED
2025-11-27 22:32:26.5822316520	1023	./.venv/lib/python3.13/site-packages/setuptools-80.9.0.dist-info/licenses/LICENSE
2025-11-27 22:32:26.5822316520	1023	./.venv/lib/python3.13/site-packages/setuptools/_vendor/backports.tarfile-1.2.0.dist-info/LICENSE
2025-11-27 22:32:26.5822316520	1023	./.venv/lib/python3.13/site-packages/setuptools/_vendor/inflect-7.3.1.dist-info/LICENSE
2025-11-27 22:32:26.5822316520	10	./.venv/lib/python3.13/site-packages/setuptools/_vendor/backports.tarfile-1.2.0.dist-info/top_level.txt
2025-11-27 22:32:26.5822316520	11358	./.venv/lib/python3.13/site-packages/setuptools/_vendor/importlib_metadata-8.0.0.dist-info/LICENSE
2025-11-27 22:32:26.5822316520	12	./.venv/lib/python3.13/site-packages/setuptools/_vendor/autocommand-2.2.2.dist-info/top_level.txt
2025-11-27 22:32:26.5822316520	1308	./.venv/lib/python3.13/site-packages/setuptools/_vendor/autocommand-2.2.2.dist-info/RECORD
2025-11-27 22:32:26.5822316520	1360	./.venv/lib/python3.13/site-packages/setuptools/_vendor/backports.tarfile-1.2.0.dist-info/RECORD
2025-11-27 22:32:26.5822316520	15006	./.venv/lib/python3.13/site-packages/setuptools/_vendor/autocommand-2.2.2.dist-info/METADATA
2025-11-27 22:32:26.5822316520	174	./.venv/lib/python3.13/site-packages/setuptools/tests/indexes/test_links_priority/simple/foobar/index.html
2025-11-27 22:32:26.5822316520	1827	./.venv/lib/python3.13/site-packages/setuptools/tests/config/downloads/__init__.py
2025-11-27 22:32:26.5822316520	19	./.venv/lib/python3.13/site-packages/setuptools/_vendor/importlib_metadata-8.0.0.dist-info/top_level.txt
2025-11-27 22:32:26.5822316520	2020	./.venv/lib/python3.13/site-packages/setuptools/_vendor/backports.tarfile-1.2.0.dist-info/METADATA
2025-11-27 22:32:26.5822316520	21079	./.venv/lib/python3.13/site-packages/setuptools/_vendor/inflect-7.3.1.dist-info/METADATA
2025-11-27 22:32:26.5822316520	2449	./.venv/lib/python3.13/site-packages/setuptools-80.9.0.dist-info/entry_points.txt
2025-11-27 22:32:26.5822316520	2518	./.venv/lib/python3.13/site-packages/setuptools/_vendor/importlib_metadata-8.0.0.dist-info/RECORD
2025-11-27 22:32:26.5822316520	2522	./.venv/lib/python3.13/site-packages/setuptools/tests/integration/helpers.py
2025-11-27 22:32:26.5822316520	33427	./.venv/lib/python3.13/site-packages/setuptools/tests/config/test_setupcfg.py
2025-11-27 22:32:26.5822316520	41	./.venv/lib/python3.13/site-packages/setuptools-80.9.0.dist-info/top_level.txt
2025-11-27 22:32:26.5822316520	432	./.venv/lib/python3.13/site-packages/setuptools/tests/integration/test_pbr.py
2025-11-27 22:32:26.5822316520	450	./.venv/lib/python3.13/site-packages/setuptools/tests/config/downloads/preload.py
2025-11-27 22:32:26.5822316520	4648	./.venv/lib/python3.13/site-packages/setuptools/_vendor/importlib_metadata-8.0.0.dist-info/METADATA
2025-11-27 22:32:26.5822316520	4	./.venv/lib/python3.13/site-packages/setuptools/_vendor/autocommand-2.2.2.dist-info/INSTALLER
2025-11-27 22:32:26.5822316520	4	./.venv/lib/python3.13/site-packages/setuptools/_vendor/backports.tarfile-1.2.0.dist-info/INSTALLER
2025-11-27 22:32:26.5822316520	4	./.venv/lib/python3.13/site-packages/setuptools/_vendor/importlib_metadata-8.0.0.dist-info/INSTALLER
2025-11-27 22:32:26.5822316520	4	./.venv/lib/python3.13/site-packages/setuptools/_vendor/inflect-7.3.1.dist-info/INSTALLER
2025-11-27 22:32:26.5822316520	6572	./.venv/lib/python3.13/site-packages/setuptools-80.9.0.dist-info/METADATA
2025-11-27 22:32:26.5822316520	7634	./.venv/lib/python3.13/site-packages/setuptools/_vendor/autocommand-2.2.2.dist-info/LICENSE
2025-11-27 22:32:26.5822316520	8256	./.venv/lib/python3.13/site-packages/setuptools/tests/integration/test_pip_install_sdist.py
2025-11-27 22:32:26.5822316520	91	./.venv/lib/python3.13/site-packages/setuptools-80.9.0.dist-info/WHEEL
2025-11-27 22:32:26.5822316520	91	./.venv/lib/python3.13/site-packages/setuptools/_vendor/importlib_metadata-8.0.0.dist-info/WHEEL
2025-11-27 22:32:26.5822316520	91	./.venv/lib/python3.13/site-packages/setuptools/_vendor/inflect-7.3.1.dist-info/WHEEL
2025-11-27 22:32:26.5822316520	92	./.venv/lib/python3.13/site-packages/setuptools/tests/indexes/test_links_priority/external.html
2025-11-27 22:32:26.5822316520	92	./.venv/lib/python3.13/site-packages/setuptools/_vendor/autocommand-2.2.2.dist-info/WHEEL
2025-11-27 22:32:26.5822316520	92	./.venv/lib/python3.13/site-packages/setuptools/_vendor/backports.tarfile-1.2.0.dist-info/WHEEL
2025-11-27 22:32:26.5822316520	943	./.venv/lib/python3.13/site-packages/setuptools/_vendor/inflect-7.3.1.dist-info/RECORD
2025-11-27 22:32:26.5862317110	0	./.venv/lib/python3.13/site-packages/setuptools/_vendor/jaraco.collections-5.1.0.dist-info/REQUESTED
2025-11-27 22:32:26.5862317110	0	./.venv/lib/python3.13/site-packages/setuptools/_vendor/jaraco.text-3.12.1.dist-info/REQUESTED
2025-11-27 22:32:26.5862317110	0	./.venv/lib/python3.13/site-packages/setuptools/_vendor/more_itertools-10.3.0.dist-info/REQUESTED
2025-11-27 22:32:26.5862317110	0	./.venv/lib/python3.13/site-packages/setuptools/_vendor/packaging-24.2.dist-info/REQUESTED
2025-11-27 22:32:26.5862317110	10174	./.venv/lib/python3.13/site-packages/setuptools/_vendor/packaging-24.2.dist-info/LICENSE.APACHE
2025-11-27 22:32:26.5862317110	1023	./.venv/lib/python3.13/site-packages/setuptools/_vendor/jaraco.collections-5.1.0.dist-info/LICENSE
2025-11-27 22:32:26.5862317110	1023	./.venv/lib/python3.13/site-packages/setuptools/_vendor/jaraco.context-5.3.0.dist-info/LICENSE
2025-11-27 22:32:26.5862317110	1023	./.venv/lib/python3.13/site-packages/setuptools/_vendor/jaraco.functools-4.0.1.dist-info/LICENSE
2025-11-27 22:32:26.5862317110	1023	./.venv/lib/python3.13/site-packages/setuptools/_vendor/jaraco.text-3.12.1.dist-info/LICENSE
2025-11-27 22:32:26.5862317110	1053	./.venv/lib/python3.13/site-packages/setuptools/_vendor/more_itertools-10.3.0.dist-info/LICENSE
2025-11-27 22:32:26.5862317110	11429	./.venv/lib/python3.13/site-packages/setuptools/_vendor/platformdirs-4.2.2.dist-info/METADATA
2025-11-27 22:32:26.5862317110	1259	./.venv/lib/python3.13/site-packages/setuptools/_vendor/more_itertools-10.3.0.dist-info/RECORD
2025-11-27 22:32:26.5862317110	1344	./.venv/lib/python3.13/site-packages/setuptools/_vendor/packaging-24.2.dist-info/LICENSE.BSD
2025-11-27 22:32:26.5862317110	1500	./.venv/lib/python3.13/site-packages/setuptools/_vendor/jaraco.text-3.12.1.dist-info/RECORD
2025-11-27 22:32:26.5862317110	1642	./.venv/lib/python3.13/site-packages/setuptools/_vendor/platformdirs-4.2.2.dist-info/RECORD
2025-11-27 22:32:26.5862317110	197	./.venv/lib/python3.13/site-packages/setuptools/_vendor/packaging-24.2.dist-info/LICENSE
2025-11-27 22:32:26.5862317110	2009	./.venv/lib/python3.13/site-packages/setuptools/_vendor/packaging-24.2.dist-info/RECORD
2025-11-27 22:32:26.5862317110	2891	./.venv/lib/python3.13/site-packages/setuptools/_vendor/jaraco.functools-4.0.1.dist-info/METADATA
2025-11-27 22:32:26.5862317110	2	./.venv/lib/python3.13/site-packages/setuptools/_vendor/packaging-24.2.dist-info/INSTALLER
2025-11-27 22:32:26.5862317110	3204	./.venv/lib/python3.13/site-packages/setuptools/_vendor/packaging-24.2.dist-info/METADATA
2025-11-27 22:32:26.5862317110	36293	./.venv/lib/python3.13/site-packages/setuptools/_vendor/more_itertools-10.3.0.dist-info/METADATA
2025-11-27 22:32:26.5862317110	3658	./.venv/lib/python3.13/site-packages/setuptools/_vendor/jaraco.text-3.12.1.dist-info/METADATA
2025-11-27 22:32:26.5862317110	3933	./.venv/lib/python3.13/site-packages/setuptools/_vendor/jaraco.collections-5.1.0.dist-info/METADATA
2025-11-27 22:32:26.5862317110	4020	./.venv/lib/python3.13/site-packages/setuptools/_vendor/jaraco.context-5.3.0.dist-info/METADATA
2025-11-27 22:32:26.5862317110	4	./.venv/lib/python3.13/site-packages/setuptools/_vendor/jaraco.collections-5.1.0.dist-info/INSTALLER
2025-11-27 22:32:26.5862317110	4	./.venv/lib/python3.13/site-packages/setuptools/_vendor/jaraco.context-5.3.0.dist-info/INSTALLER
2025-11-27 22:32:26.5862317110	4	./.venv/lib/python3.13/site-packages/setuptools/_vendor/jaraco.functools-4.0.1.dist-info/INSTALLER
2025-11-27 22:32:26.5862317110	4	./.venv/lib/python3.13/site-packages/setuptools/_vendor/jaraco.text-3.12.1.dist-info/INSTALLER
2025-11-27 22:32:26.5862317110	4	./.venv/lib/python3.13/site-packages/setuptools/_vendor/more_itertools-10.3.0.dist-info/INSTALLER
2025-11-27 22:32:26.5862317110	4	./.venv/lib/python3.13/site-packages/setuptools/_vendor/platformdirs-4.2.2.dist-info/INSTALLER
2025-11-27 22:32:26.5862317110	641	./.venv/lib/python3.13/site-packages/setuptools/_vendor/jaraco.context-5.3.0.dist-info/RECORD
2025-11-27 22:32:26.5862317110	7	./.venv/lib/python3.13/site-packages/setuptools/_vendor/jaraco.collections-5.1.0.dist-info/top_level.txt
2025-11-27 22:32:26.5862317110	7	./.venv/lib/python3.13/site-packages/setuptools/_vendor/jaraco.context-5.3.0.dist-info/top_level.txt
2025-11-27 22:32:26.5862317110	7	./.venv/lib/python3.13/site-packages/setuptools/_vendor/jaraco.functools-4.0.1.dist-info/top_level.txt
2025-11-27 22:32:26.5862317110	7	./.venv/lib/python3.13/site-packages/setuptools/_vendor/jaraco.text-3.12.1.dist-info/top_level.txt
2025-11-27 22:32:26.5862317110	81	./.venv/lib/python3.13/site-packages/setuptools/_vendor/more_itertools-10.3.0.dist-info/WHEEL
2025-11-27 22:32:26.5862317110	82	./.venv/lib/python3.13/site-packages/setuptools/_vendor/packaging-24.2.dist-info/WHEEL
2025-11-27 22:32:26.5862317110	843	./.venv/lib/python3.13/site-packages/setuptools/_vendor/jaraco.functools-4.0.1.dist-info/RECORD
2025-11-27 22:32:26.5862317110	873	./.venv/lib/python3.13/site-packages/setuptools/_vendor/jaraco.collections-5.1.0.dist-info/RECORD
2025-11-27 22:32:26.5862317110	8	./.venv/lib/python3.13/site-packages/setuptools/_vendor/inflect-7.3.1.dist-info/top_level.txt
2025-11-27 22:32:26.5862317110	91	./.venv/lib/python3.13/site-packages/setuptools/_vendor/jaraco.collections-5.1.0.dist-info/WHEEL
2025-11-27 22:32:26.5862317110	92	./.venv/lib/python3.13/site-packages/setuptools/_vendor/jaraco.context-5.3.0.dist-info/WHEEL
2025-11-27 22:32:26.5862317110	92	./.venv/lib/python3.13/site-packages/setuptools/_vendor/jaraco.functools-4.0.1.dist-info/WHEEL
2025-11-27 22:32:26.5862317110	92	./.venv/lib/python3.13/site-packages/setuptools/_vendor/jaraco.text-3.12.1.dist-info/WHEEL
2025-11-27 22:32:26.5902317700	0	./.venv/lib/python3.13/site-packages/setuptools/_vendor/platformdirs-4.2.2.dist-info/REQUESTED
2025-11-27 22:32:26.5902317700	0	./.venv/lib/python3.13/site-packages/setuptools/_vendor/tomli-2.0.1.dist-info/REQUESTED
2025-11-27 22:32:26.5902317700	0	./.venv/lib/python3.13/site-packages/setuptools/_vendor/wheel-0.45.1.dist-info/REQUESTED
2025-11-27 22:32:26.5902317700	0	./.venv/lib/python3.13/site-packages/setuptools/_vendor/zipp-3.19.2.dist-info/REQUESTED
2025-11-27 22:32:26.5902317700	1023	./.venv/lib/python3.13/site-packages/setuptools/_vendor/zipp-3.19.2.dist-info/LICENSE
2025-11-27 22:32:26.5902317700	1039	./.venv/lib/python3.13/site-packages/setuptools/_vendor/zipp-3.19.2.dist-info/RECORD
2025-11-27 22:32:26.5902317700	104	./.venv/lib/python3.13/site-packages/setuptools/_vendor/wheel-0.45.1.dist-info/entry_points.txt
2025-11-27 22:32:26.5902317700	1072	./.venv/lib/python3.13/site-packages/setuptools/_vendor/tomli-2.0.1.dist-info/LICENSE
2025-11-27 22:32:26.5902317700	10	./.venv/lib/python3.13/site-packages/setuptools/_vendor/typeguard-4.3.0.dist-info/top_level.txt
2025-11-27 22:32:26.5902317700	1107	./.venv/lib/python3.13/site-packages/setuptools/_vendor/wheel-0.45.1.dist-info/LICENSE.txt
2025-11-27 22:32:26.5902317700	1130	./.venv/lib/python3.13/site-packages/setuptools/_vendor/typeguard-4.3.0.dist-info/LICENSE
2025-11-27 22:32:26.5902317700	13936	./.venv/lib/python3.13/site-packages/setuptools/_vendor/typing_extensions-4.12.2.dist-info/LICENSE
2025-11-27 22:32:26.5902317700	2313	./.venv/lib/python3.13/site-packages/setuptools/_vendor/wheel-0.45.1.dist-info/METADATA
2025-11-27 22:32:26.5902317700	2402	./.venv/lib/python3.13/site-packages/setuptools/_vendor/typeguard-4.3.0.dist-info/RECORD
2025-11-27 22:32:26.5902317700	3018	./.venv/lib/python3.13/site-packages/setuptools/_vendor/typing_extensions-4.12.2.dist-info/METADATA
2025-11-27 22:32:26.5902317700	3575	./.venv/lib/python3.13/site-packages/setuptools/_vendor/zipp-3.19.2.dist-info/METADATA
2025-11-27 22:32:26.5902317700	3717	./.venv/lib/python3.13/site-packages/setuptools/_vendor/typeguard-4.3.0.dist-info/METADATA
2025-11-27 22:32:26.5902317700	48	./.venv/lib/python3.13/site-packages/setuptools/_vendor/typeguard-4.3.0.dist-info/entry_points.txt
2025-11-27 22:32:26.5902317700	4900	./.venv/lib/python3.13/site-packages/setuptools/_vendor/wheel-0.45.1.dist-info/RECORD
2025-11-27 22:32:26.5902317700	4	./.venv/lib/python3.13/site-packages/setuptools/_vendor/tomli-2.0.1.dist-info/INSTALLER
2025-11-27 22:32:26.5902317700	4	./.venv/lib/python3.13/site-packages/setuptools/_vendor/typeguard-4.3.0.dist-info/INSTALLER
2025-11-27 22:32:26.5902317700	4	./.venv/lib/python3.13/site-packages/setuptools/_vendor/typing_extensions-4.12.2.dist-info/INSTALLER
2025-11-27 22:32:26.5902317700	4	./.venv/lib/python3.13/site-packages/setuptools/_vendor/wheel-0.45.1.dist-info/INSTALLER
2025-11-27 22:32:26.5902317700	4	./.venv/lib/python3.13/site-packages/setuptools/_vendor/zipp-3.19.2.dist-info/INSTALLER
2025-11-27 22:32:26.5902317700	571	./.venv/lib/python3.13/site-packages/setuptools/_vendor/typing_extensions-4.12.2.dist-info/RECORD
2025-11-27 22:32:26.5902317700	5	./.venv/lib/python3.13/site-packages/setuptools/_vendor/zipp-3.19.2.dist-info/top_level.txt
2025-11-27 22:32:26.5902317700	81	./.venv/lib/python3.13/site-packages/setuptools/_vendor/tomli-2.0.1.dist-info/WHEEL
2025-11-27 22:32:26.5902317700	81	./.venv/lib/python3.13/site-packages/setuptools/_vendor/typing_extensions-4.12.2.dist-info/WHEEL
2025-11-27 22:32:26.5902317700	82	./.venv/lib/python3.13/site-packages/setuptools/_vendor/wheel-0.45.1.dist-info/WHEEL
2025-11-27 22:32:26.5902317700	87	./.venv/lib/python3.13/site-packages/setuptools/_vendor/platformdirs-4.2.2.dist-info/WHEEL
2025-11-27 22:32:26.5902317700	8875	./.venv/lib/python3.13/site-packages/setuptools/_vendor/tomli-2.0.1.dist-info/METADATA
2025-11-27 22:32:26.5902317700	92	./.venv/lib/python3.13/site-packages/setuptools/_vendor/typeguard-4.3.0.dist-info/WHEEL
2025-11-27 22:32:26.5902317700	92	./.venv/lib/python3.13/site-packages/setuptools/_vendor/zipp-3.19.2.dist-info/WHEEL
2025-11-27 22:32:26.5902317700	999	./.venv/lib/python3.13/site-packages/setuptools/_vendor/tomli-2.0.1.dist-info/RECORD
2025-11-27 22:32:27.3902435680	4	./.venv/lib/python3.13/site-packages/setuptools-80.9.0.dist-info/INSTALLER
2025-11-27 22:32:27.3942436270	0	./.venv/lib/python3.13/site-packages/setuptools-80.9.0.dist-info/REQUESTED
2025-11-27 22:32:27.4022437450	75433	./.venv/lib/python3.13/site-packages/setuptools-80.9.0.dist-info/RECORD
2025-11-27 22:32:27.4622446300	1450	./.venv/lib/python3.13/site-packages/pip/__pip-runner__.py
2025-11-27 22:32:27.4622446300	353	./.venv/lib/python3.13/site-packages/pip/__init__.py
2025-11-27 22:32:27.4622446300	854	./.venv/lib/python3.13/site-packages/pip/__main__.py
2025-11-27 22:32:27.4662446890	10105	./.venv/lib/python3.13/site-packages/pip/_internal/commands/configuration.py
2025-11-27 22:32:27.4662446890	10345	./.venv/lib/python3.13/site-packages/pip/_internal/cache.py
2025-11-27 22:32:27.4662446890	10916	./.venv/lib/python3.13/site-packages/pip/_internal/cli/parser.py
2025-11-27 22:32:27.4662446890	116	./.venv/lib/python3.13/site-packages/pip/_internal/cli/status_codes.py
2025-11-27 22:32:27.4662446890	131	./.venv/lib/python3.13/site-packages/pip/_internal/cli/__init__.py
2025-11-27 22:32:27.4662446890	13799	./.venv/lib/python3.13/site-packages/pip/_internal/cli/req_command.py
2025-11-27 22:32:27.4662446890	14201	./.venv/lib/python3.13/site-packages/pip/_internal/build_env.py
2025-11-27 22:32:27.4662446890	14568	./.venv/lib/python3.13/site-packages/pip/_internal/configuration.py
2025-11-27 22:32:27.4662446890	2244	./.venv/lib/python3.13/site-packages/pip/_internal/commands/check.py
2025-11-27 22:32:27.4662446890	2815	./.venv/lib/python3.13/site-packages/pip/_internal/cli/main.py
2025-11-27 22:32:27.4662446890	286	./.venv/lib/python3.13/site-packages/pip/py.typed
2025-11-27 22:32:27.4662446890	29592	./.venv/lib/python3.13/site-packages/pip/_internal/exceptions.py
2025-11-27 22:32:27.4662446890	31025	./.venv/lib/python3.13/site-packages/pip/_internal/cli/cmdoptions.py
2025-11-27 22:32:27.4662446890	338	./.venv/lib/python3.13/site-packages/pip/_internal/main.py
2025-11-27 22:32:27.4662446890	4026	./.venv/lib/python3.13/site-packages/pip/_internal/commands/__init__.py
2025-11-27 22:32:27.4662446890	4329	./.venv/lib/python3.13/site-packages/pip/_internal/cli/main_parser.py
2025-11-27 22:32:27.4662446890	4530	./.venv/lib/python3.13/site-packages/pip/_internal/commands/completion.py
2025-11-27 22:32:27.4662446890	4555	./.venv/lib/python3.13/site-packages/pip/_internal/pyproject.py
2025-11-27 22:32:27.4662446890	4668	./.venv/lib/python3.13/site-packages/pip/_internal/cli/progress_bars.py
2025-11-27 22:32:27.4662446890	5075	./.venv/lib/python3.13/site-packages/pip/_internal/commands/download.py
2025-11-27 22:32:27.4662446890	511	./.venv/lib/python3.13/site-packages/pip/_internal/__init__.py
2025-11-27 22:32:27.4662446890	5717	./.venv/lib/python3.13/site-packages/pip/_internal/cli/index_command.py
2025-11-27 22:32:27.4662446890	6805	./.venv/lib/python3.13/site-packages/pip/_internal/commands/debug.py
2025-11-27 22:32:27.4662446890	7193	./.venv/lib/python3.13/site-packages/pip/_internal/cli/autocompletion.py
2025-11-27 22:32:27.4662446890	7362	./.venv/lib/python3.13/site-packages/pip/_internal/cli/spinners.py
2025-11-27 22:32:27.4662446890	817	./.venv/lib/python3.13/site-packages/pip/_internal/cli/command_context.py
2025-11-27 22:32:27.4662446890	8230	./.venv/lib/python3.13/site-packages/pip/_internal/commands/cache.py
2025-11-27 22:32:27.4662446890	8471	./.venv/lib/python3.13/site-packages/pip/_internal/self_outdated_check.py
2025-11-27 22:32:27.4662446890	8716	./.venv/lib/python3.13/site-packages/pip/_internal/cli/base_command.py
2025-11-27 22:32:27.4662446890	9010	./.venv/lib/python3.13/site-packages/pip/_internal/wheel_builder.py
2025-11-27 22:32:27.4702447480	1108	./.venv/lib/python3.13/site-packages/pip/_internal/commands/help.py
2025-11-27 22:32:27.4702447480	13514	./.venv/lib/python3.13/site-packages/pip/_internal/commands/list.py
2025-11-27 22:32:27.4702447480	1364	./.venv/lib/python3.13/site-packages/pip/_internal/distributions/wheel.py
2025-11-27 22:32:27.4702447480	14185	./.venv/lib/python3.13/site-packages/pip/_internal/locations/__init__.py
2025-11-27 22:32:27.4702447480	16185	./.venv/lib/python3.13/site-packages/pip/_internal/index/collector.py
2025-11-27 22:32:27.4702447480	1679	./.venv/lib/python3.13/site-packages/pip/_internal/commands/hash.py
2025-11-27 22:32:27.4702447480	1830	./.venv/lib/python3.13/site-packages/pip/_internal/distributions/base.py
2025-11-27 22:32:27.4702447480	29	./.venv/lib/python3.13/site-packages/pip/_internal/index/__init__.py
2025-11-27 22:32:27.4702447480	30472	./.venv/lib/python3.13/site-packages/pip/_internal/commands/install.py
2025-11-27 22:32:27.4702447480	3099	./.venv/lib/python3.13/site-packages/pip/_internal/commands/freeze.py
2025-11-27 22:32:27.4702447480	3177	./.venv/lib/python3.13/site-packages/pip/_internal/commands/inspect.py
2025-11-27 22:32:27.4702447480	3868	./.venv/lib/python3.13/site-packages/pip/_internal/commands/uninstall.py
2025-11-27 22:32:27.4702447480	38835	./.venv/lib/python3.13/site-packages/pip/_internal/index/package_finder.py
2025-11-27 22:32:27.4702447480	5243	./.venv/lib/python3.13/site-packages/pip/_internal/commands/index.py
2025-11-27 22:32:27.4702447480	5782	./.venv/lib/python3.13/site-packages/pip/_internal/commands/search.py
2025-11-27 22:32:27.4702447480	5797	./.venv/lib/python3.13/site-packages/pip/_internal/commands/lock.py
2025-11-27 22:32:27.4702447480	5975	./.venv/lib/python3.13/site-packages/pip/_internal/locations/_distutils.py
2025-11-27 22:32:27.4702447480	6013	./.venv/lib/python3.13/site-packages/pip/_internal/commands/wheel.py
2025-11-27 22:32:27.4702447480	6627	./.venv/lib/python3.13/site-packages/pip/_internal/distributions/sdist.py
2025-11-27 22:32:27.4702447480	7716	./.venv/lib/python3.13/site-packages/pip/_internal/locations/_sysconfig.py
2025-11-27 22:32:27.4702447480	8066	./.venv/lib/python3.13/site-packages/pip/_internal/commands/show.py
2025-11-27 22:32:27.4702447480	858	./.venv/lib/python3.13/site-packages/pip/_internal/distributions/__init__.py
2025-11-27 22:32:27.4702447480	8639	./.venv/lib/python3.13/site-packages/pip/_internal/index/sources.py
2025-11-27 22:32:27.4702447480	929	./.venv/lib/python3.13/site-packages/pip/_internal/distributions/installed.py
2025-11-27 22:32:27.4742448070	10544	./.venv/lib/python3.13/site-packages/pip/_internal/metadata/pkg_resources.py
2025-11-27 22:32:27.4742448070	135	./.venv/lib/python3.13/site-packages/pip/_internal/metadata/importlib/__init__.py
2025-11-27 22:32:27.4742448070	25420	./.venv/lib/python3.13/site-packages/pip/_internal/metadata/base.py
2025-11-27 22:32:27.4742448070	2550	./.venv/lib/python3.13/site-packages/pip/_internal/locations/base.py
2025-11-27 22:32:27.4742448070	2711	./.venv/lib/python3.13/site-packages/pip/_internal/metadata/_json.py
2025-11-27 22:32:27.4742448070	2804	./.venv/lib/python3.13/site-packages/pip/_internal/metadata/importlib/_compat.py
2025-11-27 22:32:27.4742448070	5333	./.venv/lib/python3.13/site-packages/pip/_internal/metadata/importlib/_envs.py
2025-11-27 22:32:27.4742448070	5824	./.venv/lib/python3.13/site-packages/pip/_internal/metadata/__init__.py
2025-11-27 22:32:27.4742448070	62	./.venv/lib/python3.13/site-packages/pip/_internal/models/__init__.py
2025-11-27 22:32:27.4742448070	6555	./.venv/lib/python3.13/site-packages/pip/_internal/models/direct_url.py
2025-11-27 22:32:27.4742448070	753	./.venv/lib/python3.13/site-packages/pip/_internal/models/candidate.py
2025-11-27 22:32:27.4742448070	8420	./.venv/lib/python3.13/site-packages/pip/_internal/metadata/importlib/_dists.py
2025-11-27 22:32:27.4782448660	1030	./.venv/lib/python3.13/site-packages/pip/_internal/models/index.py
2025-11-27 22:32:27.4782448660	12682	./.venv/lib/python3.13/site-packages/pip/_internal/network/download.py
2025-11-27 22:32:27.4782448660	1830	./.venv/lib/python3.13/site-packages/pip/_internal/network/xmlrpc.py
2025-11-27 22:32:27.4782448660	19188	./.venv/lib/python3.13/site-packages/pip/_internal/network/session.py
2025-11-27 22:32:27.4782448660	2016	./.venv/lib/python3.13/site-packages/pip/_internal/models/selection_prefs.py
2025-11-27 22:32:27.4782448660	20681	./.venv/lib/python3.13/site-packages/pip/_internal/network/auth.py
2025-11-27 22:32:27.4782448660	21793	./.venv/lib/python3.13/site-packages/pip/_internal/models/link.py
2025-11-27 22:32:27.4782448660	2471	./.venv/lib/python3.13/site-packages/pip/_internal/models/format_control.py
2025-11-27 22:32:27.4782448660	2839	./.venv/lib/python3.13/site-packages/pip/_internal/models/installation_report.py
2025-11-27 22:32:27.4782448660	2920	./.venv/lib/python3.13/site-packages/pip/_internal/models/wheel.py
2025-11-27 22:32:27.4782448660	4091	./.venv/lib/python3.13/site-packages/pip/_internal/network/utils.py
2025-11-27 22:32:27.4782448660	4243	./.venv/lib/python3.13/site-packages/pip/_internal/models/target_python.py
2025-11-27 22:32:27.4782448660	4507	./.venv/lib/python3.13/site-packages/pip/_internal/models/search_scope.py
2025-11-27 22:32:27.4782448660	4862	./.venv/lib/python3.13/site-packages/pip/_internal/network/cache.py
2025-11-27 22:32:27.4782448660	49	./.venv/lib/python3.13/site-packages/pip/_internal/network/__init__.py
2025-11-27 22:32:27.4782448660	575	./.venv/lib/python3.13/site-packages/pip/_internal/models/scheme.py
2025-11-27 22:32:27.4782448660	6211	./.venv/lib/python3.13/site-packages/pip/_internal/models/pylock.py
2025-11-27 22:32:27.4782448660	7646	./.venv/lib/python3.13/site-packages/pip/_internal/network/lazy_wheel.py
2025-11-27 22:32:27.4822449250	0	./.venv/lib/python3.13/site-packages/pip/_internal/operations/build/__init__.py
2025-11-27 22:32:27.4822449250	0	./.venv/lib/python3.13/site-packages/pip/_internal/operations/__init__.py
2025-11-27 22:32:27.4822449250	0	./.venv/lib/python3.13/site-packages/pip/_internal/resolution/__init__.py
2025-11-27 22:32:27.4822449250	0	./.venv/lib/python3.13/site-packages/pip/_internal/resolution/legacy/__init__.py
2025-11-27 22:32:27.4822449250	0	./.venv/lib/python3.13/site-packages/pip/_internal/resolution/resolvelib/__init__.py
2025-11-27 22:32:27.4822449250	1136	./.venv/lib/python3.13/site-packages/pip/_internal/operations/build/wheel.py
2025-11-27 22:32:27.4822449250	1421	./.venv/lib/python3.13/site-packages/pip/_internal/operations/build/metadata.py
2025-11-27 22:32:27.4822449250	1478	./.venv/lib/python3.13/site-packages/pip/_internal/operations/build/wheel_editable.py
2025-11-27 22:32:27.4822449250	1509	./.venv/lib/python3.13/site-packages/pip/_internal/operations/build/metadata_editable.py
2025-11-27 22:32:27.4822449250	18581	./.venv/lib/python3.13/site-packages/pip/_internal/req/constructors.py
2025-11-27 22:32:27.4822449250	20130	./.venv/lib/python3.13/site-packages/pip/_internal/req/req_file.py
2025-11-27 22:32:27.4822449250	20454	./.venv/lib/python3.13/site-packages/pip/_internal/resolution/resolvelib/candidates.py
2025-11-27 22:32:27.4822449250	24060	./.venv/lib/python3.13/site-packages/pip/_internal/resolution/legacy/resolver.py
2025-11-27 22:32:27.4822449250	24099	./.venv/lib/python3.13/site-packages/pip/_internal/req/req_uninstall.py
2025-11-27 22:32:27.4822449250	2618	./.venv/lib/python3.13/site-packages/pip/_internal/req/req_dependency_group.py
2025-11-27 22:32:27.4822449250	27956	./.venv/lib/python3.13/site-packages/pip/_internal/operations/install/wheel.py
2025-11-27 22:32:27.4822449250	2828	./.venv/lib/python3.13/site-packages/pip/_internal/req/req_set.py
2025-11-27 22:32:27.4822449250	28914	./.venv/lib/python3.13/site-packages/pip/_internal/operations/prepare.py
2025-11-27 22:32:27.4822449250	3041	./.venv/lib/python3.13/site-packages/pip/_internal/req/__init__.py
2025-11-27 22:32:27.4822449250	31273	./.venv/lib/python3.13/site-packages/pip/_internal/req/req_install.py
2025-11-27 22:32:27.4822449250	4771	./.venv/lib/python3.13/site-packages/pip/_internal/operations/build/build_tracker.py
2025-11-27 22:32:27.4822449250	5047	./.venv/lib/python3.13/site-packages/pip/_internal/resolution/resolvelib/base.py
2025-11-27 22:32:27.4822449250	50	./.venv/lib/python3.13/site-packages/pip/_internal/operations/install/__init__.py
2025-11-27 22:32:27.4822449250	577	./.venv/lib/python3.13/site-packages/pip/_internal/resolution/base.py
2025-11-27 22:32:27.4822449250	5894	./.venv/lib/python3.13/site-packages/pip/_internal/operations/check.py
2025-11-27 22:32:27.4822449250	9854	./.venv/lib/python3.13/site-packages/pip/_internal/operations/freeze.py
2025-11-27 22:32:27.4862449840	0	./.venv/lib/python3.13/site-packages/pip/_internal/utils/__init__.py
2025-11-27 22:32:27.4862449840	1015	./.venv/lib/python3.13/site-packages/pip/_internal/utils/_log.py
2025-11-27 22:32:27.4862449840	11441	./.venv/lib/python3.13/site-packages/pip/_internal/resolution/resolvelib/provider.py
2025-11-27 22:32:27.4862449840	12108	./.venv/lib/python3.13/site-packages/pip/_internal/utils/logging.py
2025-11-27 22:32:27.4862449840	12974	./.venv/lib/python3.13/site-packages/pip/_internal/utils/unpacking.py
2025-11-27 22:32:27.4862449840	13437	./.venv/lib/python3.13/site-packages/pip/_internal/resolution/resolvelib/resolver.py
2025-11-27 22:32:27.4862449840	1461	./.venv/lib/python3.13/site-packages/pip/_internal/utils/retry.py
2025-11-27 22:32:27.4862449840	1601	./.venv/lib/python3.13/site-packages/pip/_internal/utils/packaging.py
2025-11-27 22:32:27.4862449840	1601	./.venv/lib/python3.13/site-packages/pip/_internal/utils/urls.py
2025-11-27 22:32:27.4862449840	1681	./.venv/lib/python3.13/site-packages/pip/_internal/utils/appdirs.py
2025-11-27 22:32:27.4862449840	23374	./.venv/lib/python3.13/site-packages/pip/_internal/utils/misc.py
2025-11-27 22:32:27.4862449840	241	./.venv/lib/python3.13/site-packages/pip/_internal/utils/datetime.py
2025-11-27 22:32:27.4862449840	2459	./.venv/lib/python3.13/site-packages/pip/_internal/utils/egg_link.py
2025-11-27 22:32:27.4862449840	2514	./.venv/lib/python3.13/site-packages/pip/_internal/utils/compat.py
2025-11-27 22:32:27.4862449840	3200	./.venv/lib/python3.13/site-packages/pip/_internal/utils/direct_url_helpers.py
2025-11-27 22:32:27.4862449840	3324	./.venv/lib/python3.13/site-packages/pip/_internal/utils/entrypoints.py
2025-11-27 22:32:27.4862449840	3350	./.venv/lib/python3.13/site-packages/pip/_internal/utils/_jaraco_text.py
2025-11-27 22:32:27.4862449840	33628	./.venv/lib/python3.13/site-packages/pip/_internal/resolution/resolvelib/factory.py
2025-11-27 22:32:27.4862449840	3455	./.venv/lib/python3.13/site-packages/pip/_internal/utils/virtualenv.py
2025-11-27 22:32:27.4862449840	3696	./.venv/lib/python3.13/site-packages/pip/_internal/utils/deprecation.py
2025-11-27 22:32:27.4862449840	3726	./.venv/lib/python3.13/site-packages/pip/_internal/utils/glibc.py
2025-11-27 22:32:27.4862449840	3909	./.venv/lib/python3.13/site-packages/pip/_internal/resolution/resolvelib/reporter.py
2025-11-27 22:32:27.4862449840	4468	./.venv/lib/python3.13/site-packages/pip/_internal/utils/wheel.py
2025-11-27 22:32:27.4862449840	4998	./.venv/lib/python3.13/site-packages/pip/_internal/utils/hashes.py
2025-11-27 22:32:27.4862449840	5497	./.venv/lib/python3.13/site-packages/pip/_internal/utils/filesystem.py
2025-11-27 22:32:27.4862449840	6018	./.venv/lib/python3.13/site-packages/pip/_internal/resolution/resolvelib/found_candidates.py
2025-11-27 22:32:27.4862449840	6630	./.venv/lib/python3.13/site-packages/pip/_internal/utils/compatibility_tags.py
2025-11-27 22:32:27.4862449840	689	./.venv/lib/python3.13/site-packages/pip/_internal/utils/filetypes.py
2025-11-27 22:32:27.4862449840	8076	./.venv/lib/python3.13/site-packages/pip/_internal/resolution/resolvelib/requirements.py
2025-11-27 22:32:27.4862449840	8983	./.venv/lib/python3.13/site-packages/pip/_internal/utils/subprocess.py
2025-11-27 22:32:27.4862449840	9307	./.venv/lib/python3.13/site-packages/pip/_internal/utils/temp_dir.py
2025-11-27 22:32:27.4902450430	0	./.venv/lib/python3.13/site-packages/pip/_vendor/cachecontrol/py.typed
2025-11-27 22:32:27.4902450430	11787	./.venv/lib/python3.13/site-packages/pip/_internal/vcs/subversion.py
2025-11-27 22:32:27.4902450430	1386	./.venv/lib/python3.13/site-packages/pip/_vendor/cachecontrol/caches/redis_cache.py
2025-11-27 22:32:27.4902450430	1417	./.venv/lib/python3.13/site-packages/pip/_vendor/cachecontrol/wrapper.py
2025-11-27 22:32:27.4902450430	1737	./.venv/lib/python3.13/site-packages/pip/_vendor/cachecontrol/_cmd.py
2025-11-27 22:32:27.4902450430	19101	./.venv/lib/python3.13/site-packages/pip/_vendor/cachecontrol/controller.py
2025-11-27 22:32:27.4902450430	19144	./.venv/lib/python3.13/site-packages/pip/_internal/vcs/git.py
2025-11-27 22:32:27.4902450430	1953	./.venv/lib/python3.13/site-packages/pip/_vendor/cachecontrol/cache.py
2025-11-27 22:32:27.4902450430	22502	./.venv/lib/python3.13/site-packages/pip/_internal/vcs/versioncontrol.py
2025-11-27 22:32:27.4902450430	255	./.venv/lib/python3.13/site-packages/pip/_vendor/certifi/__main__.py
2025-11-27 22:32:27.4902450430	303	./.venv/lib/python3.13/site-packages/pip/_vendor/cachecontrol/caches/__init__.py
2025-11-27 22:32:27.4902450430	343	./.venv/lib/python3.13/site-packages/pip/_vendor/vendor.txt
2025-11-27 22:32:27.4902450430	3734	./.venv/lib/python3.13/site-packages/pip/_internal/vcs/bazaar.py
2025-11-27 22:32:27.4902450430	4117	./.venv/lib/python3.13/site-packages/pip/_vendor/cachecontrol/caches/file_cache.py
2025-11-27 22:32:27.4902450430	4291	./.venv/lib/python3.13/site-packages/pip/_vendor/cachecontrol/filewrapper.py
2025-11-27 22:32:27.4902450430	4881	./.venv/lib/python3.13/site-packages/pip/_vendor/cachecontrol/heuristics.py
2025-11-27 22:32:27.4902450430	4907	./.venv/lib/python3.13/site-packages/pip/_vendor/__init__.py
2025-11-27 22:32:27.4902450430	5163	./.venv/lib/python3.13/site-packages/pip/_vendor/cachecontrol/serialize.py
2025-11-27 22:32:27.4902450430	5575	./.venv/lib/python3.13/site-packages/pip/_internal/vcs/mercurial.py
2025-11-27 22:32:27.4902450430	558	./.venv/lib/python3.13/site-packages/pip/_vendor/cachecontrol/LICENSE.txt
2025-11-27 22:32:27.4902450430	596	./.venv/lib/python3.13/site-packages/pip/_internal/vcs/__init__.py
2025-11-27 22:32:27.4902450430	6599	./.venv/lib/python3.13/site-packages/pip/_vendor/cachecontrol/adapter.py
2025-11-27 22:32:27.4902450430	677	./.venv/lib/python3.13/site-packages/pip/_vendor/cachecontrol/__init__.py
2025-11-27 22:32:27.4902450430	9394	./.venv/lib/python3.13/site-packages/pip/_vendor/README.rst
2025-11-27 22:32:27.4902450430	94	./.venv/lib/python3.13/site-packages/pip/_vendor/certifi/__init__.py
2025-11-27 22:32:27.4902450430	989	./.venv/lib/python3.13/site-packages/pip/_vendor/certifi/LICENSE
2025-11-27 22:32:27.4942451020	0	./.venv/lib/python3.13/site-packages/pip/_vendor/certifi/py.typed
2025-11-27 22:32:27.4942451020	0	./.venv/lib/python3.13/site-packages/pip/_vendor/dependency_groups/py.typed
2025-11-27 22:32:27.4942451020	10820	./.venv/lib/python3.13/site-packages/pip/_vendor/distlib/resources.py
2025-11-27 22:32:27.4942451020	1099	./.venv/lib/python3.13/site-packages/pip/_vendor/dependency_groups/LICENSE.txt
2025-11-27 22:32:27.4942451020	14531	./.venv/lib/python3.13/site-packages/pip/_vendor/distlib/LICENSE.txt
2025-11-27 22:32:27.4942451020	1709	./.venv/lib/python3.13/site-packages/pip/_vendor/dependency_groups/__main__.py
2025-11-27 22:32:27.4942451020	1710	./.venv/lib/python3.13/site-packages/pip/_vendor/dependency_groups/_lint_dependency_groups.py
2025-11-27 22:32:27.4942451020	18612	./.venv/lib/python3.13/site-packages/pip/_vendor/distlib/scripts.py
2025-11-27 22:32:27.4942451020	1865	./.venv/lib/python3.13/site-packages/pip/_vendor/dependency_groups/_pip_wrapper.py
2025-11-27 22:32:27.4942451020	250	./.venv/lib/python3.13/site-packages/pip/_vendor/dependency_groups/__init__.py
2025-11-27 22:32:27.4942451020	285	./.venv/lib/python3.13/site-packages/pip/_vendor/dependency_groups/_toml_compat.py
2025-11-27 22:32:27.4942451020	291366	./.venv/lib/python3.13/site-packages/pip/_vendor/certifi/cacert.pem
2025-11-27 22:32:27.4942451020	3442	./.venv/lib/python3.13/site-packages/pip/_vendor/certifi/core.py
2025-11-27 22:32:27.4942451020	41467	./.venv/lib/python3.13/site-packages/pip/_vendor/distlib/compat.py
2025-11-27 22:32:27.4942451020	625	./.venv/lib/python3.13/site-packages/pip/_vendor/distlib/__init__.py
2025-11-27 22:32:27.4942451020	8041	./.venv/lib/python3.13/site-packages/pip/_vendor/dependency_groups/_implementation.py
2025-11-27 22:32:27.4982451610	108032	./.venv/lib/python3.13/site-packages/pip/_vendor/distlib/t64.exe
2025-11-27 22:32:27.4982451610	182784	./.venv/lib/python3.13/site-packages/pip/_vendor/distlib/t64-arm.exe
2025-11-27 22:32:27.4982451610	66682	./.venv/lib/python3.13/site-packages/pip/_vendor/distlib/util.py
2025-11-27 22:32:27.4982451610	91648	./.venv/lib/python3.13/site-packages/pip/_vendor/distlib/w32.exe
2025-11-27 22:32:27.4982451610	97792	./.venv/lib/python3.13/site-packages/pip/_vendor/distlib/t32.exe
2025-11-27 22:32:27.5022452200	0	./.venv/lib/python3.13/site-packages/pip/_vendor/distro/py.typed
2025-11-27 22:32:27.5022452200	101888	./.venv/lib/python3.13/site-packages/pip/_vendor/distlib/w64.exe
2025-11-27 22:32:27.5022452200	11325	./.venv/lib/python3.13/site-packages/pip/_vendor/distro/LICENSE
2025-11-27 22:32:27.5022452200	13239	./.venv/lib/python3.13/site-packages/pip/_vendor/idna/core.py
2025-11-27 22:32:27.5022452200	1541	./.venv/lib/python3.13/site-packages/pip/_vendor/idna/LICENSE.md
2025-11-27 22:32:27.5022452200	168448	./.venv/lib/python3.13/site-packages/pip/_vendor/distlib/w64-arm.exe
2025-11-27 22:32:27.5022452200	316	./.venv/lib/python3.13/site-packages/pip/_vendor/idna/compat.py
2025-11-27 22:32:27.5022452200	3422	./.venv/lib/python3.13/site-packages/pip/_vendor/idna/codec.py
2025-11-27 22:32:27.5022452200	49430	./.venv/lib/python3.13/site-packages/pip/_vendor/distro/distro.py
2025-11-27 22:32:27.5022452200	64	./.venv/lib/python3.13/site-packages/pip/_vendor/distro/__main__.py
2025-11-27 22:32:27.5022452200	78306	./.venv/lib/python3.13/site-packages/pip/_vendor/idna/idnadata.py
2025-11-27 22:32:27.5022452200	868	./.venv/lib/python3.13/site-packages/pip/_vendor/idna/__init__.py
2025-11-27 22:32:27.5022452200	981	./.venv/lib/python3.13/site-packages/pip/_vendor/distro/__init__.py
2025-11-27 22:32:27.5062452790	0	./.venv/lib/python3.13/site-packages/pip/_vendor/idna/py.typed
2025-11-27 22:32:27.5062452790	10174	./.venv/lib/python3.13/site-packages/pip/_vendor/packaging/LICENSE.APACHE
2025-11-27 22:32:27.5062452790	10221	./.venv/lib/python3.13/site-packages/pip/_vendor/packaging/_parser.py
2025-11-27 22:32:27.5062452790	1081	./.venv/lib/python3.13/site-packages/pip/_vendor/msgpack/exceptions.py
2025-11-27 22:32:27.5062452790	1109	./.venv/lib/python3.13/site-packages/pip/_vendor/msgpack/__init__.py
2025-11-27 22:32:27.5062452790	12049	./.venv/lib/python3.13/site-packages/pip/_vendor/packaging/markers.py
2025-11-27 22:32:27.5062452790	1344	./.venv/lib/python3.13/site-packages/pip/_vendor/packaging/LICENSE.BSD
2025-11-27 22:32:27.5062452790	1431	./.venv/lib/python3.13/site-packages/pip/_vendor/packaging/_structures.py
2025-11-27 22:32:27.5062452790	1898	./.venv/lib/python3.13/site-packages/pip/_vendor/idna/intranges.py
2025-11-27 22:32:27.5062452790	197	./.venv/lib/python3.13/site-packages/pip/_vendor/packaging/LICENSE
2025-11-27 22:32:27.5062452790	21	./.venv/lib/python3.13/site-packages/pip/_vendor/idna/package_data.py
2025-11-27 22:32:27.5062452790	239289	./.venv/lib/python3.13/site-packages/pip/_vendor/idna/uts46data.py
2025-11-27 22:32:27.5062452790	2694	./.venv/lib/python3.13/site-packages/pip/_vendor/packaging/_musllinux.py
2025-11-27 22:32:27.5062452790	32390	./.venv/lib/python3.13/site-packages/pip/_vendor/msgpack/fallback.py
2025-11-27 22:32:27.5062452790	3286	./.venv/lib/python3.13/site-packages/pip/_vendor/packaging/_elffile.py
2025-11-27 22:32:27.5062452790	34739	./.venv/lib/python3.13/site-packages/pip/_vendor/packaging/metadata.py
2025-11-27 22:32:27.5062452790	494	./.venv/lib/python3.13/site-packages/pip/_vendor/packaging/__init__.py
2025-11-27 22:32:27.5062452790	5310	./.venv/lib/python3.13/site-packages/pip/_vendor/packaging/_tokenizer.py
2025-11-27 22:32:27.5062452790	5726	./.venv/lib/python3.13/site-packages/pip/_vendor/msgpack/ext.py
2025-11-27 22:32:27.5062452790	614	./.venv/lib/python3.13/site-packages/pip/_vendor/msgpack/COPYING
2025-11-27 22:32:27.5062452790	9596	./.venv/lib/python3.13/site-packages/pip/_vendor/packaging/_manylinux.py
2025-11-27 22:32:27.5102453380	0	./.venv/lib/python3.13/site-packages/pip/_vendor/packaging/py.typed
2025-11-27 22:32:27.5102453380	0	./.venv/lib/python3.13/site-packages/pip/_vendor/platformdirs/py.typed
2025-11-27 22:32:27.5102453380	1023	./.venv/lib/python3.13/site-packages/pip/_vendor/pkg_resources/LICENSE
2025-11-27 22:32:27.5102453380	1089	./.venv/lib/python3.13/site-packages/pip/_vendor/platformdirs/LICENSE
2025-11-27 22:32:27.5102453380	124451	./.venv/lib/python3.13/site-packages/pip/_vendor/pkg_resources/__init__.py
2025-11-27 22:32:27.5102453380	1505	./.venv/lib/python3.13/site-packages/pip/_vendor/platformdirs/__main__.py
2025-11-27 22:32:27.5102453380	16688	./.venv/lib/python3.13/site-packages/pip/_vendor/packaging/version.py
2025-11-27 22:32:27.5102453380	22344	./.venv/lib/python3.13/site-packages/pip/_vendor/platformdirs/__init__.py
2025-11-27 22:32:27.5102453380	22745	./.venv/lib/python3.13/site-packages/pip/_vendor/packaging/tags.py
2025-11-27 22:32:27.5102453380	2947	./.venv/lib/python3.13/site-packages/pip/_vendor/packaging/requirements.py
2025-11-27 22:32:27.5102453380	40079	./.venv/lib/python3.13/site-packages/pip/_vendor/packaging/specifiers.py
2025-11-27 22:32:27.5102453380	48398	./.venv/lib/python3.13/site-packages/pip/_vendor/packaging/licenses/_spdx.py
2025-11-27 22:32:27.5102453380	5050	./.venv/lib/python3.13/site-packages/pip/_vendor/packaging/utils.py
2025-11-27 22:32:27.5102453380	5727	./.venv/lib/python3.13/site-packages/pip/_vendor/packaging/licenses/__init__.py
2025-11-27 22:32:27.5102453380	6322	./.venv/lib/python3.13/site-packages/pip/_vendor/platformdirs/macos.py
2025-11-27 22:32:27.5102453380	9013	./.venv/lib/python3.13/site-packages/pip/_vendor/platformdirs/android.py
2025-11-27 22:32:27.5102453380	9281	./.venv/lib/python3.13/site-packages/pip/_vendor/platformdirs/api.py
2025-11-27 22:32:27.5142453970	10031	./.venv/lib/python3.13/site-packages/pip/_vendor/pygments/util.py
2025-11-27 22:32:27.5142453970	1005	./.venv/lib/python3.13/site-packages/pip/_vendor/pygments/modeline.py
2025-11-27 22:32:27.5142453970	10125	./.venv/lib/python3.13/site-packages/pip/_vendor/platformdirs/windows.py
2025-11-27 22:32:27.5142453970	10458	./.venv/lib/python3.13/site-packages/pip/_vendor/platformdirs/unix.py
2025-11-27 22:32:27.5142453970	12115	./.venv/lib/python3.13/site-packages/pip/_vendor/pygments/lexers/__init__.py
2025-11-27 22:32:27.5142453970	1331	./.venv/lib/python3.13/site-packages/pip/_vendor/pygments/LICENSE
2025-11-27 22:32:27.5142453970	1718	./.venv/lib/python3.13/site-packages/pip/_vendor/pygments/console.py
2025-11-27 22:32:27.5142453970	1891	./.venv/lib/python3.13/site-packages/pip/_vendor/pygments/plugin.py
2025-11-27 22:32:27.5142453970	1910	./.venv/lib/python3.13/site-packages/pip/_vendor/pygments/filter.py
2025-11-27 22:32:27.5142453970	2983	./.venv/lib/python3.13/site-packages/pip/_vendor/pygments/__init__.py
2025-11-27 22:32:27.5142453970	3072	./.venv/lib/python3.13/site-packages/pip/_vendor/pygments/regexopt.py
2025-11-27 22:32:27.5142453970	3092	./.venv/lib/python3.13/site-packages/pip/_vendor/pygments/scanner.py
2025-11-27 22:32:27.5142453970	35349	./.venv/lib/python3.13/site-packages/pip/_vendor/pygments/lexer.py
2025-11-27 22:32:27.5142453970	353	./.venv/lib/python3.13/site-packages/pip/_vendor/pygments/__main__.py
2025-11-27 22:32:27.5142453970	40392	./.venv/lib/python3.13/site-packages/pip/_vendor/pygments/filters/__init__.py
2025-11-27 22:32:27.5142453970	4176	./.venv/lib/python3.13/site-packages/pip/_vendor/pygments/formatters/_mapping.py
2025-11-27 22:32:27.5142453970	4390	./.venv/lib/python3.13/site-packages/pip/_vendor/pygments/formatter.py
2025-11-27 22:32:27.5142453970	5385	./.venv/lib/python3.13/site-packages/pip/_vendor/pygments/formatters/__init__.py
2025-11-27 22:32:27.5142453970	6226	./.venv/lib/python3.13/site-packages/pip/_vendor/pygments/token.py
2025-11-27 22:32:27.5142453970	63208	./.venv/lib/python3.13/site-packages/pip/_vendor/pygments/unistring.py
2025-11-27 22:32:27.5142453970	6420	./.venv/lib/python3.13/site-packages/pip/_vendor/pygments/style.py
2025-11-27 22:32:27.5142453970	704	./.venv/lib/python3.13/site-packages/pip/_vendor/platformdirs/version.py
2025-11-27 22:32:27.5142453970	7981	./.venv/lib/python3.13/site-packages/pip/_vendor/pygments/sphinxext.py
2025-11-27 22:32:27.5182454560	0	./.venv/lib/python3.13/site-packages/pip/_vendor/pyproject_hooks/py.typed
2025-11-27 22:32:27.5182454560	10142	./.venv/lib/python3.13/site-packages/pip/_vendor/requests/LICENSE
2025-11-27 22:32:27.5182454560	10186	./.venv/lib/python3.13/site-packages/pip/_vendor/requests/auth.py
2025-11-27 22:32:27.5182454560	1081	./.venv/lib/python3.13/site-packages/pip/_vendor/pyproject_hooks/LICENSE
2025-11-27 22:32:27.5182454560	12216	./.venv/lib/python3.13/site-packages/pip/_vendor/pyproject_hooks/_in_process/_in_process.py
2025-11-27 22:32:27.5182454560	14936	./.venv/lib/python3.13/site-packages/pip/_vendor/pyproject_hooks/_impl.py
2025-11-27 22:32:27.5182454560	1495	./.venv/lib/python3.13/site-packages/pip/_vendor/requests/_internal_utils.py
2025-11-27 22:32:27.5182454560	1822	./.venv/lib/python3.13/site-packages/pip/_vendor/requests/compat.py
2025-11-27 22:32:27.5182454560	18590	./.venv/lib/python3.13/site-packages/pip/_vendor/requests/cookies.py
2025-11-27 22:32:27.5182454560	2042	./.venv/lib/python3.13/site-packages/pip/_vendor/pygments/styles/__init__.py
2025-11-27 22:32:27.5182454560	26429	./.venv/lib/python3.13/site-packages/pip/_vendor/requests/adapters.py
2025-11-27 22:32:27.5182454560	3312	./.venv/lib/python3.13/site-packages/pip/_vendor/pygments/styles/_mapping.py
2025-11-27 22:32:27.5182454560	3813	./.venv/lib/python3.13/site-packages/pip/_vendor/requests/help.py
2025-11-27 22:32:27.5182454560	4272	./.venv/lib/python3.13/site-packages/pip/_vendor/requests/exceptions.py
2025-11-27 22:32:27.5182454560	435	./.venv/lib/python3.13/site-packages/pip/_vendor/requests/__version__.py
2025-11-27 22:32:27.5182454560	441	./.venv/lib/python3.13/site-packages/pip/_vendor/requests/certs.py
2025-11-27 22:32:27.5182454560	5057	./.venv/lib/python3.13/site-packages/pip/_vendor/requests/__init__.py
2025-11-27 22:32:27.5182454560	53853	./.venv/lib/python3.13/site-packages/pip/_vendor/pygments/lexers/python.py
2025-11-27 22:32:27.5182454560	557	./.venv/lib/python3.13/site-packages/pip/_vendor/pyproject_hooks/_in_process/__init__.py
2025-11-27 22:32:27.5182454560	6449	./.venv/lib/python3.13/site-packages/pip/_vendor/requests/api.py
2025-11-27 22:32:27.5182454560	691	./.venv/lib/python3.13/site-packages/pip/_vendor/pyproject_hooks/__init__.py
2025-11-27 22:32:27.5182454560	733	./.venv/lib/python3.13/site-packages/pip/_vendor/requests/hooks.py
2025-11-27 22:32:27.5182454560	77602	./.venv/lib/python3.13/site-packages/pip/_vendor/pygments/lexers/_mapping.py
2025-11-27 22:32:27.5222455150	0	./.venv/lib/python3.13/site-packages/pip/_vendor/resolvelib/py.typed
2025-11-27 22:32:27.5222455150	10209	./.venv/lib/python3.13/site-packages/pip/_vendor/rich/_cell_widths.py
2025-11-27 22:32:27.5222455150	1056	./.venv/lib/python3.13/site-packages/pip/_vendor/rich/LICENSE
2025-11-27 22:32:27.5222455150	1057	./.venv/lib/python3.13/site-packages/pip/_vendor/requests/packages.py
2025-11-27 22:32:27.5222455150	1064	./.venv/lib/python3.13/site-packages/pip/_vendor/rich/_emoji_replace.py
2025-11-27 22:32:27.5222455150	1236	./.venv/lib/python3.13/site-packages/pip/_vendor/rich/_loop.py
2025-11-27 22:32:27.5222455150	140235	./.venv/lib/python3.13/site-packages/pip/_vendor/rich/_emoji_codes.py
2025-11-27 22:32:27.5222455150	1543	./.venv/lib/python3.13/site-packages/pip/_vendor/resolvelib/resolvers/abstract.py
2025-11-27 22:32:27.5222455150	1768	./.venv/lib/python3.13/site-packages/pip/_vendor/resolvelib/resolvers/criterion.py
2025-11-27 22:32:27.5222455150	1768	./.venv/lib/python3.13/site-packages/pip/_vendor/resolvelib/resolvers/exceptions.py
2025-11-27 22:32:27.5222455150	2037	./.venv/lib/python3.13/site-packages/pip/_vendor/resolvelib/reporters.py
2025-11-27 22:32:27.5222455150	2128	./.venv/lib/python3.13/site-packages/pip/_vendor/rich/_export_format.py
2025-11-27 22:32:27.5222455150	24212	./.venv/lib/python3.13/site-packages/pip/_vendor/resolvelib/resolvers/resolution.py
2025-11-27 22:32:27.5222455150	265	./.venv/lib/python3.13/site-packages/pip/_vendor/rich/_extension.py
2025-11-27 22:32:27.5222455150	2912	./.venv/lib/python3.13/site-packages/pip/_vendor/requests/structures.py
2025-11-27 22:32:27.5222455150	30503	./.venv/lib/python3.13/site-packages/pip/_vendor/requests/sessions.py
2025-11-27 22:32:27.5222455150	3225	./.venv/lib/python3.13/site-packages/pip/_vendor/rich/_log_render.py
2025-11-27 22:32:27.5222455150	33225	./.venv/lib/python3.13/site-packages/pip/_vendor/requests/utils.py
2025-11-27 22:32:27.5222455150	35575	./.venv/lib/python3.13/site-packages/pip/_vendor/requests/models.py
2025-11-27 22:32:27.5222455150	4322	./.venv/lib/python3.13/site-packages/pip/_vendor/requests/status_codes.py
2025-11-27 22:32:27.5222455150	541	./.venv/lib/python3.13/site-packages/pip/_vendor/resolvelib/__init__.py
2025-11-27 22:32:27.5222455150	6090	./.venv/lib/python3.13/site-packages/pip/_vendor/rich/__init__.py
2025-11-27 22:32:27.5222455150	640	./.venv/lib/python3.13/site-packages/pip/_vendor/resolvelib/resolvers/__init__.py
2025-11-27 22:32:27.5222455150	6420	./.venv/lib/python3.13/site-packages/pip/_vendor/resolvelib/structs.py
2025-11-27 22:32:27.5222455150	751	./.venv/lib/python3.13/site-packages/pip/_vendor/resolvelib/LICENSE
2025-11-27 22:32:27.5222455150	7896	./.venv/lib/python3.13/site-packages/pip/_vendor/rich/__main__.py
2025-11-27 22:32:27.5222455150	799	./.venv/lib/python3.13/site-packages/pip/_vendor/rich/_fileno.py
2025-11-27 22:32:27.5222455150	8914	./.venv/lib/python3.13/site-packages/pip/_vendor/resolvelib/providers.py
2025-11-27 22:32:27.5222455150	9656	./.venv/lib/python3.13/site-packages/pip/_vendor/rich/_inspect.py
2025-11-27 22:32:27.5262455740	100849	./.venv/lib/python3.13/site-packages/pip/_vendor/rich/console.py
2025-11-27 22:32:27.5262455740	10324	./.venv/lib/python3.13/site-packages/pip/_vendor/rich/align.py
2025-11-27 22:32:27.5262455740	1054	./.venv/lib/python3.13/site-packages/pip/_vendor/rich/color_triplet.py
2025-11-27 22:32:27.5262455740	10686	./.venv/lib/python3.13/site-packages/pip/_vendor/rich/box.py
2025-11-27 22:32:27.5262455740	1288	./.venv/lib/python3.13/site-packages/pip/_vendor/rich/constrain.py
2025-11-27 22:32:27.5262455740	1394	./.venv/lib/python3.13/site-packages/pip/_vendor/rich/_null_file.py
2025-11-27 22:32:27.5262455740	18211	./.venv/lib/python3.13/site-packages/pip/_vendor/rich/color.py
2025-11-27 22:32:27.5262455740	1925	./.venv/lib/python3.13/site-packages/pip/_vendor/rich/_windows.py
2025-11-27 22:32:27.5262455740	19919	./.venv/lib/python3.13/site-packages/pip/_vendor/rich/_spinners.py
2025-11-27 22:32:27.5262455740	22755	./.venv/lib/python3.13/site-packages/pip/_vendor/rich/_win32_console.py
2025-11-27 22:32:27.5262455740	2783	./.venv/lib/python3.13/site-packages/pip/_vendor/rich/_windows_renderer.py
2025-11-27 22:32:27.5262455740	3263	./.venv/lib/python3.13/site-packages/pip/_vendor/rich/bar.py
2025-11-27 22:32:27.5262455740	3404	./.venv/lib/python3.13/site-packages/pip/_vendor/rich/_wrap.py
2025-11-27 22:32:27.5262455740	351	./.venv/lib/python3.13/site-packages/pip/_vendor/rich/_stack.py
2025-11-27 22:32:27.5262455740	417	./.venv/lib/python3.13/site-packages/pip/_vendor/rich/_timer.py
2025-11-27 22:32:27.5262455740	423	./.venv/lib/python3.13/site-packages/pip/_vendor/rich/_pick.py
2025-11-27 22:32:27.5262455740	5130	./.venv/lib/python3.13/site-packages/pip/_vendor/rich/cells.py
2025-11-27 22:32:27.5262455740	5325	./.venv/lib/python3.13/site-packages/pip/_vendor/rich/_ratio.py
2025-11-27 22:32:27.5262455740	5502	./.venv/lib/python3.13/site-packages/pip/_vendor/rich/containers.py
2025-11-27 22:32:27.5262455740	6487	./.venv/lib/python3.13/site-packages/pip/_vendor/rich/control.py
2025-11-27 22:32:27.5262455740	6921	./.venv/lib/python3.13/site-packages/pip/_vendor/rich/ansi.py
2025-11-27 22:32:27.5262455740	7063	./.venv/lib/python3.13/site-packages/pip/_vendor/rich/_palettes.py
2025-11-27 22:32:27.5262455740	7131	./.venv/lib/python3.13/site-packages/pip/_vendor/rich/columns.py
2025-11-27 22:32:27.5262455740	890	./.venv/lib/python3.13/site-packages/pip/_vendor/rich/abc.py
2025-11-27 22:32:27.5302456330	0	./.venv/lib/python3.13/site-packages/pip/_vendor/rich/py.typed
2025-11-27 22:32:27.5302456330	1025	./.venv/lib/python3.13/site-packages/pip/_vendor/rich/diagnose.py
2025-11-27 22:32:27.5302456330	11157	./.venv/lib/python3.13/site-packages/pip/_vendor/rich/panel.py
2025-11-27 22:32:27.5302456330	12447	./.venv/lib/python3.13/site-packages/pip/_vendor/rich/prompt.py
2025-11-27 22:32:27.5302456330	12468	./.venv/lib/python3.13/site-packages/pip/_vendor/rich/logging.py
2025-11-27 22:32:27.5302456330	1391	./.venv/lib/python3.13/site-packages/pip/_vendor/rich/protocol.py
2025-11-27 22:32:27.5302456330	14004	./.venv/lib/python3.13/site-packages/pip/_vendor/rich/layout.py
2025-11-27 22:32:27.5302456330	15180	./.venv/lib/python3.13/site-packages/pip/_vendor/rich/live.py
2025-11-27 22:32:27.5302456330	166	./.venv/lib/python3.13/site-packages/pip/_vendor/rich/region.py
2025-11-27 22:32:27.5302456330	1683	./.venv/lib/python3.13/site-packages/pip/_vendor/rich/file_proxy.py
2025-11-27 22:32:27.5302456330	2367	./.venv/lib/python3.13/site-packages/pip/_vendor/rich/emoji.py
2025-11-27 22:32:27.5302456330	2484	./.venv/lib/python3.13/site-packages/pip/_vendor/rich/filesize.py
2025-11-27 22:32:27.5302456330	2843	./.venv/lib/python3.13/site-packages/pip/_vendor/rich/scope.py
2025-11-27 22:32:27.5302456330	3252	./.venv/lib/python3.13/site-packages/pip/_vendor/rich/jupyter.py
2025-11-27 22:32:27.5302456330	3396	./.venv/lib/python3.13/site-packages/pip/_vendor/rich/palette.py
2025-11-27 22:32:27.5302456330	3521	./.venv/lib/python3.13/site-packages/pip/_vendor/rich/live_render.py
2025-11-27 22:32:27.5302456330	36391	./.venv/lib/python3.13/site-packages/pip/_vendor/rich/pretty.py
2025-11-27 22:32:27.5302456330	4431	./.venv/lib/python3.13/site-packages/pip/_vendor/rich/repr.py
2025-11-27 22:32:27.5302456330	4602	./.venv/lib/python3.13/site-packages/pip/_vendor/rich/rule.py
2025-11-27 22:32:27.5302456330	4908	./.venv/lib/python3.13/site-packages/pip/_vendor/rich/padding.py
2025-11-27 22:32:27.5302456330	5031	./.venv/lib/python3.13/site-packages/pip/_vendor/rich/json.py
2025-11-27 22:32:27.5302456330	5305	./.venv/lib/python3.13/site-packages/pip/_vendor/rich/measure.py
2025-11-27 22:32:27.5302456330	60408	./.venv/lib/python3.13/site-packages/pip/_vendor/rich/progress.py
2025-11-27 22:32:27.5302456330	642	./.venv/lib/python3.13/site-packages/pip/_vendor/rich/errors.py
2025-11-27 22:32:27.5302456330	8162	./.venv/lib/python3.13/site-packages/pip/_vendor/rich/progress_bar.py
2025-11-27 22:32:27.5302456330	8257	./.venv/lib/python3.13/site-packages/pip/_vendor/rich/default_styles.py
2025-11-27 22:32:27.5302456330	828	./.venv/lib/python3.13/site-packages/pip/_vendor/rich/pager.py
2025-11-27 22:32:27.5302456330	8451	./.venv/lib/python3.13/site-packages/pip/_vendor/rich/markup.py
2025-11-27 22:32:27.5302456330	9586	./.venv/lib/python3.13/site-packages/pip/_vendor/rich/highlighter.py
2025-11-27 22:32:27.5342456920	102	./.venv/lib/python3.13/site-packages/pip/_vendor/rich/themes.py
2025-11-27 22:32:27.5342456920	1072	./.venv/lib/python3.13/site-packages/pip/_vendor/tomli/LICENSE
2025-11-27 22:32:27.5342456920	1072	./.venv/lib/python3.13/site-packages/pip/_vendor/tomli_w/LICENSE
2025-11-27 22:32:27.5342456920	1258	./.venv/lib/python3.13/site-packages/pip/_vendor/rich/styled.py
2025-11-27 22:32:27.5342456920	1591	./.venv/lib/python3.13/site-packages/pip/_vendor/rich/screen.py
2025-11-27 22:32:27.5342456920	169	./.venv/lib/python3.13/site-packages/pip/_vendor/tomli_w/__init__.py
2025-11-27 22:32:27.5342456920	24743	./.venv/lib/python3.13/site-packages/pip/_vendor/rich/segment.py
2025-11-27 22:32:27.5342456920	254	./.venv/lib/python3.13/site-packages/pip/_vendor/tomli/_types.py
2025-11-27 22:32:27.5342456920	25778	./.venv/lib/python3.13/site-packages/pip/_vendor/tomli/_parser.py
2025-11-27 22:32:27.5342456920	26990	./.venv/lib/python3.13/site-packages/pip/_vendor/rich/style.py
2025-11-27 22:32:27.5342456920	26	./.venv/lib/python3.13/site-packages/pip/_vendor/tomli/py.typed
2025-11-27 22:32:27.5342456920	314	./.venv/lib/python3.13/site-packages/pip/_vendor/tomli/__init__.py
2025-11-27 22:32:27.5342456920	3235	./.venv/lib/python3.13/site-packages/pip/_vendor/tomli/_re.py
2025-11-27 22:32:27.5342456920	3370	./.venv/lib/python3.13/site-packages/pip/_vendor/rich/terminal_theme.py
2025-11-27 22:32:27.5342456920	35861	./.venv/lib/python3.13/site-packages/pip/_vendor/rich/traceback.py
2025-11-27 22:32:27.5342456920	36371	./.venv/lib/python3.13/site-packages/pip/_vendor/rich/syntax.py
2025-11-27 22:32:27.5342456920	3771	./.venv/lib/python3.13/site-packages/pip/_vendor/rich/theme.py
2025-11-27 22:32:27.5342456920	40049	./.venv/lib/python3.13/site-packages/pip/_vendor/rich/table.py
2025-11-27 22:32:27.5342456920	4214	./.venv/lib/python3.13/site-packages/pip/_vendor/rich/spinner.py
2025-11-27 22:32:27.5342456920	4424	./.venv/lib/python3.13/site-packages/pip/_vendor/rich/status.py
2025-11-27 22:32:27.5342456920	47552	./.venv/lib/python3.13/site-packages/pip/_vendor/rich/text.py
2025-11-27 22:32:27.5342456920	6961	./.venv/lib/python3.13/site-packages/pip/_vendor/tomli_w/_writer.py
2025-11-27 22:32:27.5342456920	9451	./.venv/lib/python3.13/site-packages/pip/_vendor/rich/tree.py
2025-11-27 22:32:27.5382457510	0	./.venv/lib/python3.13/site-packages/pip/_vendor/truststore/py.typed
2025-11-27 22:32:27.5382457510	0	./.venv/lib/python3.13/site-packages/pip/_vendor/urllib3/contrib/__init__.py
2025-11-27 22:32:27.5382457510	1086	./.venv/lib/python3.13/site-packages/pip/_vendor/truststore/LICENSE
2025-11-27 22:32:27.5382457510	11036	./.venv/lib/python3.13/site-packages/pip/_vendor/urllib3/contrib/appengine.py
2025-11-27 22:32:27.5382457510	1115	./.venv/lib/python3.13/site-packages/pip/_vendor/urllib3/LICENSE.txt
2025-11-27 22:32:27.5382457510	1130	./.venv/lib/python3.13/site-packages/pip/_vendor/truststore/_ssl_constants.py
2025-11-27 22:32:27.5382457510	11372	./.venv/lib/python3.13/site-packages/pip/_vendor/urllib3/_collections.py
2025-11-27 22:32:27.5382457510	11413	./.venv/lib/python3.13/site-packages/pip/_vendor/truststore/_api.py
2025-11-27 22:32:27.5382457510	1320	./.venv/lib/python3.13/site-packages/pip/_vendor/truststore/__init__.py
2025-11-27 22:32:27.5382457510	17081	./.venv/lib/python3.13/site-packages/pip/_vendor/urllib3/contrib/pyopenssl.py
2025-11-27 22:32:27.5382457510	17993	./.venv/lib/python3.13/site-packages/pip/_vendor/truststore/_windows.py
2025-11-27 22:32:27.5382457510	19990	./.venv/lib/python3.13/site-packages/pip/_vendor/urllib3/poolmanager.py
2025-11-27 22:32:27.5382457510	20314	./.venv/lib/python3.13/site-packages/pip/_vendor/urllib3/connection.py
2025-11-27 22:32:27.5382457510	20503	./.venv/lib/python3.13/site-packages/pip/_vendor/truststore/_macos.py
2025-11-27 22:32:27.5382457510	2412	./.venv/lib/python3.13/site-packages/pip/_vendor/truststore/_openssl.py
2025-11-27 22:32:27.5382457510	2440	./.venv/lib/python3.13/site-packages/pip/_vendor/urllib3/filepost.py
2025-11-27 22:32:27.5382457510	26	./.venv/lib/python3.13/site-packages/pip/_vendor/tomli_w/py.typed
2025-11-27 22:32:27.5382457510	30641	./.venv/lib/python3.13/site-packages/pip/_vendor/urllib3/response.py
2025-11-27 22:32:27.5382457510	3333	./.venv/lib/python3.13/site-packages/pip/_vendor/urllib3/__init__.py
2025-11-27 22:32:27.5382457510	34446	./.venv/lib/python3.13/site-packages/pip/_vendor/urllib3/contrib/securetransport.py
2025-11-27 22:32:27.5382457510	40408	./.venv/lib/python3.13/site-packages/pip/_vendor/urllib3/connectionpool.py
2025-11-27 22:32:27.5382457510	4528	./.venv/lib/python3.13/site-packages/pip/_vendor/urllib3/contrib/ntlmpool.py
2025-11-27 22:32:27.5382457510	64	./.venv/lib/python3.13/site-packages/pip/_vendor/urllib3/_version.py
2025-11-27 22:32:27.5382457510	6691	./.venv/lib/python3.13/site-packages/pip/_vendor/urllib3/request.py
2025-11-27 22:32:27.5382457510	7097	./.venv/lib/python3.13/site-packages/pip/_vendor/urllib3/contrib/socks.py
2025-11-27 22:32:27.5382457510	8217	./.venv/lib/python3.13/site-packages/pip/_vendor/urllib3/exceptions.py
2025-11-27 22:32:27.5382457510	8579	./.venv/lib/python3.13/site-packages/pip/_vendor/urllib3/fields.py
2025-11-27 22:32:27.5382457510	957	./.venv/lib/python3.13/site-packages/pip/_vendor/urllib3/contrib/_appengine_environ.py
2025-11-27 22:32:27.5422458100	0	./.venv/lib/python3.13/site-packages/pip/_vendor/urllib3/contrib/_securetransport/__init__.py
2025-11-27 22:32:27.5422458100	0	./.venv/lib/python3.13/site-packages/pip/_vendor/urllib3/packages/backports/__init__.py
2025-11-27 22:32:27.5422458100	0	./.venv/lib/python3.13/site-packages/pip/_vendor/urllib3/packages/__init__.py
2025-11-27 22:32:27.5422458100	10168	./.venv/lib/python3.13/site-packages/pip/_vendor/urllib3/util/timeout.py
2025-11-27 22:32:27.5422458100	1093	./.venv/lib/python3.13/site-packages/pip-25.3.dist-info/licenses/LICENSE.txt
2025-11-27 22:32:27.5422458100	11503	./.venv/lib/python3.13/site-packages/pip-25.3.dist-info/licenses/AUTHORS.txt
2025-11-27 22:32:27.5422458100	1155	./.venv/lib/python3.13/site-packages/pip/_vendor/urllib3/util/__init__.py
2025-11-27 22:32:27.5422458100	13922	./.venv/lib/python3.13/site-packages/pip/_vendor/urllib3/contrib/_securetransport/low_level.py
2025-11-27 22:32:27.5422458100	1417	./.venv/lib/python3.13/site-packages/pip/_vendor/urllib3/packages/backports/makefile.py
2025-11-27 22:32:27.5422458100	14296	./.venv/lib/python3.13/site-packages/pip/_vendor/urllib3/util/url.py
2025-11-27 22:32:27.5422458100	1605	./.venv/lib/python3.13/site-packages/pip/_vendor/urllib3/util/proxy.py
2025-11-27 22:32:27.5422458100	17460	./.venv/lib/python3.13/site-packages/pip/_vendor/urllib3/util/ssl_.py
2025-11-27 22:32:27.5422458100	17632	./.venv/lib/python3.13/site-packages/pip/_vendor/urllib3/contrib/_securetransport/bindings.py
2025-11-27 22:32:27.5422458100	22050	./.venv/lib/python3.13/site-packages/pip/_vendor/urllib3/util/retry.py
2025-11-27 22:32:27.5422458100	34665	./.venv/lib/python3.13/site-packages/pip/_vendor/urllib3/packages/six.py
2025-11-27 22:32:27.5422458100	3510	./.venv/lib/python3.13/site-packages/pip/_vendor/urllib3/util/response.py
2025-11-27 22:32:27.5422458100	3997	./.venv/lib/python3.13/site-packages/pip/_vendor/urllib3/util/request.py
2025-11-27 22:32:27.5422458100	4901	./.venv/lib/python3.13/site-packages/pip/_vendor/urllib3/util/connection.py
2025-11-27 22:32:27.5422458100	498	./.venv/lib/python3.13/site-packages/pip/_vendor/urllib3/util/queue.py
2025-11-27 22:32:27.5422458100	5343	./.venv/lib/python3.13/site-packages/pip/_vendor/urllib3/packages/backports/weakref_finalize.py
2025-11-27 22:32:27.5422458100	5403	./.venv/lib/python3.13/site-packages/pip/_vendor/urllib3/util/wait.py
2025-11-27 22:32:27.5422458100	558	./.venv/lib/python3.13/site-packages/pip-25.3.dist-info/licenses/src/pip/_vendor/cachecontrol/LICENSE.txt
2025-11-27 22:32:27.5422458100	5758	./.venv/lib/python3.13/site-packages/pip/_vendor/urllib3/util/ssl_match_hostname.py
2025-11-27 22:32:27.5422458100	6895	./.venv/lib/python3.13/site-packages/pip/_vendor/urllib3/util/ssltransport.py
2025-11-27 22:32:27.5422458100	84	./.venv/lib/python3.13/site-packages/pip-25.3.dist-info/entry_points.txt
2025-11-27 22:32:27.5462458690	10142	./.venv/lib/python3.13/site-packages/pip-25.3.dist-info/licenses/src/pip/_vendor/requests/LICENSE
2025-11-27 22:32:27.5462458690	10174	./.venv/lib/python3.13/site-packages/pip-25.3.dist-info/licenses/src/pip/_vendor/packaging/LICENSE.APACHE
2025-11-27 22:32:27.5462458690	1023	./.venv/lib/python3.13/site-packages/pip-25.3.dist-info/licenses/src/pip/_vendor/pkg_resources/LICENSE
2025-11-27 22:32:27.5462458690	1056	./.venv/lib/python3.13/site-packages/pip-25.3.dist-info/licenses/src/pip/_vendor/rich/LICENSE
2025-11-27 22:32:27.5462458690	1072	./.venv/lib/python3.13/site-packages/pip-25.3.dist-info/licenses/src/pip/_vendor/tomli/LICENSE
2025-11-27 22:32:27.5462458690	1072	./.venv/lib/python3.13/site-packages/pip-25.3.dist-info/licenses/src/pip/_vendor/tomli_w/LICENSE
2025-11-27 22:32:27.5462458690	1081	./.venv/lib/python3.13/site-packages/pip-25.3.dist-info/licenses/src/pip/_vendor/pyproject_hooks/LICENSE
2025-11-27 22:32:27.5462458690	1086	./.venv/lib/python3.13/site-packages/pip-25.3.dist-info/licenses/src/pip/_vendor/truststore/LICENSE
2025-11-27 22:32:27.5462458690	1089	./.venv/lib/python3.13/site-packages/pip-25.3.dist-info/licenses/src/pip/_vendor/platformdirs/LICENSE
2025-11-27 22:32:27.5462458690	1099	./.venv/lib/python3.13/site-packages/pip-25.3.dist-info/licenses/src/pip/_vendor/dependency_groups/LICENSE.txt
2025-11-27 22:32:27.5462458690	1115	./.venv/lib/python3.13/site-packages/pip-25.3.dist-info/licenses/src/pip/_vendor/urllib3/LICENSE.txt
2025-11-27 22:32:27.5462458690	11325	./.venv/lib/python3.13/site-packages/pip-25.3.dist-info/licenses/src/pip/_vendor/distro/LICENSE
2025-11-27 22:32:27.5462458690	1331	./.venv/lib/python3.13/site-packages/pip-25.3.dist-info/licenses/src/pip/_vendor/pygments/LICENSE
2025-11-27 22:32:27.5462458690	1344	./.venv/lib/python3.13/site-packages/pip-25.3.dist-info/licenses/src/pip/_vendor/packaging/LICENSE.BSD
2025-11-27 22:32:27.5462458690	14531	./.venv/lib/python3.13/site-packages/pip-25.3.dist-info/licenses/src/pip/_vendor/distlib/LICENSE.txt
2025-11-27 22:32:27.5462458690	1541	./.venv/lib/python3.13/site-packages/pip-25.3.dist-info/licenses/src/pip/_vendor/idna/LICENSE.md
2025-11-27 22:32:27.5462458690	197	./.venv/lib/python3.13/site-packages/pip-25.3.dist-info/licenses/src/pip/_vendor/packaging/LICENSE
2025-11-27 22:32:27.5462458690	4672	./.venv/lib/python3.13/site-packages/pip-25.3.dist-info/METADATA
2025-11-27 22:32:27.5462458690	614	./.venv/lib/python3.13/site-packages/pip-25.3.dist-info/licenses/src/pip/_vendor/msgpack/COPYING
2025-11-27 22:32:27.5462458690	751	./.venv/lib/python3.13/site-packages/pip-25.3.dist-info/licenses/src/pip/_vendor/resolvelib/LICENSE
2025-11-27 22:32:27.5462458690	82	./.venv/lib/python3.13/site-packages/pip-25.3.dist-info/WHEEL
2025-11-27 22:32:27.5462458690	989	./.venv/lib/python3.13/site-packages/pip-25.3.dist-info/licenses/src/pip/_vendor/certifi/LICENSE
2025-11-27 22:32:28.6422620330	256	./.venv/bin/pip
2025-11-27 22:32:28.6422620330	256	./.venv/bin/pip3
2025-11-27 22:32:28.6422620330	256	./.venv/bin/pip3.13
2025-11-27 22:32:28.6422620330	4	./.venv/lib/python3.13/site-packages/pip-25.3.dist-info/INSTALLER
2025-11-27 22:32:28.6542622100	0	./.venv/lib/python3.13/site-packages/pip-25.3.dist-info/REQUESTED
2025-11-27 22:32:28.6582622690	68249	./.venv/lib/python3.13/site-packages/pip-25.3.dist-info/RECORD
2025-11-27 22:34:34.9721259560	288	./.vscode/extensions.json
2025-11-27 22:36:06.6174789100	176	./GEDCOM_Parser_Project.code-workspace
2025-11-27 22:39:05.0000000000	191	./src/gedcom_parser/utils.py
2025-11-27 22:39:12.0000000000	354	./src/gedcom_parser/loader.py
2025-11-27 22:39:19.0000000000	219	./src/gedcom_parser/models.py
2025-11-27 22:43:17.1358386820	932	./.vscode/settings.json
2025-11-27 22:44:24.2848309130	277	./run.py
2025-11-27 22:45:11.1855239650	13936	./.venv/lib/python3.13/site-packages/typing_extensions-4.15.0.dist-info/licenses/LICENSE
2025-11-27 22:45:11.1855239650	160429	./.venv/lib/python3.13/site-packages/typing_extensions.py
2025-11-27 22:45:11.1855239650	3259	./.venv/lib/python3.13/site-packages/typing_extensions-4.15.0.dist-info/METADATA
2025-11-27 22:45:11.1855239650	82	./.venv/lib/python3.13/site-packages/typing_extensions-4.15.0.dist-info/WHEEL
2025-11-27 22:45:11.2175244380	4	./.venv/lib/python3.13/site-packages/typing_extensions-4.15.0.dist-info/INSTALLER
2025-11-27 22:45:11.2215244970	580	./.venv/lib/python3.13/site-packages/typing_extensions-4.15.0.dist-info/RECORD
2025-11-27 22:45:11.2255245560	1066	./.venv/lib/python3.13/site-packages/six-1.17.0.dist-info/LICENSE
2025-11-27 22:45:11.2255245560	109	./.venv/lib/python3.13/site-packages/six-1.17.0.dist-info/WHEEL
2025-11-27 22:45:11.2255245560	1658	./.venv/lib/python3.13/site-packages/six-1.17.0.dist-info/METADATA
2025-11-27 22:45:11.2255245560	34703	./.venv/lib/python3.13/site-packages/six.py
2025-11-27 22:45:11.2255245560	4	./.venv/lib/python3.13/site-packages/six-1.17.0.dist-info/top_level.txt
2025-11-27 22:45:11.2375247330	4	./.venv/lib/python3.13/site-packages/six-1.17.0.dist-info/INSTALLER
2025-11-27 22:45:11.2415247920	561	./.venv/lib/python3.13/site-packages/six-1.17.0.dist-info/RECORD
2025-11-27 22:45:11.2535249700	12311	./.venv/lib/python3.13/site-packages/yaml/__init__.py
2025-11-27 22:45:11.2535249700	1402	./.venv/lib/python3.13/site-packages/_yaml/__init__.py
2025-11-27 22:45:11.2655251470	2666184	./.venv/lib/python3.13/site-packages/yaml/_yaml.cpython-313-aarch64-linux-gnu.so
2025-11-27 22:45:11.2695252060	14190	./.venv/lib/python3.13/site-packages/yaml/representer.py
2025-11-27 22:45:11.2695252060	1440	./.venv/lib/python3.13/site-packages/yaml/nodes.py
2025-11-27 22:45:11.2695252060	2061	./.venv/lib/python3.13/site-packages/yaml/loader.py
2025-11-27 22:45:11.2695252060	2351	./.venv/lib/python3.13/site-packages/pyyaml-6.0.3.dist-info/METADATA
2025-11-27 22:45:11.2695252060	2445	./.venv/lib/python3.13/site-packages/yaml/events.py
2025-11-27 22:45:11.2695252060	2533	./.venv/lib/python3.13/site-packages/yaml/error.py
2025-11-27 22:45:11.2695252060	25495	./.venv/lib/python3.13/site-packages/yaml/parser.py
2025-11-27 22:45:11.2695252060	2573	./.venv/lib/python3.13/site-packages/yaml/tokens.py
2025-11-27 22:45:11.2695252060	2837	./.venv/lib/python3.13/site-packages/yaml/dumper.py
2025-11-27 22:45:11.2695252060	28639	./.venv/lib/python3.13/site-packages/yaml/constructor.py
2025-11-27 22:45:11.2695252060	3851	./.venv/lib/python3.13/site-packages/yaml/cyaml.py
2025-11-27 22:45:11.2695252060	4165	./.venv/lib/python3.13/site-packages/yaml/serializer.py
2025-11-27 22:45:11.2695252060	43006	./.venv/lib/python3.13/site-packages/yaml/emitter.py
2025-11-27 22:45:11.2695252060	4883	./.venv/lib/python3.13/site-packages/yaml/composer.py
2025-11-27 22:45:11.2695252060	51279	./.venv/lib/python3.13/site-packages/yaml/scanner.py
2025-11-27 22:45:11.2695252060	6794	./.venv/lib/python3.13/site-packages/yaml/reader.py
2025-11-27 22:45:11.2695252060	9004	./.venv/lib/python3.13/site-packages/yaml/resolver.py
2025-11-27 22:45:11.2735252650	1101	./.venv/lib/python3.13/site-packages/pyyaml-6.0.3.dist-info/licenses/LICENSE
2025-11-27 22:45:11.2735252650	11	./.venv/lib/python3.13/site-packages/pyyaml-6.0.3.dist-info/top_level.txt
2025-11-27 22:45:11.2735252650	193	./.venv/lib/python3.13/site-packages/pyyaml-6.0.3.dist-info/WHEEL
2025-11-27 22:45:11.3495263880	4	./.venv/lib/python3.13/site-packages/pyyaml-6.0.3.dist-info/INSTALLER
2025-11-27 22:45:11.3535264470	0	./.venv/lib/python3.13/site-packages/pyyaml-6.0.3.dist-info/REQUESTED
2025-11-27 22:45:11.3535264470	2794	./.venv/lib/python3.13/site-packages/pyyaml-6.0.3.dist-info/RECORD
2025-11-27 22:45:11.3615265660	2959	./.venv/lib/python3.13/site-packages/pygments/__init__.py
2025-11-27 22:45:11.3655266250	10031	./.venv/lib/python3.13/site-packages/pygments/util.py
2025-11-27 22:45:11.3655266250	1005	./.venv/lib/python3.13/site-packages/pygments/modeline.py
2025-11-27 22:45:11.3655266250	1718	./.venv/lib/python3.13/site-packages/pygments/console.py
2025-11-27 22:45:11.3655266250	1891	./.venv/lib/python3.13/site-packages/pygments/plugin.py
2025-11-27 22:45:11.3655266250	1910	./.venv/lib/python3.13/site-packages/pygments/filter.py
2025-11-27 22:45:11.3655266250	23536	./.venv/lib/python3.13/site-packages/pygments/cmdline.py
2025-11-27 22:45:11.3655266250	3072	./.venv/lib/python3.13/site-packages/pygments/regexopt.py
2025-11-27 22:45:11.3655266250	3092	./.venv/lib/python3.13/site-packages/pygments/scanner.py
2025-11-27 22:45:11.3655266250	3296	./.venv/lib/python3.13/site-packages/pygments/formatters/bbcode.py
2025-11-27 22:45:11.3655266250	348	./.venv/lib/python3.13/site-packages/pygments/__main__.py
2025-11-27 22:45:11.3655266250	35109	./.venv/lib/python3.13/site-packages/pygments/lexer.py
2025-11-27 22:45:11.3655266250	35953	./.venv/lib/python3.13/site-packages/pygments/formatters/html.py
2025-11-27 22:45:11.3655266250	40344	./.venv/lib/python3.13/site-packages/pygments/filters/__init__.py
2025-11-27 22:45:11.3655266250	4176	./.venv/lib/python3.13/site-packages/pygments/formatters/_mapping.py
2025-11-27 22:45:11.3655266250	4366	./.venv/lib/python3.13/site-packages/pygments/formatter.py
2025-11-27 22:45:11.3655266250	5082	./.venv/lib/python3.13/site-packages/pygments/formatters/groff.py
2025-11-27 22:45:11.3655266250	5349	./.venv/lib/python3.13/site-packages/pygments/formatters/__init__.py
2025-11-27 22:45:11.3655266250	6226	./.venv/lib/python3.13/site-packages/pygments/token.py
2025-11-27 22:45:11.3655266250	63208	./.venv/lib/python3.13/site-packages/pygments/unistring.py
2025-11-27 22:45:11.3655266250	6408	./.venv/lib/python3.13/site-packages/pygments/style.py
2025-11-27 22:45:11.3655266250	7898	./.venv/lib/python3.13/site-packages/pygments/sphinxext.py
2025-11-27 22:45:11.3695266840	105173	./.venv/lib/python3.13/site-packages/pygments/lexers/_cocoa_builtins.py
2025-11-27 22:45:11.3695266840	11717	./.venv/lib/python3.13/site-packages/pygments/formatters/terminal256.py
2025-11-27 22:45:11.3695266840	11883	./.venv/lib/python3.13/site-packages/pygments/lexers/_julia_builtins.py
2025-11-27 22:45:11.3695266840	11921	./.venv/lib/python3.13/site-packages/pygments/formatters/rtf.py
2025-11-27 22:45:11.3695266840	12067	./.venv/lib/python3.13/site-packages/pygments/lexers/__init__.py
2025-11-27 22:45:11.3695266840	12446	./.venv/lib/python3.13/site-packages/pygments/lexers/_css_builtins.py
2025-11-27 22:45:11.3695266840	134510	./.venv/lib/python3.13/site-packages/pygments/lexers/_lasso_builtins.py
2025-11-27 22:45:11.3695266840	13994	./.venv/lib/python3.13/site-packages/pygments/lexers/_cl_builtins.py
2025-11-27 22:45:11.3695266840	1543	./.venv/lib/python3.13/site-packages/pygments/lexers/_ada_builtins.py
2025-11-27 22:45:11.3695266840	16132	./.venv/lib/python3.13/site-packages/pygments/lexers/_googlesql_builtins.py
2025-11-27 22:45:11.3695266840	18414	./.venv/lib/python3.13/site-packages/pygments/lexers/_csound_builtins.py
2025-11-27 22:45:11.3695266840	19258	./.venv/lib/python3.13/site-packages/pygments/formatters/latex.py
2025-11-27 22:45:11.3695266840	2206	./.venv/lib/python3.13/site-packages/pygments/formatters/pangomarkup.py
2025-11-27 22:45:11.3695266840	23301	./.venv/lib/python3.13/site-packages/pygments/formatters/img.py
2025-11-27 22:45:11.3695266840	27287	./.venv/lib/python3.13/site-packages/pygments/lexers/_asy_builtins.py
2025-11-27 22:45:11.3695266840	4626	./.venv/lib/python3.13/site-packages/pygments/formatters/terminal.py
2025-11-27 22:45:11.3695266840	4945	./.venv/lib/python3.13/site-packages/pygments/formatters/irc.py
2025-11-27 22:45:11.3695266840	4986	./.venv/lib/python3.13/site-packages/pygments/formatters/other.py
2025-11-27 22:45:11.3695266840	7138	./.venv/lib/python3.13/site-packages/pygments/formatters/svg.py
2025-11-27 22:45:11.3735267430	107922	./.venv/lib/python3.13/site-packages/pygments/lexers/_php_builtins.py
2025-11-27 22:45:11.3735267430	108094	./.venv/lib/python3.13/site-packages/pygments/lexers/_lilypond_builtins.py
2025-11-27 22:45:11.3735267430	12595	./.venv/lib/python3.13/site-packages/pygments/lexers/_qlik_builtins.py
2025-11-27 22:45:11.3735267430	13343	./.venv/lib/python3.13/site-packages/pygments/lexers/_postgres_builtins.py
2025-11-27 22:45:11.3735267430	24713	./.venv/lib/python3.13/site-packages/pygments/lexers/_mql_builtins.py
2025-11-27 22:45:11.3735267430	25838	./.venv/lib/python3.13/site-packages/pygments/lexers/_mysql_builtins.py
2025-11-27 22:45:11.3735267430	26777	./.venv/lib/python3.13/site-packages/pygments/lexers/_sourcemod_builtins.py
2025-11-27 22:45:11.3735267430	32564	./.venv/lib/python3.13/site-packages/pygments/lexers/_scheme_builtins.py
2025-11-27 22:45:11.3735267430	49398	./.venv/lib/python3.13/site-packages/pygments/lexers/_openedge_builtins.py
2025-11-27 22:45:11.3735267430	52411	./.venv/lib/python3.13/site-packages/pygments/lexers/_scilab_builtins.py
2025-11-27 22:45:11.3735267430	70438	./.venv/lib/python3.13/site-packages/pygments/lexers/_mapping.py
2025-11-27 22:45:11.3735267430	8108	./.venv/lib/python3.13/site-packages/pygments/lexers/_lua_builtins.py
2025-11-27 22:45:11.3735267430	955	./.venv/lib/python3.13/site-packages/pygments/lexers/_luau_builtins.py
2025-11-27 22:45:11.3775268020	11414	./.venv/lib/python3.13/site-packages/pygments/lexers/arturo.py
2025-11-27 22:45:11.3775268020	11538	./.venv/lib/python3.13/site-packages/pygments/lexers/archetype.py
2025-11-27 22:45:11.3775268020	11727	./.venv/lib/python3.13/site-packages/pygments/lexers/actionscript.py
2025-11-27 22:45:11.3775268020	13445	./.venv/lib/python3.13/site-packages/pygments/lexers/_stan_builtins.py
2025-11-27 22:45:11.3775268020	15460	./.venv/lib/python3.13/site-packages/pygments/lexers/_tsql_builtins.py
2025-11-27 22:45:11.3775268020	1658	./.venv/lib/python3.13/site-packages/pygments/lexers/_usd_builtins.py
2025-11-27 22:45:11.3775268020	1723	./.venv/lib/python3.13/site-packages/pygments/lexers/amdgpu.py
2025-11-27 22:45:11.3775268020	2605	./.venv/lib/python3.13/site-packages/pygments/lexers/ambient.py
2025-11-27 22:45:11.3775268020	27227	./.venv/lib/python3.13/site-packages/pygments/lexers/_stata_builtins.py
2025-11-27 22:45:11.3775268020	30800	./.venv/lib/python3.13/site-packages/pygments/lexers/apdlexer.py
2025-11-27 22:45:11.3775268020	3404	./.venv/lib/python3.13/site-packages/pygments/lexers/apl.py
2025-11-27 22:45:11.3775268020	3564	./.venv/lib/python3.13/site-packages/pygments/lexers/arrow.py
2025-11-27 22:45:11.3775268020	4176	./.venv/lib/python3.13/site-packages/pygments/lexers/ampl.py
2025-11-27 22:45:11.3775268020	4225	./.venv/lib/python3.13/site-packages/pygments/lexers/_vbscript_builtins.py
2025-11-27 22:45:11.3775268020	5353	./.venv/lib/python3.13/site-packages/pygments/lexers/ada.py
2025-11-27 22:45:11.3775268020	57066	./.venv/lib/python3.13/site-packages/pygments/lexers/_vim_builtins.py
2025-11-27 22:45:11.3775268020	6767	./.venv/lib/python3.13/site-packages/pygments/lexers/_sql_builtins.py
2025-11-27 22:45:11.3775268020	896	./.venv/lib/python3.13/site-packages/pygments/lexers/agile.py
2025-11-27 22:45:11.3775268020	9952	./.venv/lib/python3.13/site-packages/pygments/lexers/algebra.py
2025-11-27 22:45:11.3815268610	1641	./.venv/lib/python3.13/site-packages/pygments/lexers/bdd.py
2025-11-27 22:45:11.3815268610	1693	./.venv/lib/python3.13/site-packages/pygments/lexers/asc.py
2025-11-27 22:45:11.3815268610	18059	./.venv/lib/python3.13/site-packages/pygments/lexers/c_cpp.py
2025-11-27 22:45:11.3815268610	19831	./.venv/lib/python3.13/site-packages/pygments/lexers/automation.py
2025-11-27 22:45:11.3815268610	2174	./.venv/lib/python3.13/site-packages/pygments/lexers/capnproto.py
2025-11-27 22:45:11.3815268610	27989	./.venv/lib/python3.13/site-packages/pygments/lexers/basic.py
2025-11-27 22:45:11.3815268610	28345	./.venv/lib/python3.13/site-packages/pygments/lexers/business.py
2025-11-27 22:45:11.3815268610	3020	./.venv/lib/python3.13/site-packages/pygments/lexers/bare.py
2025-11-27 22:45:11.3815268610	32021	./.venv/lib/python3.13/site-packages/pygments/lexers/c_like.py
2025-11-27 22:45:11.3815268610	3209	./.venv/lib/python3.13/site-packages/pygments/lexers/berry.py
2025-11-27 22:45:11.3815268610	3211	./.venv/lib/python3.13/site-packages/pygments/lexers/carbon.py
2025-11-27 22:45:11.3815268610	3671	./.venv/lib/python3.13/site-packages/pygments/lexers/bqn.py
2025-11-27 22:45:11.3815268610	3921	./.venv/lib/python3.13/site-packages/pygments/lexers/boa.py
2025-11-27 22:45:11.3815268610	41967	./.venv/lib/python3.13/site-packages/pygments/lexers/asm.py
2025-11-27 22:45:11.3815268610	4262	./.venv/lib/python3.13/site-packages/pygments/lexers/asn1.py
2025-11-27 22:45:11.3815268610	4811	./.venv/lib/python3.13/site-packages/pygments/lexers/bibtex.py
2025-11-27 22:45:11.3815268610	5076	./.venv/lib/python3.13/site-packages/pygments/lexers/cddl.py
2025-11-27 22:45:11.3815268610	5156	./.venv/lib/python3.13/site-packages/pygments/lexers/chapel.py
2025-11-27 22:45:11.3815268610	6188	./.venv/lib/python3.13/site-packages/pygments/lexers/blueprint.py
2025-11-27 22:45:11.3815268610	6418	./.venv/lib/python3.13/site-packages/pygments/lexers/clean.py
2025-11-27 22:45:11.3855269200	1389	./.venv/lib/python3.13/site-packages/pygments/lexers/cplint.py
2025-11-27 22:45:11.3855269200	1426	./.venv/lib/python3.13/site-packages/pygments/lexers/compiled.py
2025-11-27 22:45:11.3855269200	15754	./.venv/lib/python3.13/site-packages/pygments/lexers/crystal.py
2025-11-27 22:45:11.3855269200	16998	./.venv/lib/python3.13/site-packages/pygments/lexers/csound.py
2025-11-27 22:45:11.3855269200	25376	./.venv/lib/python3.13/site-packages/pygments/lexers/css.py
2025-11-27 22:45:11.3855269200	2576	./.venv/lib/python3.13/site-packages/pygments/lexers/codeql.py
2025-11-27 22:45:11.3855269200	27026	./.venv/lib/python3.13/site-packages/pygments/lexers/data.py
2025-11-27 22:45:11.3855269200	3179	./.venv/lib/python3.13/site-packages/pygments/lexers/comal.py
2025-11-27 22:45:11.3855269200	36746	./.venv/lib/python3.13/site-packages/pygments/lexers/dsls.py
2025-11-27 22:45:11.3855269200	3891	./.venv/lib/python3.13/site-packages/pygments/lexers/dns.py
2025-11-27 22:45:11.3855269200	39441	./.venv/lib/python3.13/site-packages/pygments/lexers/dotnet.py
2025-11-27 22:45:11.3855269200	4019	./.venv/lib/python3.13/site-packages/pygments/lexers/devicetree.py
2025-11-27 22:45:11.3855269200	4180	./.venv/lib/python3.13/site-packages/pygments/lexers/console.py
2025-11-27 22:45:11.3855269200	4606	./.venv/lib/python3.13/site-packages/pygments/lexers/dalvik.py
2025-11-27 22:45:11.3855269200	50913	./.venv/lib/python3.13/site-packages/pygments/lexers/configs.py
2025-11-27 22:45:11.3855269200	5382	./.venv/lib/python3.13/site-packages/pygments/lexers/diff.py
2025-11-27 22:45:11.3855269200	8098	./.venv/lib/python3.13/site-packages/pygments/lexers/dax.py
2025-11-27 22:45:11.3855269200	9920	./.venv/lib/python3.13/site-packages/pygments/lexers/d.py
2025-11-27 22:45:11.3895269790	10231	./.venv/lib/python3.13/site-packages/pygments/lexers/fantom.py
2025-11-27 22:45:11.3895269790	10382	./.venv/lib/python3.13/site-packages/pygments/lexers/fortran.py
2025-11-27 22:45:11.3895269790	10409	./.venv/lib/python3.13/site-packages/pygments/lexers/dylan.py
2025-11-27 22:45:11.3895269790	10500	./.venv/lib/python3.13/site-packages/pygments/lexers/esoteric.py
2025-11-27 22:45:11.3895269790	1644	./.venv/lib/python3.13/site-packages/pygments/lexers/fift.py
2025-11-27 22:45:11.3895269790	19147	./.venv/lib/python3.13/site-packages/pygments/lexers/erlang.py
2025-11-27 22:45:11.3895269790	19530	./.venv/lib/python3.13/site-packages/pygments/lexers/factor.py
2025-11-27 22:45:11.3895269790	2392	./.venv/lib/python3.13/site-packages/pygments/lexers/gleam.py
2025-11-27 22:45:11.3895269790	26295	./.venv/lib/python3.13/site-packages/pygments/lexers/foxpro.py
2025-11-27 22:45:11.3895269790	2667	./.venv/lib/python3.13/site-packages/pygments/lexers/floscript.py
2025-11-27 22:45:11.3895269790	2690	./.venv/lib/python3.13/site-packages/pygments/lexers/eiffel.py
2025-11-27 22:45:11.3895269790	26913	./.venv/lib/python3.13/site-packages/pygments/lexers/freefem.py
2025-11-27 22:45:11.3895269790	3152	./.venv/lib/python3.13/site-packages/pygments/lexers/elm.py
2025-11-27 22:45:11.3895269790	3272	./.venv/lib/python3.13/site-packages/pygments/lexers/ezhil.py
2025-11-27 22:45:11.3895269790	3700	./.venv/lib/python3.13/site-packages/pygments/lexers/func.py
2025-11-27 22:45:11.3895269790	3743	./.venv/lib/python3.13/site-packages/pygments/lexers/futhark.py
2025-11-27 22:45:11.3895269790	3783	./.venv/lib/python3.13/site-packages/pygments/lexers/go.py
2025-11-27 22:45:11.3895269790	4804	./.venv/lib/python3.13/site-packages/pygments/lexers/email.py
2025-11-27 22:45:11.3895269790	6371	./.venv/lib/python3.13/site-packages/pygments/lexers/ecl.py
2025-11-27 22:45:11.3895269790	6877	./.venv/lib/python3.13/site-packages/pygments/lexers/elpi.py
2025-11-27 22:45:11.3895269790	693	./.venv/lib/python3.13/site-packages/pygments/lexers/functional.py
2025-11-27 22:45:11.3895269790	7193	./.venv/lib/python3.13/site-packages/pygments/lexers/forth.py
2025-11-27 22:45:11.3895269790	7566	./.venv/lib/python3.13/site-packages/pygments/lexers/gdscript.py
2025-11-27 22:45:11.3895269790	8043	./.venv/lib/python3.13/site-packages/pygments/lexers/grammar_notation.py
2025-11-27 22:45:11.3895269790	874	./.venv/lib/python3.13/site-packages/pygments/lexers/gcodelexer.py
2025-11-27 22:45:11.3895269790	9655	./.venv/lib/python3.13/site-packages/pygments/lexers/felix.py
2025-11-27 22:45:11.3935270380	14435	./.venv/lib/python3.13/site-packages/pygments/lexers/installers.py
2025-11-27 22:45:11.3935270380	15449	./.venv/lib/python3.13/site-packages/pygments/lexers/idl.py
2025-11-27 22:45:11.3935270380	1905	./.venv/lib/python3.13/site-packages/pygments/lexers/iolang.py
2025-11-27 22:45:11.3935270380	1934	./.venv/lib/python3.13/site-packages/pygments/lexers/graphviz.py
2025-11-27 22:45:11.3935270380	2082	./.venv/lib/python3.13/site-packages/pygments/lexers/jmespath.py
2025-11-27 22:45:11.3935270380	21977	./.venv/lib/python3.13/site-packages/pygments/lexers/html.py
2025-11-27 22:45:11.3935270380	22738	./.venv/lib/python3.13/site-packages/pygments/lexers/hdl.py
2025-11-27 22:45:11.3935270380	2502	./.venv/lib/python3.13/site-packages/pygments/lexers/json5.py
2025-11-27 22:45:11.3935270380	2649	./.venv/lib/python3.13/site-packages/pygments/lexers/hare.py
2025-11-27 22:45:11.3935270380	30974	./.venv/lib/python3.13/site-packages/pygments/lexers/haxe.py
2025-11-27 22:45:11.3935270380	3135	./.venv/lib/python3.13/site-packages/pygments/lexers/inferno.py
2025-11-27 22:45:11.3935270380	31633	./.venv/lib/python3.13/site-packages/pygments/lexers/igor.py
2025-11-27 22:45:11.3935270380	33262	./.venv/lib/python3.13/site-packages/pygments/lexers/haskell.py
2025-11-27 22:45:11.3935270380	3653	./.venv/lib/python3.13/site-packages/pygments/lexers/hexdump.py
2025-11-27 22:45:11.3935270380	3700	./.venv/lib/python3.13/site-packages/pygments/lexers/jslt.py
2025-11-27 22:45:11.3935270380	39145	./.venv/lib/python3.13/site-packages/pygments/lexers/graphics.py
2025-11-27 22:45:11.3935270380	3990	./.venv/lib/python3.13/site-packages/pygments/lexers/gsql.py
2025-11-27 22:45:11.3935270380	4108	./.venv/lib/python3.13/site-packages/pygments/lexers/graph.py
2025-11-27 22:45:11.3935270380	4853	./.venv/lib/python3.13/site-packages/pygments/lexers/j.py
2025-11-27 22:45:11.3935270380	5601	./.venv/lib/python3.13/site-packages/pygments/lexers/graphql.py
2025-11-27 22:45:11.3935270380	56544	./.venv/lib/python3.13/site-packages/pygments/lexers/int_fiction.py
2025-11-27 22:45:11.3935270380	63243	./.venv/lib/python3.13/site-packages/pygments/lexers/javascript.py
2025-11-27 22:45:11.3975270980	11405	./.venv/lib/python3.13/site-packages/pygments/lexers/kuin.py
2025-11-27 22:45:11.3975270980	11710	./.venv/lib/python3.13/site-packages/pygments/lexers/julia.py
2025-11-27 22:45:11.3975270980	157668	./.venv/lib/python3.13/site-packages/pygments/lexers/lisp.py
2025-11-27 22:45:11.3975270980	2693	./.venv/lib/python3.13/site-packages/pygments/lexers/jsx.py
2025-11-27 22:45:11.3975270980	33366	./.venv/lib/python3.13/site-packages/pygments/lexers/macaulay2.py
2025-11-27 22:45:11.3975270980	3477	./.venv/lib/python3.13/site-packages/pygments/lexers/kusto.py
2025-11-27 22:45:11.3975270980	5636	./.venv/lib/python3.13/site-packages/pygments/lexers/jsonnet.py
2025-11-27 22:45:11.3975270980	65088	./.venv/lib/python3.13/site-packages/pygments/lexers/markup.py
2025-11-27 22:45:11.3975270980	6551	./.venv/lib/python3.13/site-packages/pygments/lexers/ldap.py
2025-11-27 22:45:11.3975270980	695	./.venv/lib/python3.13/site-packages/pygments/lexers/math.py
2025-11-27 22:45:11.3975270980	72667	./.venv/lib/python3.13/site-packages/pygments/lexers/jvm.py
2025-11-27 22:45:11.3975270980	7831	./.venv/lib/python3.13/site-packages/pygments/lexers/make.py
2025-11-27 22:45:11.3975270980	7960	./.venv/lib/python3.13/site-packages/pygments/lexers/maple.py
2025-11-27 22:45:11.3975270980	8570	./.venv/lib/python3.13/site-packages/pygments/lexers/lean.py
2025-11-27 22:45:11.3975270980	9752	./.venv/lib/python3.13/site-packages/pygments/lexers/lilypond.py
2025-11-27 22:45:11.4015271570	133027	./.venv/lib/python3.13/site-packages/pygments/lexers/matlab.py
2025-11-27 22:45:11.4015271570	13683	./.venv/lib/python3.13/site-packages/pygments/lexers/modeling.py
2025-11-27 22:45:11.4015271570	13696	./.venv/lib/python3.13/site-packages/pygments/lexers/minecraft.py
2025-11-27 22:45:11.4015271570	1758	./.venv/lib/python3.13/site-packages/pygments/lexers/numbair.py
2025-11-27 22:45:11.4015271570	24233	./.venv/lib/python3.13/site-packages/pygments/lexers/mojo.py
2025-11-27 22:45:11.4015271570	2715	./.venv/lib/python3.13/site-packages/pygments/lexers/maxima.py
2025-11-27 22:45:11.4015271570	2725	./.venv/lib/python3.13/site-packages/pygments/lexers/nit.py
2025-11-27 22:45:11.4015271570	35390	./.venv/lib/python3.13/site-packages/pygments/lexers/ml.py
2025-11-27 22:45:11.4015271570	4210	./.venv/lib/python3.13/site-packages/pygments/lexers/oberon.py
2025-11-27 22:45:11.4015271570	4336	./.venv/lib/python3.13/site-packages/pygments/lexers/meson.py
2025-11-27 22:45:11.4015271570	4421	./.venv/lib/python3.13/site-packages/pygments/lexers/nix.py
2025-11-27 22:45:11.4015271570	4656	./.venv/lib/python3.13/site-packages/pygments/lexers/mips.py
2025-11-27 22:45:11.4015271570	53072	./.venv/lib/python3.13/site-packages/pygments/lexers/modula2.py
2025-11-27 22:45:11.4015271570	6289	./.venv/lib/python3.13/site-packages/pygments/lexers/monte.py
2025-11-27 22:45:11.4015271570	63999	./.venv/lib/python3.13/site-packages/pygments/lexers/ncl.py
2025-11-27 22:45:11.4015271570	6413	./.venv/lib/python3.13/site-packages/pygments/lexers/nimrod.py
2025-11-27 22:45:11.4015271570	7582	./.venv/lib/python3.13/site-packages/pygments/lexers/mime.py
2025-11-27 22:45:11.4015271570	9297	./.venv/lib/python3.13/site-packages/pygments/lexers/mosel.py
2025-11-27 22:45:11.4055272160	1155	./.venv/lib/python3.13/site-packages/pygments/lexers/procfile.py
2025-11-27 22:45:11.4055272160	12676	./.venv/lib/python3.13/site-packages/pygments/lexers/praat.py
2025-11-27 22:45:11.4055272160	12866	./.venv/lib/python3.13/site-packages/pygments/lexers/prolog.py
2025-11-27 22:45:11.4055272160	13061	./.venv/lib/python3.13/site-packages/pygments/lexers/php.py
2025-11-27 22:45:11.4055272160	1763	./.venv/lib/python3.13/site-packages/pygments/lexers/other.py
2025-11-27 22:45:11.4055272160	1974	./.venv/lib/python3.13/site-packages/pygments/lexers/pointless.py
2025-11-27 22:45:11.4055272160	23249	./.venv/lib/python3.13/site-packages/pygments/lexers/phix.py
2025-11-27 22:45:11.4055272160	23297	./.venv/lib/python3.13/site-packages/pygments/lexers/objective.py
2025-11-27 22:45:11.4055272160	26596	./.venv/lib/python3.13/site-packages/pygments/lexers/parsers.py
2025-11-27 22:45:11.4055272160	2719	./.venv/lib/python3.13/site-packages/pygments/lexers/parasail.py
2025-11-27 22:45:11.4055272160	2989	./.venv/lib/python3.13/site-packages/pygments/lexers/pddl.py
2025-11-27 22:45:11.4055272160	3002	./.venv/lib/python3.13/site-packages/pygments/lexers/ooc.py
2025-11-27 22:45:11.4055272160	30989	./.venv/lib/python3.13/site-packages/pygments/lexers/pascal.py
2025-11-27 22:45:11.4055272160	3279	./.venv/lib/python3.13/site-packages/pygments/lexers/pony.py
2025-11-27 22:45:11.4055272160	3700	./.venv/lib/python3.13/site-packages/pygments/lexers/openscad.py
2025-11-27 22:45:11.4055272160	39192	./.venv/lib/python3.13/site-packages/pygments/lexers/perl.py
2025-11-27 22:45:11.4055272160	4501	./.venv/lib/python3.13/site-packages/pygments/lexers/ptx.py
2025-11-27 22:45:11.4055272160	4738	./.venv/lib/python3.13/site-packages/pygments/lexers/promql.py
2025-11-27 22:45:11.4055272160	53805	./.venv/lib/python3.13/site-packages/pygments/lexers/python.py
2025-11-27 22:45:11.4055272160	8253	./.venv/lib/python3.13/site-packages/pygments/lexers/pawn.py
2025-11-27 22:45:11.4055272160	8747	./.venv/lib/python3.13/site-packages/pygments/lexers/prql.py
2025-11-27 22:45:11.4095272750	1127	./.venv/lib/python3.13/site-packages/pygments/lexers/rita.py
2025-11-27 22:45:11.4095272750	16056	./.venv/lib/python3.13/site-packages/pygments/lexers/rdf.py
2025-11-27 22:45:11.4095272750	1748	./.venv/lib/python3.13/site-packages/pygments/lexers/rego.py
2025-11-27 22:45:11.4095272750	18259	./.venv/lib/python3.13/site-packages/pygments/lexers/rebol.py
2025-11-27 22:45:11.4095272750	18448	./.venv/lib/python3.13/site-packages/pygments/lexers/robotframework.py
2025-11-27 22:45:11.4095272750	1972	./.venv/lib/python3.13/site-packages/pygments/lexers/rnc.py
2025-11-27 22:45:11.4095272750	1985	./.venv/lib/python3.13/site-packages/pygments/lexers/sgf.py
2025-11-27 22:45:11.4095272750	2074	./.venv/lib/python3.13/site-packages/pygments/lexers/roboconf.py
2025-11-27 22:45:11.4095272750	22753	./.venv/lib/python3.13/site-packages/pygments/lexers/ruby.py
2025-11-27 22:45:11.4095272750	2514	./.venv/lib/python3.13/site-packages/pygments/lexers/sieve.py
2025-11-27 22:45:11.4095272750	2524	./.venv/lib/python3.13/site-packages/pygments/lexers/scdoc.py
2025-11-27 22:45:11.4095272750	2927	./.venv/lib/python3.13/site-packages/pygments/lexers/resource.py
2025-11-27 22:45:11.4095272750	36381	./.venv/lib/python3.13/site-packages/pygments/lexers/shell.py
2025-11-27 22:45:11.4095272750	3693	./.venv/lib/python3.13/site-packages/pygments/lexers/qlik.py
2025-11-27 22:45:11.4095272750	4878	./.venv/lib/python3.13/site-packages/pygments/lexers/savi.py
2025-11-27 22:45:11.4095272750	5035	./.venv/lib/python3.13/site-packages/pygments/lexers/ride.py
2025-11-27 22:45:11.4095272750	6103	./.venv/lib/python3.13/site-packages/pygments/lexers/qvt.py
2025-11-27 22:45:11.4095272750	6474	./.venv/lib/python3.13/site-packages/pygments/lexers/r.py
2025-11-27 22:45:11.4095272750	6936	./.venv/lib/python3.13/site-packages/pygments/lexers/q.py
2025-11-27 22:45:11.4095272750	81814	./.venv/lib/python3.13/site-packages/pygments/lexers/scripting.py
2025-11-27 22:45:11.4095272750	8260	./.venv/lib/python3.13/site-packages/pygments/lexers/rust.py
2025-11-27 22:45:11.4095272750	9456	./.venv/lib/python3.13/site-packages/pygments/lexers/sas.py
2025-11-27 22:45:11.4135273340	10809	./.venv/lib/python3.13/site-packages/pygments/lexers/tact.py
2025-11-27 22:45:11.4135273340	10810	./.venv/lib/python3.13/site-packages/pygments/lexers/testing.py
2025-11-27 22:45:11.4135273340	1746	./.venv/lib/python3.13/site-packages/pygments/lexers/srcinfo.py
2025-11-27 22:45:11.4135273340	2339	./.venv/lib/python3.13/site-packages/pygments/lexers/soong.py
2025-11-27 22:45:11.4135273340	2659	./.venv/lib/python3.13/site-packages/pygments/lexers/smithy.py
2025-11-27 22:45:11.4135273340	2778	./.venv/lib/python3.13/site-packages/pygments/lexers/snobol.py
2025-11-27 22:45:11.4135273340	2790	./.venv/lib/python3.13/site-packages/pygments/lexers/spice.py
2025-11-27 22:45:11.4135273340	2805	./.venv/lib/python3.13/site-packages/pygments/lexers/smv.py
2025-11-27 22:45:11.4135273340	2904	./.venv/lib/python3.13/site-packages/pygments/lexers/tal.py
2025-11-27 22:45:11.4135273340	3163	./.venv/lib/python3.13/site-packages/pygments/lexers/solidity.py
2025-11-27 22:45:11.4135273340	3376	./.venv/lib/python3.13/site-packages/pygments/lexers/sophia.py
2025-11-27 22:45:11.4135273340	3522	./.venv/lib/python3.13/site-packages/pygments/lexers/teal.py
2025-11-27 22:45:11.4135273340	3585	./.venv/lib/python3.13/site-packages/pygments/lexers/special.py
2025-11-27 22:45:11.4135273340	3697	./.venv/lib/python3.13/site-packages/pygments/lexers/supercollider.py
2025-11-27 22:45:11.4135273340	3987	./.venv/lib/python3.13/site-packages/pygments/lexers/tablegen.py
2025-11-27 22:45:11.4135273340	41476	./.venv/lib/python3.13/site-packages/pygments/lexers/sql.py
2025-11-27 22:45:11.4135273340	5512	./.venv/lib/python3.13/site-packages/pygments/lexers/tcl.py
2025-11-27 22:45:11.4135273340	6415	./.venv/lib/python3.13/site-packages/pygments/lexers/stata.py
2025-11-27 22:45:11.4135273340	7204	./.venv/lib/python3.13/site-packages/pygments/lexers/smalltalk.py
2025-11-27 22:45:11.4135273340	75731	./.venv/lib/python3.13/site-packages/pygments/lexers/templates.py
2025-11-27 22:45:11.4135273340	8484	./.venv/lib/python3.13/site-packages/pygments/lexers/slash.py
2025-11-27 22:45:11.4135273340	9718	./.venv/lib/python3.13/site-packages/pygments/lexers/teraterm.py
2025-11-27 22:45:11.4175273930	10456	./.venv/lib/python3.13/site-packages/pygments/lexers/tnt.py
2025-11-27 22:45:11.4175273930	10499	./.venv/lib/python3.13/site-packages/pygments/lexers/ul4.py
2025-11-27 22:45:11.4175273930	10516	./.venv/lib/python3.13/site-packages/pygments/lexers/webidl.py
2025-11-27 22:45:11.4175273930	1068	./.venv/lib/python3.13/site-packages/pygments/lexers/text.py
2025-11-27 22:45:11.4175273930	11880	./.venv/lib/python3.13/site-packages/pygments/lexers/wgsl.py
2025-11-27 22:45:11.4175273930	1450	./.venv/lib/python3.13/site-packages/pygments/lexers/tlb.py
2025-11-27 22:45:11.4175273930	1506	./.venv/lib/python3.13/site-packages/pygments/lexers/trafficscript.py
2025-11-27 22:45:11.4175273930	1540	./.venv/lib/python3.13/site-packages/pygments/lexers/tls.py
2025-11-27 22:45:11.4175273930	15524	./.venv/lib/python3.13/site-packages/pygments/lexers/textfmts.py
2025-11-27 22:45:11.4175273930	17855	./.venv/lib/python3.13/site-packages/pygments/lexers/theorem.py
2025-11-27 22:45:11.4175273930	18625	./.venv/lib/python3.13/site-packages/pygments/lexers/unicon.py
2025-11-27 22:45:11.4175273930	2661	./.venv/lib/python3.13/site-packages/pygments/lexers/verifpal.py
2025-11-27 22:45:11.4175273930	3229	./.venv/lib/python3.13/site-packages/pygments/lexers/wren.py
2025-11-27 22:45:11.4175273930	3304	./.venv/lib/python3.13/site-packages/pygments/lexers/usd.py
2025-11-27 22:45:11.4175273930	3934	./.venv/lib/python3.13/site-packages/pygments/lexers/verification.py
2025-11-27 22:45:11.4175273930	4017	./.venv/lib/python3.13/site-packages/pygments/lexers/whiley.py
2025-11-27 22:45:11.4175273930	40564	./.venv/lib/python3.13/site-packages/pygments/lexers/webmisc.py
2025-11-27 22:45:11.4175273930	4076	./.venv/lib/python3.13/site-packages/pygments/lexers/wowtoc.py
2025-11-27 22:45:11.4175273930	5615	./.venv/lib/python3.13/site-packages/pygments/lexers/vyper.py
2025-11-27 22:45:11.4175273930	5698	./.venv/lib/python3.13/site-packages/pygments/lexers/webassembly.py
2025-11-27 22:45:11.4175273930	5711	./.venv/lib/python3.13/site-packages/pygments/lexers/vip.py
2025-11-27 22:45:11.4175273930	6017	./.venv/lib/python3.13/site-packages/pygments/lexers/thingsdb.py
2025-11-27 22:45:11.4175273930	6082	./.venv/lib/python3.13/site-packages/pygments/lexers/urbi.py
2025-11-27 22:45:11.4175273930	7167	./.venv/lib/python3.13/site-packages/pygments/lexers/typst.py
2025-11-27 22:45:11.4175273930	7473	./.venv/lib/python3.13/site-packages/pygments/lexers/varnish.py
2025-11-27 22:45:11.4175273930	7760	./.venv/lib/python3.13/site-packages/pygments/lexers/textedit.py
2025-11-27 22:45:11.4175273930	8332	./.venv/lib/python3.13/site-packages/pygments/lexers/typoscript.py
2025-11-27 22:45:11.4175273930	913	./.venv/lib/python3.13/site-packages/pygments/lexers/web.py
2025-11-27 22:45:11.4215274520	1324	./.venv/lib/python3.13/site-packages/pygments/styles/fruity.py
2025-11-27 22:45:11.4215274520	1406	./.venv/lib/python3.13/site-packages/pygments/styles/bw.py
2025-11-27 22:45:11.4215274520	1611	./.venv/lib/python3.13/site-packages/pygments/styles/borland.py
2025-11-27 22:45:11.4215274520	1719	./.venv/lib/python3.13/site-packages/pygments/styles/onedark.py
2025-11-27 22:45:11.4215274520	1943	./.venv/lib/python3.13/site-packages/pygments/lexers/x10.py
2025-11-27 22:45:11.4215274520	2006	./.venv/lib/python3.13/site-packages/pygments/styles/__init__.py
2025-11-27 22:45:11.4215274520	2043	./.venv/lib/python3.13/site-packages/pygments/styles/native.py
2025-11-27 22:45:11.4215274520	2066	./.venv/lib/python3.13/site-packages/pygments/styles/lilypond.py
2025-11-27 22:45:11.4215274520	2182	./.venv/lib/python3.13/site-packages/pygments/styles/dracula.py
2025-11-27 22:45:11.4215274520	2195	./.venv/lib/python3.13/site-packages/pygments/styles/autumn.py
2025-11-27 22:45:11.4215274520	2262	./.venv/lib/python3.13/site-packages/pygments/styles/algol.py
2025-11-27 22:45:11.4215274520	2283	./.venv/lib/python3.13/site-packages/pygments/styles/algol_nu.py
2025-11-27 22:45:11.4215274520	2308	./.venv/lib/python3.13/site-packages/pygments/styles/coffee.py
2025-11-27 22:45:11.4215274520	2404	./.venv/lib/python3.13/site-packages/pygments/styles/inkpot.py
2025-11-27 22:45:11.4215274520	2427	./.venv/lib/python3.13/site-packages/pygments/lexers/yara.py
2025-11-27 22:45:11.4215274520	2443	./.venv/lib/python3.13/site-packages/pygments/styles/manni.py
2025-11-27 22:45:11.4215274520	2535	./.venv/lib/python3.13/site-packages/pygments/styles/emacs.py
2025-11-27 22:45:11.4215274520	2588	./.venv/lib/python3.13/site-packages/pygments/styles/default.py
2025-11-27 22:45:11.4215274520	2604	./.venv/lib/python3.13/site-packages/pygments/styles/friendly.py
2025-11-27 22:45:11.4215274520	2805	./.venv/lib/python3.13/site-packages/pygments/styles/murphy.py
2025-11-27 22:45:11.4215274520	2828	./.venv/lib/python3.13/site-packages/pygments/styles/friendly_grayscale.py
2025-11-27 22:45:11.4215274520	2832	./.venv/lib/python3.13/site-packages/pygments/styles/colorful.py
2025-11-27 22:45:11.4215274520	3172	./.venv/lib/python3.13/site-packages/pygments/styles/lightbulb.py
2025-11-27 22:45:11.4215274520	3178	./.venv/lib/python3.13/site-packages/pygments/styles/lovelace.py
2025-11-27 22:45:11.4215274520	3312	./.venv/lib/python3.13/site-packages/pygments/styles/_mapping.py
2025-11-27 22:45:11.4215274520	3387	./.venv/lib/python3.13/site-packages/pygments/styles/gruvbox.py
2025-11-27 22:45:11.4215274520	3590	./.venv/lib/python3.13/site-packages/pygments/styles/gh_dark.py
2025-11-27 22:45:11.4215274520	3976	./.venv/lib/python3.13/site-packages/pygments/lexers/zig.py
2025-11-27 22:45:11.4215274520	4201	./.venv/lib/python3.13/site-packages/pygments/styles/material.py
2025-11-27 22:45:11.4215274520	4499	./.venv/lib/python3.13/site-packages/pygments/lexers/yang.py
2025-11-27 22:45:11.4215274520	4557	./.venv/lib/python3.13/site-packages/pygments/styles/arduino.py
2025-11-27 22:45:11.4215274520	5184	./.venv/lib/python3.13/site-packages/pygments/styles/monokai.py
2025-11-27 22:45:11.4215274520	5391	./.venv/lib/python3.13/site-packages/pygments/styles/nord.py
2025-11-27 22:45:11.4215274520	737	./.venv/lib/python3.13/site-packages/pygments/styles/igor.py
2025-11-27 22:45:11.4215274520	749	./.venv/lib/python3.13/site-packages/pygments/styles/abap.py
2025-11-27 22:45:11.4215274520	925	./.venv/lib/python3.13/site-packages/pygments/lexers/xorg.py
2025-11-27 22:45:11.4255275110	1006	./.venv/lib/python3.13/site-packages/pygments/styles/rrt.py
2025-11-27 22:45:11.4255275110	10824	./.venv/lib/python3.13/site-packages/pygments-2.19.2.dist-info/licenses/AUTHORS
2025-11-27 22:45:11.4255275110	1130	./.venv/lib/python3.13/site-packages/pygments/styles/vs.py
2025-11-27 22:45:11.4255275110	1257	./.venv/lib/python3.13/site-packages/pygments/styles/stata_dark.py
2025-11-27 22:45:11.4255275110	1289	./.venv/lib/python3.13/site-packages/pygments/styles/stata_light.py
2025-11-27 22:45:11.4255275110	1331	./.venv/lib/python3.13/site-packages/pygments-2.19.2.dist-info/licenses/LICENSE
2025-11-27 22:45:11.4255275110	1440	./.venv/lib/python3.13/site-packages/pygments/styles/sas.py
2025-11-27 22:45:11.4255275110	1504	./.venv/lib/python3.13/site-packages/pygments/styles/xcode.py
2025-11-27 22:45:11.4255275110	1981	./.venv/lib/python3.13/site-packages/pygments/styles/trac.py
2025-11-27 22:45:11.4255275110	2019	./.venv/lib/python3.13/site-packages/pygments/styles/vim.py
2025-11-27 22:45:11.4255275110	2203	./.venv/lib/python3.13/site-packages/pygments/styles/zenburn.py
2025-11-27 22:45:11.4255275110	2230	./.venv/lib/python3.13/site-packages/pygments/styles/perldoc.py
2025-11-27 22:45:11.4255275110	2390	./.venv/lib/python3.13/site-packages/pygments/styles/rainbow_dash.py
2025-11-27 22:45:11.4255275110	2512	./.venv/lib/python3.13/site-packages/pygments-2.19.2.dist-info/METADATA
2025-11-27 22:45:11.4255275110	2525	./.venv/lib/python3.13/site-packages/pygments/styles/pastie.py
2025-11-27 22:45:11.4255275110	4247	./.venv/lib/python3.13/site-packages/pygments/styles/solarized.py
2025-11-27 22:45:11.4255275110	53	./.venv/lib/python3.13/site-packages/pygments-2.19.2.dist-info/entry_points.txt
2025-11-27 22:45:11.4255275110	5662	./.venv/lib/python3.13/site-packages/pygments/styles/paraiso_dark.py
2025-11-27 22:45:11.4255275110	5668	./.venv/lib/python3.13/site-packages/pygments/styles/paraiso_light.py
2025-11-27 22:45:11.4255275110	7137	./.venv/lib/python3.13/site-packages/pygments/styles/tango.py
2025-11-27 22:45:11.4255275110	831	./.venv/lib/python3.13/site-packages/pygments/styles/staroffice.py
2025-11-27 22:45:11.4255275110	87	./.venv/lib/python3.13/site-packages/pygments-2.19.2.dist-info/WHEEL
2025-11-27 22:45:12.4135421110	223	./.venv/bin/pygmentize
2025-11-27 22:45:12.4135421110	4	./.venv/lib/python3.13/site-packages/pygments-2.19.2.dist-info/INSTALLER
2025-11-27 22:45:12.4295423480	47428	./.venv/lib/python3.13/site-packages/pygments-2.19.2.dist-info/RECORD
2025-11-27 22:45:12.4375424660	2922	./.venv/lib/python3.13/site-packages/psycopg2/_ipaddress.py
2025-11-27 22:45:12.4375424660	4768	./.venv/lib/python3.13/site-packages/psycopg2/__init__.py
2025-11-27 22:45:12.4375424660	7153	./.venv/lib/python3.13/site-packages/psycopg2/_json.py
2025-11-27 22:45:12.4415425250	18494	./.venv/lib/python3.13/site-packages/psycopg2/_range.py
2025-11-27 22:45:12.4415425250	470217	./.venv/lib/python3.13/site-packages/psycopg2/_psycopg.cpython-313-aarch64-linux-gnu.so
2025-11-27 22:45:12.4455425840	132193	./.venv/lib/python3.13/site-packages/psycopg2_binary.libs/libcom_err-057ba42b.so.2.1
2025-11-27 22:45:12.4455425840	1425	./.venv/lib/python3.13/site-packages/psycopg2/errors.py
2025-11-27 22:45:12.4455425840	14512	./.venv/lib/python3.13/site-packages/psycopg2/errorcodes.py
2025-11-27 22:45:12.4455425840	14779	./.venv/lib/python3.13/site-packages/psycopg2/sql.py
2025-11-27 22:45:12.4455425840	44215	./.venv/lib/python3.13/site-packages/psycopg2/extras.py
2025-11-27 22:45:12.4455425840	4870	./.venv/lib/python3.13/site-packages/psycopg2/tz.py
2025-11-27 22:45:12.4455425840	6316	./.venv/lib/python3.13/site-packages/psycopg2/pool.py
2025-11-27 22:45:12.4455425840	6797	./.venv/lib/python3.13/site-packages/psycopg2/extensions.py
2025-11-27 22:45:12.4855431750	6067905	./.venv/lib/python3.13/site-packages/psycopg2_binary.libs/libcrypto-585210eb.so.3
2025-11-27 22:45:12.4895432340	468081	./.venv/lib/python3.13/site-packages/psycopg2_binary.libs/libgssapi_krb5-fec99a71.so.2.2
2025-11-27 22:45:12.4935432940	396073	./.venv/lib/python3.13/site-packages/psycopg2_binary.libs/libk5crypto-47ac5e52.so.3.1
2025-11-27 22:45:12.4935432940	67145	./.venv/lib/python3.13/site-packages/psycopg2_binary.libs/libkeyutils-19c64d08.so.1.5
2025-11-27 22:45:12.5015434120	1133617	./.venv/lib/python3.13/site-packages/psycopg2_binary.libs/libkrb5-90a0ef7c.so.3.3
2025-11-27 22:45:12.5015434120	199737	./.venv/lib/python3.13/site-packages/psycopg2_binary.libs/libkrb5support-73f3f43d.so.0.1
2025-11-27 22:45:12.5055434710	134681	./.venv/lib/python3.13/site-packages/psycopg2_binary.libs/liblber-d34c9a27.so.2.0.200
2025-11-27 22:45:12.5095435300	329017	./.venv/lib/python3.13/site-packages/psycopg2_binary.libs/libpcre-6b975b27.so.1.2.0
2025-11-27 22:45:12.5095435300	607017	./.venv/lib/python3.13/site-packages/psycopg2_binary.libs/libldap-640ae3f0.so.2.0.200
2025-11-27 22:45:12.5135435890	596369	./.venv/lib/python3.13/site-packages/psycopg2_binary.libs/libpq-320873a1.so.5.17
2025-11-27 22:45:12.5175436480	201129	./.venv/lib/python3.13/site-packages/psycopg2_binary.libs/libsasl2-68c9cb0a.so.3.0.0
2025-11-27 22:45:12.5175436480	333953	./.venv/lib/python3.13/site-packages/psycopg2_binary.libs/libselinux-ae24b712.so.1
2025-11-27 22:45:12.5255437660	1204537	./.venv/lib/python3.13/site-packages/psycopg2_binary.libs/libssl-92369ee6.so.3
2025-11-27 22:45:12.5295438260	153	./.venv/lib/python3.13/site-packages/psycopg2_binary-2.9.11.dist-info/WHEEL
2025-11-27 22:45:12.5295438260	2238	./.venv/lib/python3.13/site-packages/psycopg2_binary-2.9.11.dist-info/licenses/LICENSE
2025-11-27 22:45:12.5295438260	4936	./.venv/lib/python3.13/site-packages/psycopg2_binary-2.9.11.dist-info/METADATA
2025-11-27 22:45:12.5295438260	9	./.venv/lib/python3.13/site-packages/psycopg2_binary-2.9.11.dist-info/top_level.txt
2025-11-27 22:45:12.5735444760	4	./.venv/lib/python3.13/site-packages/psycopg2_binary-2.9.11.dist-info/INSTALLER
2025-11-27 22:45:12.5775445350	0	./.venv/lib/python3.13/site-packages/psycopg2_binary-2.9.11.dist-info/REQUESTED
2025-11-27 22:45:12.5775445350	3607	./.venv/lib/python3.13/site-packages/psycopg2_binary-2.9.11.dist-info/RECORD
2025-11-27 22:45:12.5935447710	10300	./.venv/lib/python3.13/site-packages/networkx/relabel.py
2025-11-27 22:45:12.5935447710	16143	./.venv/lib/python3.13/site-packages/networkx/convert.py
2025-11-27 22:45:12.5935447710	1623	./.venv/lib/python3.13/site-packages/networkx/__init__.py
2025-11-27 22:45:12.5935447710	3787	./.venv/lib/python3.13/site-packages/networkx/exception.py
2025-11-27 22:45:12.5935447710	45342	./.venv/lib/python3.13/site-packages/networkx/convert_matrix.py
2025-11-27 22:45:12.5935447710	5339	./.venv/lib/python3.13/site-packages/networkx/algorithms/boundary.py
2025-11-27 22:45:12.5935447710	5500	./.venv/lib/python3.13/site-packages/networkx/algorithms/asteroidal.py
2025-11-27 22:45:12.5935447710	5764	./.venv/lib/python3.13/site-packages/networkx/lazy_imports.py
2025-11-27 22:45:12.5935447710	6066	./.venv/lib/python3.13/site-packages/networkx/algorithms/bridges.py
2025-11-27 22:45:12.5935447710	6607	./.venv/lib/python3.13/site-packages/networkx/algorithms/__init__.py
2025-11-27 22:45:12.5935447710	7997	./.venv/lib/python3.13/site-packages/networkx/conftest.py
2025-11-27 22:45:12.5975448300	10419	./.venv/lib/python3.13/site-packages/networkx/algorithms/cuts.py
2025-11-27 22:45:12.5975448300	13411	./.venv/lib/python3.13/site-packages/networkx/algorithms/chordal.py
2025-11-27 22:45:12.5975448300	17479	./.venv/lib/python3.13/site-packages/networkx/algorithms/core.py
2025-11-27 22:45:12.5975448300	24851	./.venv/lib/python3.13/site-packages/networkx/algorithms/cluster.py
2025-11-27 22:45:12.5975448300	26089	./.venv/lib/python3.13/site-packages/networkx/algorithms/d_separation.py
2025-11-27 22:45:12.5975448300	27522	./.venv/lib/python3.13/site-packages/networkx/algorithms/clique.py
2025-11-27 22:45:12.5975448300	37618	./.venv/lib/python3.13/site-packages/networkx/algorithms/distance_measures.py
2025-11-27 22:45:12.5975448300	3897	./.venv/lib/python3.13/site-packages/networkx/algorithms/dominance.py
2025-11-27 22:45:12.5975448300	43302	./.venv/lib/python3.13/site-packages/networkx/algorithms/cycles.py
2025-11-27 22:45:12.5975448300	44673	./.venv/lib/python3.13/site-packages/networkx/algorithms/dag.py
2025-11-27 22:45:12.5975448300	4545	./.venv/lib/python3.13/site-packages/networkx/algorithms/communicability_alg.py
2025-11-27 22:45:12.5975448300	4974	./.venv/lib/python3.13/site-packages/networkx/algorithms/broadcasting.py
2025-11-27 22:45:12.5975448300	5278	./.venv/lib/python3.13/site-packages/networkx/algorithms/covering.py
2025-11-27 22:45:12.5975448300	6968	./.venv/lib/python3.13/site-packages/networkx/algorithms/chains.py
2025-11-27 22:45:12.5975448300	8145	./.venv/lib/python3.13/site-packages/networkx/algorithms/dominating.py
2025-11-27 22:45:12.5975448300	8391	./.venv/lib/python3.13/site-packages/networkx/algorithms/distance_regular.py
2025-11-27 22:45:12.6015448890	14205	./.venv/lib/python3.13/site-packages/networkx/algorithms/euler.py
2025-11-27 22:45:12.6015448890	1535	./.venv/lib/python3.13/site-packages/networkx/algorithms/moral.py
2025-11-27 22:45:12.6015448890	15831	./.venv/lib/python3.13/site-packages/networkx/algorithms/graphical.py
2025-11-27 22:45:12.6015448890	16254	./.venv/lib/python3.13/site-packages/networkx/algorithms/planar_drawing.py
2025-11-27 22:45:12.6015448890	16918	./.venv/lib/python3.13/site-packages/networkx/algorithms/graph_hashing.py
2025-11-27 22:45:12.6015448890	1786	./.venv/lib/python3.13/site-packages/networkx/algorithms/hierarchy.py
2025-11-27 22:45:12.6015448890	22253	./.venv/lib/python3.13/site-packages/networkx/algorithms/link_prediction.py
2025-11-27 22:45:12.6015448890	2251	./.venv/lib/python3.13/site-packages/networkx/algorithms/isolate.py
2025-11-27 22:45:12.6015448890	2344	./.venv/lib/python3.13/site-packages/networkx/algorithms/mis.py
2025-11-27 22:45:12.6015448890	2597	./.venv/lib/python3.13/site-packages/networkx/algorithms/perfect_graph.py
2025-11-27 22:45:12.6015448890	44325	./.venv/lib/python3.13/site-packages/networkx/algorithms/matching.py
2025-11-27 22:45:12.6015448890	4741	./.venv/lib/python3.13/site-packages/networkx/algorithms/efficiency_measures.py
2025-11-27 22:45:12.6015448890	49887	./.venv/lib/python3.13/site-packages/networkx/algorithms/planarity.py
2025-11-27 22:45:12.6015448890	5787	./.venv/lib/python3.13/site-packages/networkx/algorithms/non_randomness.py
2025-11-27 22:45:12.6015448890	6209	./.venv/lib/python3.13/site-packages/networkx/algorithms/hybrid.py
2025-11-27 22:45:12.6015448890	6465	./.venv/lib/python3.13/site-packages/networkx/algorithms/node_classification.py
2025-11-27 22:45:12.6015448890	9286	./.venv/lib/python3.13/site-packages/networkx/algorithms/lowest_common_ancestors.py
2025-11-27 22:45:12.6055449490	10048	./.venv/lib/python3.13/site-packages/networkx/algorithms/sparsifiers.py
2025-11-27 22:45:12.6055449490	11278	./.venv/lib/python3.13/site-packages/networkx/algorithms/polynomials.py
2025-11-27 22:45:12.6055449490	11613	./.venv/lib/python3.13/site-packages/networkx/algorithms/tournament.py
2025-11-27 22:45:12.6055449490	1234	./.venv/lib/python3.13/site-packages/networkx/algorithms/approximation/__init__.py
2025-11-27 22:45:12.6055449490	12626	./.venv/lib/python3.13/site-packages/networkx/algorithms/structuralholes.py
2025-11-27 22:45:12.6055449490	13565	./.venv/lib/python3.13/site-packages/networkx/algorithms/smallworld.py
2025-11-27 22:45:12.6055449490	14233	./.venv/lib/python3.13/site-packages/networkx/algorithms/triads.py
2025-11-27 22:45:12.6055449490	14744	./.venv/lib/python3.13/site-packages/networkx/algorithms/swap.py
2025-11-27 22:45:12.6055449490	2289	./.venv/lib/python3.13/site-packages/networkx/algorithms/vitality.py
2025-11-27 22:45:12.6055449490	2312	./.venv/lib/python3.13/site-packages/networkx/algorithms/walks.py
2025-11-27 22:45:12.6055449490	23251	./.venv/lib/python3.13/site-packages/networkx/algorithms/summarization.py
2025-11-27 22:45:12.6055449490	2855	./.venv/lib/python3.13/site-packages/networkx/algorithms/reciprocity.py
2025-11-27 22:45:12.6055449490	30776	./.venv/lib/python3.13/site-packages/networkx/algorithms/threshold.py
2025-11-27 22:45:12.6055449490	31091	./.venv/lib/python3.13/site-packages/networkx/algorithms/simple_paths.py
2025-11-27 22:45:12.6055449490	3183	./.venv/lib/python3.13/site-packages/networkx/algorithms/voronoi.py
2025-11-27 22:45:12.6055449490	4877	./.venv/lib/python3.13/site-packages/networkx/algorithms/regular.py
2025-11-27 22:45:12.6055449490	4892	./.venv/lib/python3.13/site-packages/networkx/algorithms/richclub.py
2025-11-27 22:45:12.6055449490	5762	./.venv/lib/python3.13/site-packages/networkx/algorithms/time_dependent.py
2025-11-27 22:45:12.6055449490	72679	./.venv/lib/python3.13/site-packages/networkx/algorithms/similarity.py
2025-11-27 22:45:12.6055449490	7691	./.venv/lib/python3.13/site-packages/networkx/algorithms/approximation/clique.py
2025-11-27 22:45:12.6055449490	770	./.venv/lib/python3.13/site-packages/networkx/algorithms/smetric.py
2025-11-27 22:45:12.6055449490	9221	./.venv/lib/python3.13/site-packages/networkx/algorithms/wiener.py
2025-11-27 22:45:12.6095450080	0	./.venv/lib/python3.13/site-packages/networkx/algorithms/approximation/tests/__init__.py
2025-11-27 22:45:12.6095450080	1171	./.venv/lib/python3.13/site-packages/networkx/algorithms/approximation/tests/test_approx_clust_coeff.py
2025-11-27 22:45:12.6095450080	1175	./.venv/lib/python3.13/site-packages/networkx/algorithms/approximation/matching.py
2025-11-27 22:45:12.6095450080	13118	./.venv/lib/python3.13/site-packages/networkx/algorithms/approximation/connectivity.py
2025-11-27 22:45:12.6095450080	13285	./.venv/lib/python3.13/site-packages/networkx/algorithms/approximation/kcomponents.py
2025-11-27 22:45:12.6095450080	1358	./.venv/lib/python3.13/site-packages/networkx/algorithms/approximation/ramsey.py
2025-11-27 22:45:12.6095450080	15258	./.venv/lib/python3.13/site-packages/networkx/algorithms/approximation/density.py
2025-11-27 22:45:12.6095450080	2023	./.venv/lib/python3.13/site-packages/networkx/algorithms/approximation/tests/test_distance_measures.py
2025-11-27 22:45:12.6095450080	2164	./.venv/lib/python3.13/site-packages/networkx/algorithms/approximation/clustering_coefficient.py
2025-11-27 22:45:12.6095450080	2686	./.venv/lib/python3.13/site-packages/networkx/algorithms/approximation/tests/test_dominating_set.py
2025-11-27 22:45:12.6095450080	2803	./.venv/lib/python3.13/site-packages/networkx/algorithms/approximation/vertex_cover.py
2025-11-27 22:45:12.6095450080	3021	./.venv/lib/python3.13/site-packages/networkx/algorithms/approximation/tests/test_clique.py
2025-11-27 22:45:12.6095450080	4333	./.venv/lib/python3.13/site-packages/networkx/algorithms/approximation/maxcut.py
2025-11-27 22:45:12.6095450080	4710	./.venv/lib/python3.13/site-packages/networkx/algorithms/approximation/dominating_set.py
2025-11-27 22:45:12.6095450080	5298	./.venv/lib/python3.13/site-packages/networkx/algorithms/approximation/tests/test_density.py
2025-11-27 22:45:12.6095450080	56210	./.venv/lib/python3.13/site-packages/networkx/algorithms/approximation/traveling_salesman.py
2025-11-27 22:45:12.6095450080	5805	./.venv/lib/python3.13/site-packages/networkx/algorithms/approximation/distance_measures.py
2025-11-27 22:45:12.6095450080	5952	./.venv/lib/python3.13/site-packages/networkx/algorithms/approximation/tests/test_connectivity.py
2025-11-27 22:45:12.6095450080	8389	./.venv/lib/python3.13/site-packages/networkx/algorithms/approximation/treewidth.py
2025-11-27 22:45:12.6095450080	9363	./.venv/lib/python3.13/site-packages/networkx/algorithms/approximation/steinertree.py
2025-11-27 22:45:12.6135450670	0	./.venv/lib/python3.13/site-packages/networkx/algorithms/assortativity/tests/__init__.py
2025-11-27 22:45:12.6135450670	10727	./.venv/lib/python3.13/site-packages/networkx/algorithms/approximation/tests/test_steinertree.py
2025-11-27 22:45:12.6135450670	1143	./.venv/lib/python3.13/site-packages/networkx/algorithms/approximation/tests/test_ramsey.py
2025-11-27 22:45:12.6135450670	186	./.venv/lib/python3.13/site-packages/networkx/algorithms/approximation/tests/test_matching.py
2025-11-27 22:45:12.6135450670	1942	./.venv/lib/python3.13/site-packages/networkx/algorithms/approximation/tests/test_vertex_cover.py
2025-11-27 22:45:12.6135450670	2651	./.venv/lib/python3.13/site-packages/networkx/algorithms/assortativity/tests/base_test.py
2025-11-27 22:45:12.6135450670	2804	./.venv/lib/python3.13/site-packages/networkx/algorithms/approximation/tests/test_maxcut.py
2025-11-27 22:45:12.6135450670	294	./.venv/lib/python3.13/site-packages/networkx/algorithms/assortativity/__init__.py
2025-11-27 22:45:12.6135450670	32048	./.venv/lib/python3.13/site-packages/networkx/algorithms/approximation/tests/test_traveling_salesman.py
2025-11-27 22:45:12.6135450670	3841	./.venv/lib/python3.13/site-packages/networkx/algorithms/assortativity/pairs.py
2025-11-27 22:45:12.6135450670	4220	./.venv/lib/python3.13/site-packages/networkx/algorithms/assortativity/connectivity.py
2025-11-27 22:45:12.6135450670	5282	./.venv/lib/python3.13/site-packages/networkx/algorithms/assortativity/neighbor_degree.py
2025-11-27 22:45:12.6135450670	7586	./.venv/lib/python3.13/site-packages/networkx/algorithms/assortativity/mixing.py
2025-11-27 22:45:12.6135450670	8689	./.venv/lib/python3.13/site-packages/networkx/algorithms/assortativity/correlation.py
2025-11-27 22:45:12.6135450670	8868	./.venv/lib/python3.13/site-packages/networkx/algorithms/approximation/tests/test_treewidth.py
2025-11-27 22:45:12.6135450670	9346	./.venv/lib/python3.13/site-packages/networkx/algorithms/approximation/tests/test_kcomponents.py
2025-11-27 22:45:12.6175451260	11409	./.venv/lib/python3.13/site-packages/networkx/algorithms/bipartite/edgelist.py
2025-11-27 22:45:12.6175451260	12772	./.venv/lib/python3.13/site-packages/networkx/algorithms/bipartite/link_analysis.py
2025-11-27 22:45:12.6175451260	17252	./.venv/lib/python3.13/site-packages/networkx/algorithms/bipartite/projection.py
2025-11-27 22:45:12.6175451260	20408	./.venv/lib/python3.13/site-packages/networkx/algorithms/bipartite/generators.py
2025-11-27 22:45:12.6175451260	21637	./.venv/lib/python3.13/site-packages/networkx/algorithms/bipartite/matching.py
2025-11-27 22:45:12.6175451260	2163	./.venv/lib/python3.13/site-packages/networkx/algorithms/bipartite/covering.py
2025-11-27 22:45:12.6175451260	3008	./.venv/lib/python3.13/site-packages/networkx/algorithms/assortativity/tests/test_pairs.py
2025-11-27 22:45:12.6175451260	3340	./.venv/lib/python3.13/site-packages/networkx/algorithms/bipartite/redundancy.py
2025-11-27 22:45:12.6175451260	3883	./.venv/lib/python3.13/site-packages/networkx/algorithms/bipartite/__init__.py
2025-11-27 22:45:12.6175451260	3934	./.venv/lib/python3.13/site-packages/networkx/algorithms/assortativity/tests/test_neighbor_degree.py
2025-11-27 22:45:12.6175451260	3989	./.venv/lib/python3.13/site-packages/networkx/algorithms/bipartite/extendability.py
2025-11-27 22:45:12.6175451260	4978	./.venv/lib/python3.13/site-packages/networkx/algorithms/assortativity/tests/test_connectivity.py
2025-11-27 22:45:12.6175451260	5068	./.venv/lib/python3.13/site-packages/networkx/algorithms/assortativity/tests/test_correlation.py
2025-11-27 22:45:12.6175451260	6164	./.venv/lib/python3.13/site-packages/networkx/algorithms/bipartite/matrix.py
2025-11-27 22:45:12.6175451260	6802	./.venv/lib/python3.13/site-packages/networkx/algorithms/assortativity/tests/test_mixing.py
2025-11-27 22:45:12.6175451260	7346	./.venv/lib/python3.13/site-packages/networkx/algorithms/bipartite/cluster.py
2025-11-27 22:45:12.6175451260	8375	./.venv/lib/python3.13/site-packages/networkx/algorithms/bipartite/basic.py
2025-11-27 22:45:12.6175451260	9156	./.venv/lib/python3.13/site-packages/networkx/algorithms/bipartite/centrality.py
2025-11-27 22:45:12.6215451850	0	./.venv/lib/python3.13/site-packages/networkx/algorithms/bipartite/tests/__init__.py
2025-11-27 22:45:12.6215451850	10281	./.venv/lib/python3.13/site-packages/networkx/algorithms/centrality/closeness.py
2025-11-27 22:45:12.6215451850	11973	./.venv/lib/python3.13/site-packages/networkx/algorithms/bipartite/tests/test_matching.py
2025-11-27 22:45:12.6215451850	1221	./.venv/lib/python3.13/site-packages/networkx/algorithms/bipartite/tests/test_covering.py
2025-11-27 22:45:12.6215451850	12717	./.venv/lib/python3.13/site-packages/networkx/algorithms/centrality/current_flow_betweenness.py
2025-11-27 22:45:12.6215451850	13203	./.venv/lib/python3.13/site-packages/networkx/algorithms/bipartite/tests/test_generators.py
2025-11-27 22:45:12.6215451850	13623	./.venv/lib/python3.13/site-packages/networkx/algorithms/centrality/eigenvector.py
2025-11-27 22:45:12.6215451850	15294	./.venv/lib/python3.13/site-packages/networkx/algorithms/bipartite/tests/test_project.py
2025-11-27 22:45:12.6215451850	1902	./.venv/lib/python3.13/site-packages/networkx/algorithms/bipartite/spectral.py
2025-11-27 22:45:12.6215451850	22814	./.venv/lib/python3.13/site-packages/networkx/algorithms/centrality/betweenness.py
2025-11-27 22:45:12.6215451850	2358	./.venv/lib/python3.13/site-packages/networkx/algorithms/bipartite/tests/test_spectral_bipartivity.py
2025-11-27 22:45:12.6215451850	27960	./.venv/lib/python3.13/site-packages/networkx/algorithms/centrality/group.py
2025-11-27 22:45:12.6215451850	2801	./.venv/lib/python3.13/site-packages/networkx/algorithms/bipartite/tests/test_cluster.py
2025-11-27 22:45:12.6215451850	2832	./.venv/lib/python3.13/site-packages/networkx/algorithms/centrality/harmonic.py
2025-11-27 22:45:12.6215451850	3052	./.venv/lib/python3.13/site-packages/networkx/algorithms/bipartite/tests/test_matrix.py
2025-11-27 22:45:12.6215451850	3327	./.venv/lib/python3.13/site-packages/networkx/algorithms/centrality/current_flow_closeness.py
2025-11-27 22:45:12.6215451850	3631	./.venv/lib/python3.13/site-packages/networkx/algorithms/centrality/dispersion.py
2025-11-27 22:45:12.6215451850	3834	./.venv/lib/python3.13/site-packages/networkx/algorithms/centrality/flow_matrix.py
2025-11-27 22:45:12.6215451850	3894	./.venv/lib/python3.13/site-packages/networkx/algorithms/centrality/degree_alg.py
2025-11-27 22:45:12.6215451850	4291	./.venv/lib/python3.13/site-packages/networkx/algorithms/bipartite/tests/test_basic.py
2025-11-27 22:45:12.6215451850	558	./.venv/lib/python3.13/site-packages/networkx/algorithms/centrality/__init__.py
2025-11-27 22:45:12.6215451850	6362	./.venv/lib/python3.13/site-packages/networkx/algorithms/bipartite/tests/test_centrality.py
2025-11-27 22:45:12.6215451850	6914	./.venv/lib/python3.13/site-packages/networkx/algorithms/bipartite/tests/test_link_analysis.py
2025-11-27 22:45:12.6215451850	7043	./.venv/lib/python3.13/site-packages/networkx/algorithms/bipartite/tests/test_extendability.py
2025-11-27 22:45:12.6215451850	8107	./.venv/lib/python3.13/site-packages/networkx/algorithms/centrality/current_flow_betweenness_subset.py
2025-11-27 22:45:12.6215451850	8114	./.venv/lib/python3.13/site-packages/networkx/algorithms/centrality/betweenness_subset.py
2025-11-27 22:45:12.6215451850	8471	./.venv/lib/python3.13/site-packages/networkx/algorithms/bipartite/tests/test_edgelist.py
2025-11-27 22:45:12.6215451850	917	./.venv/lib/python3.13/site-packages/networkx/algorithms/bipartite/tests/test_redundancy.py
2025-11-27 22:45:12.6255452440	0	./.venv/lib/python3.13/site-packages/networkx/algorithms/centrality/tests/__init__.py
2025-11-27 22:45:12.6255452440	10072	./.venv/lib/python3.13/site-packages/networkx/algorithms/centrality/tests/test_current_flow_betweenness_centrality.py
2025-11-27 22:45:12.6255452440	10520	./.venv/lib/python3.13/site-packages/networkx/algorithms/centrality/subgraph_alg.py
2025-11-27 22:45:12.6255452440	11042	./.venv/lib/python3.13/site-packages/networkx/algorithms/centrality/katz.py
2025-11-27 22:45:12.6255452440	11240	./.venv/lib/python3.13/site-packages/networkx/algorithms/centrality/tests/test_katz_centrality.py
2025-11-27 22:45:12.6255452440	11343	./.venv/lib/python3.13/site-packages/networkx/algorithms/centrality/tests/test_load_centrality.py
2025-11-27 22:45:12.6255452440	13085	./.venv/lib/python3.13/site-packages/networkx/algorithms/centrality/tests/test_betweenness_centrality_subset.py
2025-11-27 22:45:12.6255452440	1379	./.venv/lib/python3.13/site-packages/networkx/algorithms/centrality/tests/test_current_flow_closeness.py
2025-11-27 22:45:12.6255452440	1959	./.venv/lib/python3.13/site-packages/networkx/algorithms/centrality/tests/test_dispersion.py
2025-11-27 22:45:12.6255452440	1999	./.venv/lib/python3.13/site-packages/networkx/algorithms/centrality/tests/test_second_order_centrality.py
2025-11-27 22:45:12.6255452440	2591	./.venv/lib/python3.13/site-packages/networkx/algorithms/centrality/tests/test_percolation_centrality.py
2025-11-27 22:45:12.6255452440	3231	./.venv/lib/python3.13/site-packages/networkx/algorithms/centrality/voterank_alg.py
2025-11-27 22:45:12.6255452440	33669	./.venv/lib/python3.13/site-packages/networkx/algorithms/centrality/tests/test_betweenness_centrality.py
2025-11-27 22:45:12.6255452440	3729	./.venv/lib/python3.13/site-packages/networkx/algorithms/centrality/tests/test_subgraph.py
2025-11-27 22:45:12.6255452440	3867	./.venv/lib/python3.13/site-packages/networkx/algorithms/centrality/tests/test_harmonic_centrality.py
2025-11-27 22:45:12.6255452440	4101	./.venv/lib/python3.13/site-packages/networkx/algorithms/centrality/tests/test_degree_centrality.py
2025-11-27 22:45:12.6255452440	4419	./.venv/lib/python3.13/site-packages/networkx/algorithms/centrality/percolation.py
2025-11-27 22:45:12.6255452440	5012	./.venv/lib/python3.13/site-packages/networkx/algorithms/centrality/second_order.py
2025-11-27 22:45:12.6255452440	5090	./.venv/lib/python3.13/site-packages/networkx/algorithms/centrality/tests/test_reaching.py
2025-11-27 22:45:12.6255452440	5254	./.venv/lib/python3.13/site-packages/networkx/algorithms/centrality/tests/test_eigenvector_centrality.py
2025-11-27 22:45:12.6255452440	5328	./.venv/lib/python3.13/site-packages/networkx/algorithms/centrality/trophic.py
2025-11-27 22:45:12.6255452440	5554	./.venv/lib/python3.13/site-packages/networkx/algorithms/centrality/laplacian.py
2025-11-27 22:45:12.6255452440	5839	./.venv/lib/python3.13/site-packages/networkx/algorithms/centrality/tests/test_current_flow_betweenness_centrality_subset.py
2025-11-27 22:45:12.6255452440	5898	./.venv/lib/python3.13/site-packages/networkx/algorithms/centrality/tests/test_laplacian_centrality.py
2025-11-27 22:45:12.6255452440	6859	./.venv/lib/python3.13/site-packages/networkx/algorithms/centrality/load.py
2025-11-27 22:45:12.6255452440	7255	./.venv/lib/python3.13/site-packages/networkx/algorithms/centrality/reaching.py
2025-11-27 22:45:12.6255452440	8685	./.venv/lib/python3.13/site-packages/networkx/algorithms/centrality/tests/test_group.py
2025-11-27 22:45:12.6255452440	8728	./.venv/lib/python3.13/site-packages/networkx/algorithms/centrality/tests/test_closeness_centrality.py
2025-11-27 22:45:12.6295453030	0	./.venv/lib/python3.13/site-packages/networkx/algorithms/coloring/tests/__init__.py
2025-11-27 22:45:12.6295453030	11878	./.venv/lib/python3.13/site-packages/networkx/algorithms/community/label_propagation.py
2025-11-27 22:45:12.6295453030	1280	./.venv/lib/python3.13/site-packages/networkx/algorithms/community/__init__.py
2025-11-27 22:45:12.6295453030	15424	./.venv/lib/python3.13/site-packages/networkx/algorithms/community/louvain.py
2025-11-27 22:45:12.6295453030	16315	./.venv/lib/python3.13/site-packages/networkx/algorithms/coloring/equitable_coloring.py
2025-11-27 22:45:12.6295453030	1687	./.venv/lib/python3.13/site-packages/networkx/algorithms/centrality/tests/test_voterank.py
2025-11-27 22:45:12.6295453030	182	./.venv/lib/python3.13/site-packages/networkx/algorithms/coloring/__init__.py
2025-11-27 22:45:12.6295453030	20043	./.venv/lib/python3.13/site-packages/networkx/algorithms/coloring/greedy_coloring.py
2025-11-27 22:45:12.6295453030	23697	./.venv/lib/python3.13/site-packages/networkx/algorithms/coloring/tests/test_coloring.py
2025-11-27 22:45:12.6295453030	2460	./.venv/lib/python3.13/site-packages/networkx/algorithms/community/kclique.py
2025-11-27 22:45:12.6295453030	4349	./.venv/lib/python3.13/site-packages/networkx/algorithms/community/kernighan_lin.py
2025-11-27 22:45:12.6295453030	6010	./.venv/lib/python3.13/site-packages/networkx/algorithms/community/asyn_fluid.py
2025-11-27 22:45:12.6295453030	6635	./.venv/lib/python3.13/site-packages/networkx/algorithms/community/centrality.py
2025-11-27 22:45:12.6295453030	6655	./.venv/lib/python3.13/site-packages/networkx/algorithms/community/divisive.py
2025-11-27 22:45:12.6295453030	6964	./.venv/lib/python3.13/site-packages/networkx/algorithms/community/leiden.py
2025-11-27 22:45:12.6295453030	7316	./.venv/lib/python3.13/site-packages/networkx/algorithms/community/local.py
2025-11-27 22:45:12.6295453030	8796	./.venv/lib/python3.13/site-packages/networkx/algorithms/centrality/tests/test_trophic.py
2025-11-27 22:45:12.6295453030	908	./.venv/lib/python3.13/site-packages/networkx/algorithms/community/community_utils.py
2025-11-27 22:45:12.6335453620	0	./.venv/lib/python3.13/site-packages/networkx/algorithms/community/tests/__init__.py
2025-11-27 22:45:12.6335453620	10617	./.venv/lib/python3.13/site-packages/networkx/algorithms/community/tests/test_modularity_max.py
2025-11-27 22:45:12.6335453620	11943	./.venv/lib/python3.13/site-packages/networkx/algorithms/community/quality.py
2025-11-27 22:45:12.6335453620	12782	./.venv/lib/python3.13/site-packages/networkx/algorithms/components/biconnected.py
2025-11-27 22:45:12.6335453620	173	./.venv/lib/python3.13/site-packages/networkx/algorithms/components/__init__.py
2025-11-27 22:45:12.6335453620	18082	./.venv/lib/python3.13/site-packages/networkx/algorithms/community/modularity_max.py
2025-11-27 22:45:12.6335453620	1809	./.venv/lib/python3.13/site-packages/networkx/algorithms/community/tests/test_local.py
2025-11-27 22:45:12.6335453620	2030	./.venv/lib/python3.13/site-packages/networkx/algorithms/components/semiconnected.py
2025-11-27 22:45:12.6335453620	2413	./.venv/lib/python3.13/site-packages/networkx/algorithms/community/tests/test_kclique.py
2025-11-27 22:45:12.6335453620	2710	./.venv/lib/python3.13/site-packages/networkx/algorithms/community/tests/test_kernighan_lin.py
2025-11-27 22:45:12.6335453620	2712	./.venv/lib/python3.13/site-packages/networkx/algorithms/components/attracting.py
2025-11-27 22:45:12.6335453620	2932	./.venv/lib/python3.13/site-packages/networkx/algorithms/community/tests/test_centrality.py
2025-11-27 22:45:12.6335453620	3441	./.venv/lib/python3.13/site-packages/networkx/algorithms/community/tests/test_divisive.py
2025-11-27 22:45:12.6335453620	3738	./.venv/lib/python3.13/site-packages/networkx/algorithms/community/tests/test_asyn_fluid.py
2025-11-27 22:45:12.6335453620	3961	./.venv/lib/python3.13/site-packages/networkx/algorithms/community/tests/test_lukes.py
2025-11-27 22:45:12.6335453620	4803	./.venv/lib/python3.13/site-packages/networkx/algorithms/community/tests/test_leiden.py
2025-11-27 22:45:12.6335453620	5275	./.venv/lib/python3.13/site-packages/networkx/algorithms/community/tests/test_quality.py
2025-11-27 22:45:12.6335453620	704	./.venv/lib/python3.13/site-packages/networkx/algorithms/community/tests/test_utils.py
2025-11-27 22:45:12.6335453620	7904	./.venv/lib/python3.13/site-packages/networkx/algorithms/components/connected.py
2025-11-27 22:45:12.6335453620	7985	./.venv/lib/python3.13/site-packages/networkx/algorithms/community/tests/test_label_propagation.py
2025-11-27 22:45:12.6335453620	8071	./.venv/lib/python3.13/site-packages/networkx/algorithms/community/tests/test_louvain.py
2025-11-27 22:45:12.6335453620	8115	./.venv/lib/python3.13/site-packages/networkx/algorithms/community/lukes.py
2025-11-27 22:45:12.6375454210	0	./.venv/lib/python3.13/site-packages/networkx/algorithms/components/tests/__init__.py
2025-11-27 22:45:12.6375454210	14649	./.venv/lib/python3.13/site-packages/networkx/algorithms/connectivity/disjoint_paths.py
2025-11-27 22:45:12.6375454210	1792	./.venv/lib/python3.13/site-packages/networkx/algorithms/components/tests/test_semiconnected.py
2025-11-27 22:45:12.6375454210	2243	./.venv/lib/python3.13/site-packages/networkx/algorithms/components/tests/test_attracting.py
2025-11-27 22:45:12.6375454210	23199	./.venv/lib/python3.13/site-packages/networkx/algorithms/connectivity/cuts.py
2025-11-27 22:45:12.6375454210	281	./.venv/lib/python3.13/site-packages/networkx/algorithms/connectivity/__init__.py
2025-11-27 22:45:12.6375454210	29367	./.venv/lib/python3.13/site-packages/networkx/algorithms/connectivity/connectivity.py
2025-11-27 22:45:12.6375454210	3083	./.venv/lib/python3.13/site-packages/networkx/algorithms/components/tests/test_weakly_connected.py
2025-11-27 22:45:12.6375454210	44063	./.venv/lib/python3.13/site-packages/networkx/algorithms/connectivity/edge_augmentation.py
2025-11-27 22:45:12.6375454210	4413	./.venv/lib/python3.13/site-packages/networkx/algorithms/components/weakly_connected.py
2025-11-27 22:45:12.6375454210	4815	./.venv/lib/python3.13/site-packages/networkx/algorithms/components/tests/test_connected.py
2025-11-27 22:45:12.6375454210	6021	./.venv/lib/python3.13/site-packages/networkx/algorithms/components/tests/test_strongly_connected.py
2025-11-27 22:45:12.6375454210	6036	./.venv/lib/python3.13/site-packages/networkx/algorithms/components/tests/test_biconnected.py
2025-11-27 22:45:12.6375454210	9911	./.venv/lib/python3.13/site-packages/networkx/algorithms/components/strongly_connected.py
2025-11-27 22:45:12.6415454810	0	./.venv/lib/python3.13/site-packages/networkx/algorithms/connectivity/tests/__init__.py
2025-11-27 22:45:12.6415454810	10356	./.venv/lib/python3.13/site-packages/networkx/algorithms/connectivity/tests/test_cuts.py
2025-11-27 22:45:12.6415454810	12853	./.venv/lib/python3.13/site-packages/networkx/algorithms/flow/mincost.py
2025-11-27 22:45:12.6415454810	13334	./.venv/lib/python3.13/site-packages/networkx/algorithms/flow/boykovkolmogorov.py
2025-11-27 22:45:12.6415454810	14469	./.venv/lib/python3.13/site-packages/networkx/algorithms/flow/capacityscaling.py
2025-11-27 22:45:12.6415454810	15027	./.venv/lib/python3.13/site-packages/networkx/algorithms/connectivity/tests/test_connectivity.py
2025-11-27 22:45:12.6415454810	15737	./.venv/lib/python3.13/site-packages/networkx/algorithms/connectivity/tests/test_edge_augmentation.py
2025-11-27 22:45:12.6415454810	16453	./.venv/lib/python3.13/site-packages/networkx/algorithms/connectivity/tests/test_edge_kcomponents.py
2025-11-27 22:45:12.6415454810	20894	./.venv/lib/python3.13/site-packages/networkx/algorithms/connectivity/edge_kcomponents.py
2025-11-27 22:45:12.6415454810	22975	./.venv/lib/python3.13/site-packages/networkx/algorithms/flow/maxflow.py
2025-11-27 22:45:12.6415454810	25098	./.venv/lib/python3.13/site-packages/networkx/algorithms/flow/networksimplex.py
2025-11-27 22:45:12.6415454810	3011	./.venv/lib/python3.13/site-packages/networkx/algorithms/connectivity/tests/test_stoer_wagner.py
2025-11-27 22:45:12.6415454810	3217	./.venv/lib/python3.13/site-packages/networkx/algorithms/connectivity/utils.py
2025-11-27 22:45:12.6415454810	341	./.venv/lib/python3.13/site-packages/networkx/algorithms/flow/__init__.py
2025-11-27 22:45:12.6415454810	5431	./.venv/lib/python3.13/site-packages/networkx/algorithms/connectivity/stoerwagner.py
2025-11-27 22:45:12.6415454810	6345	./.venv/lib/python3.13/site-packages/networkx/algorithms/flow/gomory_hu.py
2025-11-27 22:45:12.6415454810	8056	./.venv/lib/python3.13/site-packages/networkx/algorithms/flow/edmondskarp.py
2025-11-27 22:45:12.6415454810	8086	./.venv/lib/python3.13/site-packages/networkx/algorithms/connectivity/kcomponents.py
2025-11-27 22:45:12.6415454810	8341	./.venv/lib/python3.13/site-packages/networkx/algorithms/flow/dinitz_alg.py
2025-11-27 22:45:12.6415454810	8392	./.venv/lib/python3.13/site-packages/networkx/algorithms/connectivity/tests/test_disjoint_paths.py
2025-11-27 22:45:12.6415454810	8974	./.venv/lib/python3.13/site-packages/networkx/algorithms/connectivity/tests/test_kcutsets.py
2025-11-27 22:45:12.6415454810	9276	./.venv/lib/python3.13/site-packages/networkx/algorithms/connectivity/tests/test_kcomponents.py
2025-11-27 22:45:12.6415454810	9371	./.venv/lib/python3.13/site-packages/networkx/algorithms/connectivity/kcutsets.py
2025-11-27 22:45:12.6455455400	0	./.venv/lib/python3.13/site-packages/networkx/algorithms/flow/tests/__init__.py
2025-11-27 22:45:12.6455455400	10372	./.venv/lib/python3.13/site-packages/networkx/algorithms/flow/shortestaugmentingpath.py
2025-11-27 22:45:12.6455455400	14162	./.venv/lib/python3.13/site-packages/networkx/algorithms/flow/tests/test_networksimplex.py
2025-11-27 22:45:12.6455455400	15721	./.venv/lib/python3.13/site-packages/networkx/algorithms/flow/preflowpush.py
2025-11-27 22:45:12.6455455400	17806	./.venv/lib/python3.13/site-packages/networkx/algorithms/flow/tests/test_mincost.py
2025-11-27 22:45:12.6455455400	18940	./.venv/lib/python3.13/site-packages/networkx/algorithms/flow/tests/test_maxflow.py
2025-11-27 22:45:12.6455455400	18972	./.venv/lib/python3.13/site-packages/networkx/algorithms/flow/tests/netgen-2.gpickle.bz2
2025-11-27 22:45:12.6455455400	406	./.venv/lib/python3.13/site-packages/networkx/algorithms/isomorphism/__init__.py
2025-11-27 22:45:12.6455455400	42248	./.venv/lib/python3.13/site-packages/networkx/algorithms/flow/tests/gw1.gpickle.bz2
2025-11-27 22:45:12.6455455400	44623	./.venv/lib/python3.13/site-packages/networkx/algorithms/flow/tests/gl1.gpickle.bz2
2025-11-27 22:45:12.6455455400	4471	./.venv/lib/python3.13/site-packages/networkx/algorithms/flow/tests/test_gomory_hu.py
2025-11-27 22:45:12.6455455400	4612	./.venv/lib/python3.13/site-packages/networkx/algorithms/flow/tests/test_maxflow_large_graph.py
2025-11-27 22:45:12.6455455400	60177	./.venv/lib/python3.13/site-packages/networkx/algorithms/isomorphism/ismags.py
2025-11-27 22:45:12.6455455400	6246	./.venv/lib/python3.13/site-packages/networkx/algorithms/flow/utils.py
2025-11-27 22:45:12.6455455400	88132	./.venv/lib/python3.13/site-packages/networkx/algorithms/flow/tests/wlm3.gpickle.bz2
2025-11-27 22:45:12.6495455990	0	./.venv/lib/python3.13/site-packages/networkx/algorithms/isomorphism/tests/__init__.py
2025-11-27 22:45:12.6495455990	10561	./.venv/lib/python3.13/site-packages/networkx/algorithms/isomorphism/isomorph.py
2025-11-27 22:45:12.6495455990	10884	./.venv/lib/python3.13/site-packages/networkx/algorithms/isomorphism/matchhelpers.py
2025-11-27 22:45:12.6495455990	10948	./.venv/lib/python3.13/site-packages/networkx/algorithms/isomorphism/temporalisomorphvf2.py
2025-11-27 22:45:12.6495455990	1442	./.venv/lib/python3.13/site-packages/networkx/algorithms/isomorphism/tests/iso_r01_s80.A99
2025-11-27 22:45:12.6495455990	1442	./.venv/lib/python3.13/site-packages/networkx/algorithms/isomorphism/tests/iso_r01_s80.B99
2025-11-27 22:45:12.6495455990	1602	./.venv/lib/python3.13/site-packages/networkx/algorithms/isomorphism/tests/si2_b06_m200.B99
2025-11-27 22:45:12.6495455990	25325	./.venv/lib/python3.13/site-packages/networkx/algorithms/isomorphism/tests/test_ismags.py
2025-11-27 22:45:12.6495455990	310	./.venv/lib/python3.13/site-packages/networkx/algorithms/isomorphism/tests/si2_b06_m200.A99
2025-11-27 22:45:12.6495455990	36681	./.venv/lib/python3.13/site-packages/networkx/algorithms/isomorphism/vf2pp.py
2025-11-27 22:45:12.6495455990	47637	./.venv/lib/python3.13/site-packages/networkx/algorithms/isomorphism/isomorphvf2.py
2025-11-27 22:45:12.6495455990	4768	./.venv/lib/python3.13/site-packages/networkx/algorithms/isomorphism/tests/test_isomorphism.py
2025-11-27 22:45:12.6495455990	7371	./.venv/lib/python3.13/site-packages/networkx/algorithms/isomorphism/vf2userfunc.py
2025-11-27 22:45:12.6495455990	9033	./.venv/lib/python3.13/site-packages/networkx/algorithms/isomorphism/tree_isomorphism.py
2025-11-27 22:45:12.6535456580	0	./.venv/lib/python3.13/site-packages/networkx/algorithms/link_analysis/tests/__init__.py
2025-11-27 22:45:12.6535456580	10439	./.venv/lib/python3.13/site-packages/networkx/algorithms/link_analysis/hits_alg.py
2025-11-27 22:45:12.6535456580	118	./.venv/lib/python3.13/site-packages/networkx/algorithms/link_analysis/__init__.py
2025-11-27 22:45:12.6535456580	14484	./.venv/lib/python3.13/site-packages/networkx/algorithms/isomorphism/tests/test_isomorphvf2.py
2025-11-27 22:45:12.6535456580	17202	./.venv/lib/python3.13/site-packages/networkx/algorithms/link_analysis/pagerank_alg.py
2025-11-27 22:45:12.6535456580	17674	./.venv/lib/python3.13/site-packages/networkx/algorithms/minors/tests/test_contraction.py
2025-11-27 22:45:12.6535456580	2483	./.venv/lib/python3.13/site-packages/networkx/algorithms/isomorphism/tests/test_match_helpers.py
2025-11-27 22:45:12.6535456580	2546	./.venv/lib/python3.13/site-packages/networkx/algorithms/link_analysis/tests/test_hits.py
2025-11-27 22:45:12.6535456580	27606	./.venv/lib/python3.13/site-packages/networkx/algorithms/minors/contraction.py
2025-11-27 22:45:12.6535456580	49934	./.venv/lib/python3.13/site-packages/networkx/algorithms/isomorphism/tests/test_vf2pp.py
2025-11-27 22:45:12.6535456580	5681	./.venv/lib/python3.13/site-packages/networkx/algorithms/isomorphism/tests/test_tree_isomorphism.py
2025-11-27 22:45:12.6535456580	587	./.venv/lib/python3.13/site-packages/networkx/algorithms/minors/__init__.py
2025-11-27 22:45:12.6535456580	6625	./.venv/lib/python3.13/site-packages/networkx/algorithms/isomorphism/tests/test_vf2userfunc.py
2025-11-27 22:45:12.6535456580	7282	./.venv/lib/python3.13/site-packages/networkx/algorithms/link_analysis/tests/test_pagerank.py
2025-11-27 22:45:12.6535456580	7343	./.venv/lib/python3.13/site-packages/networkx/algorithms/isomorphism/tests/test_temporalisomorphvf2.py
2025-11-27 22:45:12.6535456580	90251	./.venv/lib/python3.13/site-packages/networkx/algorithms/isomorphism/tests/test_vf2pp_helpers.py
2025-11-27 22:45:12.6575457170	0	./.venv/lib/python3.13/site-packages/networkx/algorithms/operators/tests/__init__.py
2025-11-27 22:45:12.6575457170	12190	./.venv/lib/python3.13/site-packages/networkx/algorithms/operators/tests/test_binary.py
2025-11-27 22:45:12.6575457170	13150	./.venv/lib/python3.13/site-packages/networkx/algorithms/operators/binary.py
2025-11-27 22:45:12.6575457170	1415	./.venv/lib/python3.13/site-packages/networkx/algorithms/operators/tests/test_unary.py
2025-11-27 22:45:12.6575457170	15155	./.venv/lib/python3.13/site-packages/networkx/algorithms/operators/tests/test_product.py
2025-11-27 22:45:12.6575457170	17825	./.venv/lib/python3.13/site-packages/networkx/algorithms/shortest_paths/unweighted.py
2025-11-27 22:45:12.6575457170	1795	./.venv/lib/python3.13/site-packages/networkx/algorithms/operators/unary.py
2025-11-27 22:45:12.6575457170	19632	./.venv/lib/python3.13/site-packages/networkx/algorithms/operators/product.py
2025-11-27 22:45:12.6575457170	201	./.venv/lib/python3.13/site-packages/networkx/algorithms/operators/__init__.py
2025-11-27 22:45:12.6575457170	25337	./.venv/lib/python3.13/site-packages/networkx/algorithms/shortest_paths/generic.py
2025-11-27 22:45:12.6575457170	285	./.venv/lib/python3.13/site-packages/networkx/algorithms/shortest_paths/__init__.py
2025-11-27 22:45:12.6575457170	8261	./.venv/lib/python3.13/site-packages/networkx/algorithms/shortest_paths/dense.py
2025-11-27 22:45:12.6575457170	8280	./.venv/lib/python3.13/site-packages/networkx/algorithms/operators/tests/test_all.py
2025-11-27 22:45:12.6575457170	8937	./.venv/lib/python3.13/site-packages/networkx/algorithms/shortest_paths/astar.py
2025-11-27 22:45:12.6575457170	9718	./.venv/lib/python3.13/site-packages/networkx/algorithms/operators/all.py
2025-11-27 22:45:12.6615457760	0	./.venv/lib/python3.13/site-packages/networkx/algorithms/shortest_paths/tests/__init__.py
2025-11-27 22:45:12.6615457760	0	./.venv/lib/python3.13/site-packages/networkx/algorithms/tests/__init__.py
2025-11-27 22:45:12.6615457760	20609	./.venv/lib/python3.13/site-packages/networkx/algorithms/shortest_paths/tests/test_generic.py
2025-11-27 22:45:12.6615457760	2299	./.venv/lib/python3.13/site-packages/networkx/algorithms/shortest_paths/tests/test_dense_numpy.py
2025-11-27 22:45:12.6615457760	3034	./.venv/lib/python3.13/site-packages/networkx/algorithms/tests/test_broadcasting.py
2025-11-27 22:45:12.6615457760	35502	./.venv/lib/python3.13/site-packages/networkx/algorithms/shortest_paths/tests/test_weighted.py
2025-11-27 22:45:12.6615457760	4026	./.venv/lib/python3.13/site-packages/networkx/algorithms/tests/test_bridges.py
2025-11-27 22:45:12.6615457760	4196	./.venv/lib/python3.13/site-packages/networkx/algorithms/tests/test_chains.py
2025-11-27 22:45:12.6615457760	4438	./.venv/lib/python3.13/site-packages/networkx/algorithms/tests/test_chordal.py
2025-11-27 22:45:12.6615457760	502	./.venv/lib/python3.13/site-packages/networkx/algorithms/tests/test_asteroidal.py
2025-11-27 22:45:12.6615457760	5879	./.venv/lib/python3.13/site-packages/networkx/algorithms/shortest_paths/tests/test_unweighted.py
2025-11-27 22:45:12.6615457760	6227	./.venv/lib/python3.13/site-packages/networkx/algorithms/tests/test_boundary.py
2025-11-27 22:45:12.6615457760	6747	./.venv/lib/python3.13/site-packages/networkx/algorithms/shortest_paths/tests/test_dense.py
2025-11-27 22:45:12.6615457760	84155	./.venv/lib/python3.13/site-packages/networkx/algorithms/shortest_paths/weighted.py
2025-11-27 22:45:12.6615457760	8989	./.venv/lib/python3.13/site-packages/networkx/algorithms/shortest_paths/tests/test_astar.py
2025-11-27 22:45:12.6615457760	9772	./.venv/lib/python3.13/site-packages/networkx/algorithms/tests/test_clique.py
2025-11-27 22:45:12.6655458350	10714	./.venv/lib/python3.13/site-packages/networkx/algorithms/tests/test_d_separation.py
2025-11-27 22:45:12.6655458350	11209	./.venv/lib/python3.13/site-packages/networkx/algorithms/tests/test_euler.py
2025-11-27 22:45:12.6655458350	1184	./.venv/lib/python3.13/site-packages/networkx/algorithms/tests/test_hierarchy.py
2025-11-27 22:45:12.6655458350	14160	./.venv/lib/python3.13/site-packages/networkx/algorithms/tests/test_lowest_common_ancestors.py
2025-11-27 22:45:12.6655458350	18319	./.venv/lib/python3.13/site-packages/networkx/algorithms/tests/test_matching.py
2025-11-27 22:45:12.6655458350	1894	./.venv/lib/python3.13/site-packages/networkx/algorithms/tests/test_efficiency.py
2025-11-27 22:45:12.6655458350	19320	./.venv/lib/python3.13/site-packages/networkx/algorithms/tests/test_cluster.py
2025-11-27 22:45:12.6655458350	20451	./.venv/lib/python3.13/site-packages/networkx/algorithms/tests/test_link_prediction.py
2025-11-27 22:45:12.6655458350	2718	./.venv/lib/python3.13/site-packages/networkx/algorithms/tests/test_covering.py
2025-11-27 22:45:12.6655458350	28793	./.venv/lib/python3.13/site-packages/networkx/algorithms/tests/test_distance_measures.py
2025-11-27 22:45:12.6655458350	2915	./.venv/lib/python3.13/site-packages/networkx/algorithms/tests/test_distance_regular.py
2025-11-27 22:45:12.6655458350	2938	./.venv/lib/python3.13/site-packages/networkx/algorithms/tests/test_communicability.py
2025-11-27 22:45:12.6655458350	29407	./.venv/lib/python3.13/site-packages/networkx/algorithms/tests/test_dag.py
2025-11-27 22:45:12.6655458350	3112	./.venv/lib/python3.13/site-packages/networkx/algorithms/tests/test_dominating.py
2025-11-27 22:45:12.6655458350	31567	./.venv/lib/python3.13/site-packages/networkx/algorithms/tests/test_graph_hashing.py
2025-11-27 22:45:12.6655458350	34851	./.venv/lib/python3.13/site-packages/networkx/algorithms/tests/test_cycles.py
2025-11-27 22:45:12.6655458350	5366	./.venv/lib/python3.13/site-packages/networkx/algorithms/tests/test_graphical.py
2025-11-27 22:45:12.6655458350	5376	./.venv/lib/python3.13/site-packages/networkx/algorithms/tests/test_cuts.py
2025-11-27 22:45:12.6655458350	555	./.venv/lib/python3.13/site-packages/networkx/algorithms/tests/test_isolate.py
2025-11-27 22:45:12.6655458350	6739	./.venv/lib/python3.13/site-packages/networkx/algorithms/tests/test_max_weight_clique.py
2025-11-27 22:45:12.6655458350	720	./.venv/lib/python3.13/site-packages/networkx/algorithms/tests/test_hybrid.py
2025-11-27 22:45:12.6655458350	9619	./.venv/lib/python3.13/site-packages/networkx/algorithms/tests/test_core.py
2025-11-27 22:45:12.6655458350	9811	./.venv/lib/python3.13/site-packages/networkx/algorithms/tests/test_dominance.py
2025-11-27 22:45:12.6695458940	1296	./.venv/lib/python3.13/site-packages/networkx/algorithms/tests/test_reciprocity.py
2025-11-27 22:45:12.6695458940	13342	./.venv/lib/python3.13/site-packages/networkx/algorithms/tests/test_time_dependent.py
2025-11-27 22:45:12.6695458940	1380	./.venv/lib/python3.13/site-packages/networkx/algorithms/tests/test_vitality.py
2025-11-27 22:45:12.6695458940	142	./.venv/lib/python3.13/site-packages/networkx/algorithms/traversal/__init__.py
2025-11-27 22:45:12.6695458940	144	./.venv/lib/python3.13/site-packages/networkx/algorithms/tests/test_smetric.py
2025-11-27 22:45:12.6695458940	1499	./.venv/lib/python3.13/site-packages/networkx/algorithms/tests/test_walks.py
2025-11-27 22:45:12.6695458940	1678	./.venv/lib/python3.13/site-packages/networkx/algorithms/tests/test_non_randomness.py
2025-11-27 22:45:12.6695458940	17312	./.venv/lib/python3.13/site-packages/networkx/algorithms/tests/test_planarity.py
2025-11-27 22:45:12.6695458940	1865	./.venv/lib/python3.13/site-packages/networkx/algorithms/tests/test_mis.py
2025-11-27 22:45:12.6695458940	1983	./.venv/lib/python3.13/site-packages/networkx/algorithms/tests/test_polynomials.py
2025-11-27 22:45:12.6695458940	21312	./.venv/lib/python3.13/site-packages/networkx/algorithms/tests/test_summarization.py
2025-11-27 22:45:12.6695458940	2390	./.venv/lib/python3.13/site-packages/networkx/algorithms/tests/test_smallworld.py
2025-11-27 22:45:12.6695458940	25181	./.venv/lib/python3.13/site-packages/networkx/algorithms/tests/test_simple_paths.py
2025-11-27 22:45:12.6695458940	2951	./.venv/lib/python3.13/site-packages/networkx/algorithms/tests/test_regular.py
2025-11-27 22:45:12.6695458940	3477	./.venv/lib/python3.13/site-packages/networkx/algorithms/tests/test_voronoi.py
2025-11-27 22:45:12.6695458940	3962	./.venv/lib/python3.13/site-packages/networkx/algorithms/tests/test_richclub.py
2025-11-27 22:45:12.6695458940	4044	./.venv/lib/python3.13/site-packages/networkx/algorithms/tests/test_sparsifiers.py
2025-11-27 22:45:12.6695458940	4107	./.venv/lib/python3.13/site-packages/networkx/algorithms/tests/test_tournament.py
2025-11-27 22:45:12.6695458940	41248	./.venv/lib/python3.13/site-packages/networkx/algorithms/tests/test_similarity.py
2025-11-27 22:45:12.6695458940	4186	./.venv/lib/python3.13/site-packages/networkx/algorithms/tests/test_wiener.py
2025-11-27 22:45:12.6695458940	452	./.venv/lib/python3.13/site-packages/networkx/algorithms/tests/test_moral.py
2025-11-27 22:45:12.6695458940	4663	./.venv/lib/python3.13/site-packages/networkx/algorithms/tests/test_node_classification.py
2025-11-27 22:45:12.6695458940	609	./.venv/lib/python3.13/site-packages/networkx/algorithms/tests/test_perfect_graph.py
2025-11-27 22:45:12.6695458940	6144	./.venv/lib/python3.13/site-packages/networkx/algorithms/tests/test_swap.py
2025-11-27 22:45:12.6695458940	7592	./.venv/lib/python3.13/site-packages/networkx/algorithms/tests/test_structuralholes.py
2025-11-27 22:45:12.6695458940	8219	./.venv/lib/python3.13/site-packages/networkx/algorithms/tests/test_triads.py
2025-11-27 22:45:12.6695458940	8765	./.venv/lib/python3.13/site-packages/networkx/algorithms/tests/test_planar_drawing.py
2025-11-27 22:45:12.6695458940	9733	./.venv/lib/python3.13/site-packages/networkx/algorithms/tests/test_threshold.py
2025-11-27 22:45:12.6735459530	0	./.venv/lib/python3.13/site-packages/networkx/algorithms/traversal/tests/__init__.py
2025-11-27 22:45:12.6735459530	10580	./.venv/lib/python3.13/site-packages/networkx/algorithms/traversal/tests/test_dfs.py
2025-11-27 22:45:12.6735459530	16795	./.venv/lib/python3.13/site-packages/networkx/algorithms/traversal/depth_first_search.py
2025-11-27 22:45:12.6735459530	18259	./.venv/lib/python3.13/site-packages/networkx/algorithms/traversal/breadth_first_search.py
2025-11-27 22:45:12.6735459530	182	./.venv/lib/python3.13/site-packages/networkx/algorithms/tree/__init__.py
2025-11-27 22:45:12.6735459530	34339	./.venv/lib/python3.13/site-packages/networkx/algorithms/tree/branchings.py
2025-11-27 22:45:12.6735459530	3473	./.venv/lib/python3.13/site-packages/networkx/algorithms/traversal/beamsearch.py
2025-11-27 22:45:12.6735459530	4702	./.venv/lib/python3.13/site-packages/networkx/algorithms/traversal/tests/test_edgebfs.py
2025-11-27 22:45:12.6735459530	4775	./.venv/lib/python3.13/site-packages/networkx/algorithms/traversal/tests/test_edgedfs.py
2025-11-27 22:45:12.6735459530	6041	./.venv/lib/python3.13/site-packages/networkx/algorithms/traversal/edgedfs.py
2025-11-27 22:45:12.6735459530	6333	./.venv/lib/python3.13/site-packages/networkx/algorithms/traversal/edgebfs.py
2025-11-27 22:45:12.6735459530	6447	./.venv/lib/python3.13/site-packages/networkx/algorithms/traversal/tests/test_bfs.py
2025-11-27 22:45:12.6735459530	900	./.venv/lib/python3.13/site-packages/networkx/algorithms/traversal/tests/test_beamsearch.py
2025-11-27 22:45:12.6775460130	0	./.venv/lib/python3.13/site-packages/networkx/algorithms/tree/tests/__init__.py
2025-11-27 22:45:12.6775460130	13251	./.venv/lib/python3.13/site-packages/networkx/classes/coreviews.py
2025-11-27 22:45:12.6775460130	13466	./.venv/lib/python3.13/site-packages/networkx/algorithms/tree/coding.py
2025-11-27 22:45:12.6775460130	17731	./.venv/lib/python3.13/site-packages/networkx/algorithms/tree/tests/test_branchings.py
2025-11-27 22:45:12.6775460130	1871	./.venv/lib/python3.13/site-packages/networkx/algorithms/tree/tests/test_decomposition.py
2025-11-27 22:45:12.6775460130	1961	./.venv/lib/python3.13/site-packages/networkx/algorithms/tree/tests/test_operations.py
2025-11-27 22:45:12.6775460130	3071	./.venv/lib/python3.13/site-packages/networkx/algorithms/tree/decomposition.py
2025-11-27 22:45:12.6775460130	31631	./.venv/lib/python3.13/site-packages/networkx/algorithms/tree/tests/test_mst.py
2025-11-27 22:45:12.6775460130	3389	./.venv/lib/python3.13/site-packages/networkx/algorithms/tree/tests/test_distance_measures.py
2025-11-27 22:45:12.6775460130	364	./.venv/lib/python3.13/site-packages/networkx/classes/__init__.py
2025-11-27 22:45:12.6775460130	3955	./.venv/lib/python3.13/site-packages/networkx/algorithms/tree/tests/test_coding.py
2025-11-27 22:45:12.6775460130	4048	./.venv/lib/python3.13/site-packages/networkx/algorithms/tree/operations.py
2025-11-27 22:45:12.6775460130	4521	./.venv/lib/python3.13/site-packages/networkx/algorithms/tree/tests/test_recognition.py
2025-11-27 22:45:12.6775460130	46151	./.venv/lib/python3.13/site-packages/networkx/algorithms/tree/mst.py
2025-11-27 22:45:12.6775460130	48798	./.venv/lib/python3.13/site-packages/networkx/classes/digraph.py
2025-11-27 22:45:12.6775460130	6981	./.venv/lib/python3.13/site-packages/networkx/algorithms/tree/distance_measures.py
2025-11-27 22:45:12.6775460130	7569	./.venv/lib/python3.13/site-packages/networkx/algorithms/tree/recognition.py
2025-11-27 22:45:12.6815460720	0	./.venv/lib/python3.13/site-packages/networkx/classes/tests/__init__.py
2025-11-27 22:45:12.6815460720	11496	./.venv/lib/python3.13/site-packages/networkx/classes/tests/test_graphviews.py
2025-11-27 22:45:12.6815460720	12128	./.venv/lib/python3.13/site-packages/networkx/classes/tests/test_coreviews.py
2025-11-27 22:45:12.6815460720	12283	./.venv/lib/python3.13/site-packages/networkx/classes/tests/test_digraph.py
2025-11-27 22:45:12.6815460720	16291	./.venv/lib/python3.13/site-packages/networkx/classes/tests/historical_tests.py
2025-11-27 22:45:12.6815460720	16342	./.venv/lib/python3.13/site-packages/networkx/classes/tests/test_multidigraph.py
2025-11-27 22:45:12.6815460720	258	./.venv/lib/python3.13/site-packages/networkx/classes/tests/test_graph_historical.py
2025-11-27 22:45:12.6815460720	2817	./.venv/lib/python3.13/site-packages/networkx/classes/filters.py
2025-11-27 22:45:12.6815460720	31105	./.venv/lib/python3.13/site-packages/networkx/classes/tests/test_graph.py
2025-11-27 22:45:12.6815460720	35481	./.venv/lib/python3.13/site-packages/networkx/classes/tests/test_function.py
2025-11-27 22:45:12.6815460720	3668	./.venv/lib/python3.13/site-packages/networkx/classes/tests/test_digraph_historical.py
2025-11-27 22:45:12.6815460720	37076	./.venv/lib/python3.13/site-packages/networkx/classes/multidigraph.py
2025-11-27 22:45:12.6815460720	43794	./.venv/lib/python3.13/site-packages/networkx/classes/function.py
2025-11-27 22:45:12.6815460720	46132	./.venv/lib/python3.13/site-packages/networkx/classes/reportviews.py
2025-11-27 22:45:12.6815460720	47971	./.venv/lib/python3.13/site-packages/networkx/classes/multigraph.py
2025-11-27 22:45:12.6815460720	5851	./.venv/lib/python3.13/site-packages/networkx/classes/tests/test_filters.py
2025-11-27 22:45:12.6815460720	6823	./.venv/lib/python3.13/site-packages/networkx/classes/tests/dispatch_interface.py
2025-11-27 22:45:12.6815460720	72354	./.venv/lib/python3.13/site-packages/networkx/classes/graph.py
2025-11-27 22:45:12.6815460720	8520	./.venv/lib/python3.13/site-packages/networkx/classes/graphviews.py
2025-11-27 22:45:12.6855461310	0	./.venv/lib/python3.13/site-packages/networkx/drawing/tests/__init__.py
2025-11-27 22:45:12.6855461310	103405	./.venv/lib/python3.13/site-packages/networkx/drawing/nx_pylab.py
2025-11-27 22:45:12.6855461310	13669	./.venv/lib/python3.13/site-packages/networkx/classes/tests/test_subgraphviews.py
2025-11-27 22:45:12.6855461310	14248	./.venv/lib/python3.13/site-packages/networkx/drawing/nx_agraph.py
2025-11-27 22:45:12.6855461310	160	./.venv/lib/python3.13/site-packages/networkx/drawing/__init__.py
2025-11-27 22:45:12.6855461310	18777	./.venv/lib/python3.13/site-packages/networkx/classes/tests/test_multigraph.py
2025-11-27 22:45:12.6855461310	24846	./.venv/lib/python3.13/site-packages/networkx/drawing/nx_latex.py
2025-11-27 22:45:12.6855461310	4053	./.venv/lib/python3.13/site-packages/networkx/classes/tests/test_special.py
2025-11-27 22:45:12.6855461310	41332	./.venv/lib/python3.13/site-packages/networkx/classes/tests/test_reportviews.py
2025-11-27 22:45:12.6855461310	66346	./.venv/lib/python3.13/site-packages/networkx/drawing/layout.py
2025-11-27 22:45:12.6855461310	9992	./.venv/lib/python3.13/site-packages/networkx/drawing/nx_pydot.py
2025-11-27 22:45:12.6895461900	142315	./.venv/lib/python3.13/site-packages/networkx/drawing/tests/baseline/test_display_complex.png
2025-11-27 22:45:12.6895461900	23709	./.venv/lib/python3.13/site-packages/networkx/drawing/tests/test_layout.py
2025-11-27 22:45:12.6895461900	26002	./.venv/lib/python3.13/site-packages/networkx/drawing/tests/baseline/test_display_house_with_colors.png
2025-11-27 22:45:12.6895461900	3257	./.venv/lib/python3.13/site-packages/networkx/drawing/tests/baseline/test_display_empty_graph.png
2025-11-27 22:45:12.6895461900	4973	./.venv/lib/python3.13/site-packages/networkx/drawing/tests/test_pydot.py
2025-11-27 22:45:12.6895461900	53846	./.venv/lib/python3.13/site-packages/networkx/drawing/tests/test_pylab.py
2025-11-27 22:45:12.6895461900	62571	./.venv/lib/python3.13/site-packages/networkx/drawing/tests/baseline/test_display_labels_and_colors.png
2025-11-27 22:45:12.6895461900	6340	./.venv/lib/python3.13/site-packages/networkx/drawing/tests/test_image_comparison_pylab_mpl.py
2025-11-27 22:45:12.6895461900	8621	./.venv/lib/python3.13/site-packages/networkx/drawing/tests/test_latex.py
2025-11-27 22:45:12.6895461900	8725	./.venv/lib/python3.13/site-packages/networkx/drawing/tests/test_agraph.py
2025-11-27 22:45:12.6935462490	1366	./.venv/lib/python3.13/site-packages/networkx/generators/__init__.py
2025-11-27 22:45:12.6935462490	14226	./.venv/lib/python3.13/site-packages/networkx/generators/internet_as_graphs.py
2025-11-27 22:45:12.6935462490	14740	./.venv/lib/python3.13/site-packages/networkx/generators/lattice.py
2025-11-27 22:45:12.6935462490	15184	./.venv/lib/python3.13/site-packages/networkx/generators/expanders.py
2025-11-27 22:45:12.6935462490	18149	./.venv/lib/python3.13/site-packages/networkx/generators/directed.py
2025-11-27 22:45:12.6935462490	1891	./.venv/lib/python3.13/site-packages/networkx/generators/cographs.py
2025-11-27 22:45:12.6935462490	1894	./.venv/lib/python3.13/site-packages/networkx/generators/ego.py
2025-11-27 22:45:12.6935462490	21918	./.venv/lib/python3.13/site-packages/networkx/drawing/tests/baseline/test_house_with_colors.png
2025-11-27 22:45:12.6935462490	2204	./.venv/lib/python3.13/site-packages/networkx/generators/interval_graph.py
2025-11-27 22:45:12.6935462490	24773	./.venv/lib/python3.13/site-packages/networkx/generators/joint_degree_seq.py
2025-11-27 22:45:12.6935462490	30493	./.venv/lib/python3.13/site-packages/networkx/generators/degree_seq.py
2025-11-27 22:45:12.6935462490	32658	./.venv/lib/python3.13/site-packages/networkx/generators/classic.py
2025-11-27 22:45:12.6935462490	34911	./.venv/lib/python3.13/site-packages/networkx/generators/community.py
2025-11-27 22:45:12.6935462490	35264	./.venv/lib/python3.13/site-packages/networkx/drawing/tests/baseline/test_display_shortest_path.png
2025-11-27 22:45:12.6935462490	39461	./.venv/lib/python3.13/site-packages/networkx/generators/geometric.py
2025-11-27 22:45:12.6935462490	4101	./.venv/lib/python3.13/site-packages/networkx/generators/intersection.py
2025-11-27 22:45:12.6935462490	4950	./.venv/lib/python3.13/site-packages/networkx/generators/harary_graph.py
2025-11-27 22:45:12.6935462490	5831	./.venv/lib/python3.13/site-packages/networkx/generators/duplication.py
2025-11-27 22:45:12.6935462490	6955	./.venv/lib/python3.13/site-packages/networkx/generators/atlas.py
2025-11-27 22:45:12.6935462490	8887	./.venv/lib/python3.13/site-packages/networkx/generators/atlas.dat.gz
2025-11-27 22:45:12.6975463080	0	./.venv/lib/python3.13/site-packages/networkx/generators/tests/__init__.py
2025-11-27 22:45:12.6975463080	11311	./.venv/lib/python3.13/site-packages/networkx/generators/tests/test_community.py
2025-11-27 22:45:12.6975463080	1327	./.venv/lib/python3.13/site-packages/networkx/generators/tests/test_ego.py
2025-11-27 22:45:12.6975463080	17540	./.venv/lib/python3.13/site-packages/networkx/generators/line.py
2025-11-27 22:45:12.6975463080	1981	./.venv/lib/python3.13/site-packages/networkx/generators/stochastic.py
2025-11-27 22:45:12.6975463080	23416	./.venv/lib/python3.13/site-packages/networkx/generators/social.py
2025-11-27 22:45:12.6975463080	2439	./.venv/lib/python3.13/site-packages/networkx/generators/time_series.py
2025-11-27 22:45:12.6975463080	24400	./.venv/lib/python3.13/site-packages/networkx/generators/tests/test_classic.py
2025-11-27 22:45:12.6975463080	2452	./.venv/lib/python3.13/site-packages/networkx/generators/triads.py
2025-11-27 22:45:12.6975463080	2530	./.venv/lib/python3.13/site-packages/networkx/generators/tests/test_atlas.py
2025-11-27 22:45:12.6975463080	30967	./.venv/lib/python3.13/site-packages/networkx/generators/small.py
2025-11-27 22:45:12.6975463080	3155	./.venv/lib/python3.13/site-packages/networkx/generators/tests/test_duplication.py
2025-11-27 22:45:12.6975463080	3314	./.venv/lib/python3.13/site-packages/networkx/generators/mycielski.py
2025-11-27 22:45:12.6975463080	36517	./.venv/lib/python3.13/site-packages/networkx/generators/trees.py
2025-11-27 22:45:12.6975463080	4183	./.venv/lib/python3.13/site-packages/networkx/generators/random_clustered.py
2025-11-27 22:45:12.6975463080	4282	./.venv/lib/python3.13/site-packages/networkx/generators/spectral_graph_forge.py
2025-11-27 22:45:12.6975463080	4288	./.venv/lib/python3.13/site-packages/networkx/generators/sudoku.py
2025-11-27 22:45:12.6975463080	51669	./.venv/lib/python3.13/site-packages/networkx/generators/random_graphs.py
2025-11-27 22:45:12.6975463080	553	./.venv/lib/python3.13/site-packages/networkx/generators/tests/test_cographs.py
2025-11-27 22:45:12.6975463080	6020	./.venv/lib/python3.13/site-packages/networkx/generators/tests/test_directed.py
2025-11-27 22:45:12.6975463080	6993	./.venv/lib/python3.13/site-packages/networkx/generators/nonisomorphic_trees.py
2025-11-27 22:45:12.6975463080	7284	./.venv/lib/python3.13/site-packages/networkx/generators/tests/test_degree_seq.py
2025-11-27 22:45:12.7015463670	10102	./.venv/lib/python3.13/site-packages/networkx/generators/tests/test_lattice.py
2025-11-27 22:45:12.7015463670	10516	./.venv/lib/python3.13/site-packages/networkx/generators/tests/test_line.py
2025-11-27 22:45:12.7015463670	1297	./.venv/lib/python3.13/site-packages/networkx/generators/tests/test_random_clustered.py
2025-11-27 22:45:12.7015463670	1594	./.venv/lib/python3.13/site-packages/networkx/generators/tests/test_spectral_graph_forge.py
2025-11-27 22:45:12.7015463670	18087	./.venv/lib/python3.13/site-packages/networkx/generators/tests/test_geometric.py
2025-11-27 22:45:12.7015463670	19565	./.venv/lib/python3.13/site-packages/networkx/generators/tests/test_random_graphs.py
2025-11-27 22:45:12.7015463670	1968	./.venv/lib/python3.13/site-packages/networkx/generators/tests/test_sudoku.py
2025-11-27 22:45:12.7015463670	20790	./.venv/lib/python3.13/site-packages/networkx/linalg/algebraicconnectivity.py
2025-11-27 22:45:12.7015463670	2179	./.venv/lib/python3.13/site-packages/networkx/generators/tests/test_stochastic.py
2025-11-27 22:45:12.7015463670	2230	./.venv/lib/python3.13/site-packages/networkx/generators/tests/test_time_series.py
2025-11-27 22:45:12.7015463670	2945	./.venv/lib/python3.13/site-packages/networkx/generators/tests/test_nonisomorphic_trees.py
2025-11-27 22:45:12.7015463670	333	./.venv/lib/python3.13/site-packages/networkx/generators/tests/test_triads.py
2025-11-27 22:45:12.7015463670	4270	./.venv/lib/python3.13/site-packages/networkx/generators/tests/test_joint_degree_seq.py
2025-11-27 22:45:12.7015463670	4277	./.venv/lib/python3.13/site-packages/networkx/generators/tests/test_interval_graph.py
2025-11-27 22:45:12.7015463670	4936	./.venv/lib/python3.13/site-packages/networkx/generators/tests/test_harary_graph.py
2025-11-27 22:45:12.7015463670	568	./.venv/lib/python3.13/site-packages/networkx/linalg/__init__.py
2025-11-27 22:45:12.7015463670	6363	./.venv/lib/python3.13/site-packages/networkx/generators/tests/test_expanders.py
2025-11-27 22:45:12.7015463670	7006	./.venv/lib/python3.13/site-packages/networkx/generators/tests/test_trees.py
2025-11-27 22:45:12.7015463670	8074	./.venv/lib/python3.13/site-packages/networkx/generators/tests/test_small.py
2025-11-27 22:45:12.7015463670	819	./.venv/lib/python3.13/site-packages/networkx/generators/tests/test_intersection.py
2025-11-27 22:45:12.7015463670	8514	./.venv/lib/python3.13/site-packages/networkx/generators/tests/test_internet_as_graphs.py
2025-11-27 22:45:12.7015463670	946	./.venv/lib/python3.13/site-packages/networkx/generators/tests/test_mycielski.py
2025-11-27 22:45:12.7055464260	0	./.venv/lib/python3.13/site-packages/networkx/linalg/tests/__init__.py
2025-11-27 22:45:12.7055464260	1268	./.venv/lib/python3.13/site-packages/networkx/linalg/tests/test_bethehessian.py
2025-11-27 22:45:12.7055464260	13735	./.venv/lib/python3.13/site-packages/networkx/linalg/tests/test_algebraic_connectivity.py
2025-11-27 22:45:12.7055464260	13953	./.venv/lib/python3.13/site-packages/networkx/linalg/tests/test_laplacian.py
2025-11-27 22:45:12.7055464260	14292	./.venv/lib/python3.13/site-packages/networkx/readwrite/edgelist.py
2025-11-27 22:45:12.7055464260	15900	./.venv/lib/python3.13/site-packages/networkx/linalg/attrmatrix.py
2025-11-27 22:45:12.7055464260	16722	./.venv/lib/python3.13/site-packages/networkx/linalg/laplacianmatrix.py
2025-11-27 22:45:12.7055464260	2513	./.venv/lib/python3.13/site-packages/networkx/linalg/bethehessianmatrix.py
2025-11-27 22:45:12.7055464260	2769	./.venv/lib/python3.13/site-packages/networkx/linalg/tests/test_spectrum.py
2025-11-27 22:45:12.7055464260	2833	./.venv/lib/python3.13/site-packages/networkx/linalg/tests/test_attrmatrix.py
2025-11-27 22:45:12.7055464260	3056	./.venv/lib/python3.13/site-packages/networkx/linalg/tests/test_modularity.py
2025-11-27 22:45:12.7055464260	4215	./.venv/lib/python3.13/site-packages/networkx/linalg/spectrum.py
2025-11-27 22:45:12.7055464260	4706	./.venv/lib/python3.13/site-packages/networkx/linalg/modularitymatrix.py
2025-11-27 22:45:12.7055464260	561	./.venv/lib/python3.13/site-packages/networkx/readwrite/__init__.py
2025-11-27 22:45:12.7055464260	5623	./.venv/lib/python3.13/site-packages/networkx/linalg/graphmatrix.py
2025-11-27 22:45:12.7055464260	8655	./.venv/lib/python3.13/site-packages/networkx/linalg/tests/test_graphmatrix.py
2025-11-27 22:45:12.7055464260	9050	./.venv/lib/python3.13/site-packages/networkx/readwrite/adjlist.py
2025-11-27 22:45:12.7095464850	11384	./.venv/lib/python3.13/site-packages/networkx/readwrite/multiline_adjlist.py
2025-11-27 22:45:12.7095464850	11684	./.venv/lib/python3.13/site-packages/networkx/readwrite/graph6.py
2025-11-27 22:45:12.7095464850	2852	./.venv/lib/python3.13/site-packages/networkx/readwrite/leda.py
2025-11-27 22:45:12.7095464850	31193	./.venv/lib/python3.13/site-packages/networkx/readwrite/gml.py
2025-11-27 22:45:12.7095464850	39326	./.venv/lib/python3.13/site-packages/networkx/readwrite/graphml.py
2025-11-27 22:45:12.7095464850	40438	./.venv/lib/python3.13/site-packages/networkx/readwrite/gexf.py
2025-11-27 22:45:12.7135465450	0	./.venv/lib/python3.13/site-packages/networkx/readwrite/json_graph/tests/__init__.py
2025-11-27 22:45:12.7135465450	0	./.venv/lib/python3.13/site-packages/networkx/readwrite/tests/__init__.py
2025-11-27 22:45:12.7135465450	10190	./.venv/lib/python3.13/site-packages/networkx/readwrite/tests/test_edgelist.py
2025-11-27 22:45:12.7135465450	10442	./.venv/lib/python3.13/site-packages/networkx/readwrite/sparse6.py
2025-11-27 22:45:12.7135465450	12756	./.venv/lib/python3.13/site-packages/networkx/readwrite/tests/test_adjlist.py
2025-11-27 22:45:12.7135465450	1352	./.venv/lib/python3.13/site-packages/networkx/readwrite/json_graph/tests/test_tree.py
2025-11-27 22:45:12.7135465450	2044	./.venv/lib/python3.13/site-packages/networkx/readwrite/json_graph/tests/test_cytoscape.py
2025-11-27 22:45:12.7135465450	21327	./.venv/lib/python3.13/site-packages/networkx/readwrite/tests/test_gexf.py
2025-11-27 22:45:12.7135465450	21399	./.venv/lib/python3.13/site-packages/networkx/readwrite/tests/test_gml.py
2025-11-27 22:45:12.7135465450	2456	./.venv/lib/python3.13/site-packages/networkx/readwrite/json_graph/tests/test_adjacency.py
2025-11-27 22:45:12.7135465450	29140	./.venv/lib/python3.13/site-packages/networkx/readwrite/text.py
2025-11-27 22:45:12.7135465450	3253	./.venv/lib/python3.13/site-packages/networkx/readwrite/p2g.py
2025-11-27 22:45:12.7135465450	3364	./.venv/lib/python3.13/site-packages/networkx/readwrite/json_graph/tests/test_node_link.py
2025-11-27 22:45:12.7135465450	3851	./.venv/lib/python3.13/site-packages/networkx/readwrite/json_graph/tree.py
2025-11-27 22:45:12.7135465450	4716	./.venv/lib/python3.13/site-packages/networkx/readwrite/json_graph/adjacency.py
2025-11-27 22:45:12.7135465450	5841	./.venv/lib/python3.13/site-packages/networkx/readwrite/json_graph/cytoscape.py
2025-11-27 22:45:12.7135465450	6559	./.venv/lib/python3.13/site-packages/networkx/readwrite/tests/test_graph6.py
2025-11-27 22:45:12.7135465450	67633	./.venv/lib/python3.13/site-packages/networkx/readwrite/tests/test_graphml.py
2025-11-27 22:45:12.7135465450	677	./.venv/lib/python3.13/site-packages/networkx/readwrite/json_graph/__init__.py
2025-11-27 22:45:12.7135465450	7850	./.venv/lib/python3.13/site-packages/networkx/readwrite/json_graph/node_link.py
2025-11-27 22:45:12.7135465450	8746	./.venv/lib/python3.13/site-packages/networkx/readwrite/pajek.py
2025-11-27 22:45:12.7175466040	0	./.venv/lib/python3.13/site-packages/networkx/tests/__init__.py
2025-11-27 22:45:12.7175466040	10381	./.venv/lib/python3.13/site-packages/networkx/tests/test_convert_scipy.py
2025-11-27 22:45:12.7175466040	12731	./.venv/lib/python3.13/site-packages/networkx/tests/test_convert.py
2025-11-27 22:45:12.7175466040	1319	./.venv/lib/python3.13/site-packages/networkx/readwrite/tests/test_p2g.py
2025-11-27 22:45:12.7175466040	13361	./.venv/lib/python3.13/site-packages/networkx/tests/test_convert_pandas.py
2025-11-27 22:45:12.7175466040	1392	./.venv/lib/python3.13/site-packages/networkx/readwrite/tests/test_leda.py
2025-11-27 22:45:12.7175466040	14554	./.venv/lib/python3.13/site-packages/networkx/tests/test_relabel.py
2025-11-27 22:45:12.7175466040	15440	./.venv/lib/python3.13/site-packages/networkx/utils/configs.py
2025-11-27 22:45:12.7175466040	177	./.venv/lib/python3.13/site-packages/networkx/tests/test_removed_functions_exception_messages.py
2025-11-27 22:45:12.7175466040	19032	./.venv/lib/python3.13/site-packages/networkx/tests/test_convert_numpy.py
2025-11-27 22:45:12.7175466040	220	./.venv/lib/python3.13/site-packages/networkx/tests/test_import.py
2025-11-27 22:45:12.7175466040	2675	./.venv/lib/python3.13/site-packages/networkx/tests/test_lazy_imports.py
2025-11-27 22:45:12.7175466040	302	./.venv/lib/python3.13/site-packages/networkx/utils/__init__.py
2025-11-27 22:45:12.7175466040	44713	./.venv/lib/python3.13/site-packages/networkx/utils/decorators.py
2025-11-27 22:45:12.7175466040	4696	./.venv/lib/python3.13/site-packages/networkx/readwrite/tests/test_pajek.py
2025-11-27 22:45:12.7175466040	5288	./.venv/lib/python3.13/site-packages/networkx/readwrite/tests/test_sparse6.py
2025-11-27 22:45:12.7175466040	55319	./.venv/lib/python3.13/site-packages/networkx/readwrite/tests/test_text.py
2025-11-27 22:45:12.7175466040	8549	./.venv/lib/python3.13/site-packages/networkx/tests/test_all_random_functions.py
2025-11-27 22:45:12.7175466040	927	./.venv/lib/python3.13/site-packages/networkx/tests/test_exceptions.py
2025-11-27 22:45:12.7175466040	96862	./.venv/lib/python3.13/site-packages/networkx/utils/backends.py
2025-11-27 22:45:12.7215466630	0	./.venv/lib/python3.13/site-packages/networkx/utils/tests/__init__.py
2025-11-27 22:45:12.7215466630	10184	./.venv/lib/python3.13/site-packages/networkx/utils/mapped_queue.py
2025-11-27 22:45:12.7215466630	10355	./.venv/lib/python3.13/site-packages/networkx/utils/heaps.py
2025-11-27 22:45:12.7215466630	14050	./.venv/lib/python3.13/site-packages/networkx/utils/tests/test_decorators.py
2025-11-27 22:45:12.7215466630	22844	./.venv/lib/python3.13/site-packages/networkx/utils/misc.py
2025-11-27 22:45:12.7215466630	3338	./.venv/lib/python3.13/site-packages/networkx/utils/union_find.py
2025-11-27 22:45:12.7215466630	363	./.venv/lib/python3.13/site-packages/networkx/utils/tests/test__init.py
2025-11-27 22:45:12.7215466630	4618	./.venv/lib/python3.13/site-packages/networkx/utils/rcm.py
2025-11-27 22:45:12.7215466630	5303	./.venv/lib/python3.13/site-packages/networkx/utils/random_sequence.py
2025-11-27 22:45:12.7215466630	7784	./.venv/lib/python3.13/site-packages/networkx/utils/tests/test_backends.py
2025-11-27 22:45:12.7215466630	8717	./.venv/lib/python3.13/site-packages/networkx/utils/tests/test_config.py
2025-11-27 22:45:12.7255467220	13965	./.venv/lib/python3.13/site-packages/networkx/utils/tests/test_misc.py
2025-11-27 22:45:12.7255467220	1421	./.venv/lib/python3.13/site-packages/networkx/utils/tests/test_rcm.py
2025-11-27 22:45:12.7255467220	1502	./.venv/lib/python3.13/site-packages/networkx/utils/tests/test_random_sequence.py
2025-11-27 22:45:12.7255467220	1579	./.venv/lib/python3.13/site-packages/networkx/utils/tests/test_unionfind.py
2025-11-27 22:45:12.7255467220	1763	./.venv/lib/python3.13/site-packages/networkx-3.6.dist-info/licenses/LICENSE.txt
2025-11-27 22:45:12.7255467220	3711	./.venv/lib/python3.13/site-packages/networkx/utils/tests/test_heaps.py
2025-11-27 22:45:12.7255467220	6772	./.venv/lib/python3.13/site-packages/networkx-3.6.dist-info/METADATA
2025-11-27 22:45:12.7255467220	7354	./.venv/lib/python3.13/site-packages/networkx/utils/tests/test_mapped_queue.py
2025-11-27 22:45:12.7255467220	91	./.venv/lib/python3.13/site-packages/networkx-3.6.dist-info/WHEEL
2025-11-27 22:45:12.7255467220	94	./.venv/lib/python3.13/site-packages/networkx-3.6.dist-info/entry_points.txt
2025-11-27 22:45:12.7255467220	9	./.venv/lib/python3.13/site-packages/networkx-3.6.dist-info/top_level.txt
2025-11-27 22:45:14.2055685920	4	./.venv/lib/python3.13/site-packages/networkx-3.6.dist-info/INSTALLER
2025-11-27 22:45:14.2175687700	0	./.venv/lib/python3.13/site-packages/networkx-3.6.dist-info/REQUESTED
2025-11-27 22:45:14.2255688880	102534	./.venv/lib/python3.13/site-packages/networkx-3.6.dist-info/RECORD
2025-11-27 22:45:14.2295689470	11374	./.venv/lib/python3.13/site-packages/mdurl/_parse.py
2025-11-27 22:45:14.2295689470	1638	./.venv/lib/python3.13/site-packages/mdurl-0.1.2.dist-info/METADATA
2025-11-27 22:45:14.2295689470	2338	./.venv/lib/python3.13/site-packages/mdurl-0.1.2.dist-info/LICENSE
2025-11-27 22:45:14.2295689470	2602	./.venv/lib/python3.13/site-packages/mdurl/_encode.py
2025-11-27 22:45:14.2295689470	26	./.venv/lib/python3.13/site-packages/mdurl/py.typed
2025-11-27 22:45:14.2295689470	284	./.venv/lib/python3.13/site-packages/mdurl/_url.py
2025-11-27 22:45:14.2295689470	3004	./.venv/lib/python3.13/site-packages/mdurl/_decode.py
2025-11-27 22:45:14.2295689470	547	./.venv/lib/python3.13/site-packages/mdurl/__init__.py
2025-11-27 22:45:14.2295689470	626	./.venv/lib/python3.13/site-packages/mdurl/_format.py
2025-11-27 22:45:14.2295689470	81	./.venv/lib/python3.13/site-packages/mdurl-0.1.2.dist-info/WHEEL
2025-11-27 22:45:14.2375690650	1152	./.venv/lib/python3.13/site-packages/mdurl-0.1.2.dist-info/RECORD
2025-11-27 22:45:14.2375690650	4	./.venv/lib/python3.13/site-packages/mdurl-0.1.2.dist-info/INSTALLER
2025-11-27 22:45:14.2455691830	1021	./.venv/lib/python3.13/site-packages/greenlet/TBrokenGreenlet.cpp
2025-11-27 22:45:14.2455691830	1359	./.venv/lib/python3.13/site-packages/greenlet/TExceptionState.cpp
2025-11-27 22:45:14.2455691830	1463	./.venv/lib/python3.13/site-packages/greenlet/PyGreenlet.hpp
2025-11-27 22:45:14.2455691830	15975	./.venv/lib/python3.13/site-packages/greenlet/TPythonState.cpp
2025-11-27 22:45:14.2455691830	1723	./.venv/lib/python3.13/site-packages/greenlet/__init__.py
2025-11-27 22:45:14.2455691830	19131	./.venv/lib/python3.13/site-packages/greenlet/TThreadState.hpp
2025-11-27 22:45:14.2455691830	23553	./.venv/lib/python3.13/site-packages/greenlet/TUserGreenlet.cpp
2025-11-27 22:45:14.2455691830	24199	./.venv/lib/python3.13/site-packages/greenlet/PyGreenlet.cpp
2025-11-27 22:45:14.2455691830	25732	./.venv/lib/python3.13/site-packages/greenlet/TGreenlet.cpp
2025-11-27 22:45:14.2455691830	2610	./.venv/lib/python3.13/site-packages/greenlet/TThreadStateCreator.hpp
2025-11-27 22:45:14.2455691830	28522	./.venv/lib/python3.13/site-packages/greenlet/TGreenlet.hpp
2025-11-27 22:45:14.2455691830	3264	./.venv/lib/python3.13/site-packages/greenlet/TGreenletGlobals.cpp
2025-11-27 22:45:14.2455691830	3276	./.venv/lib/python3.13/site-packages/greenlet/TMainGreenlet.cpp
2025-11-27 22:45:14.2455691830	3508	./.venv/lib/python3.13/site-packages/greenlet/CObjects.cpp
2025-11-27 22:45:14.2455691830	4375	./.venv/lib/python3.13/site-packages/greenlet/PyGreenletUnswitchable.cpp
2025-11-27 22:45:14.2455691830	7381	./.venv/lib/python3.13/site-packages/greenlet/TStackState.cpp
2025-11-27 22:45:14.2455691830	8169	./.venv/lib/python3.13/site-packages/greenlet/TThreadStateDestroy.cpp
2025-11-27 22:45:14.2455691830	8587	./.venv/lib/python3.13/site-packages/greenlet/PyModule.cpp
2025-11-27 22:45:14.2535693020	10996	./.venv/lib/python3.13/site-packages/greenlet/greenlet.cpp
2025-11-27 22:45:14.2535693020	1528656	./.venv/lib/python3.13/site-packages/greenlet/_greenlet.cpython-313-aarch64-linux-gnu.so
2025-11-27 22:45:14.2535693020	2607	./.venv/lib/python3.13/site-packages/greenlet/greenlet_allocator.hpp
2025-11-27 22:45:14.2535693020	4149	./.venv/lib/python3.13/site-packages/greenlet/greenlet_cpython_compat.hpp
2025-11-27 22:45:14.2535693020	4346	./.venv/lib/python3.13/site-packages/greenlet/greenlet_compiler_compat.hpp
2025-11-27 22:45:14.2535693020	4755	./.venv/lib/python3.13/site-packages/greenlet/greenlet.h
2025-11-27 22:45:14.2575693610	0	./.venv/lib/python3.13/site-packages/greenlet/platform/__init__.py
2025-11-27 22:45:14.2575693610	1078	./.venv/lib/python3.13/site-packages/greenlet/platform/switch_x64_masm.obj
2025-11-27 22:45:14.2575693610	1245	./.venv/lib/python3.13/site-packages/greenlet/platform/switch_arm64_masm.asm
2025-11-27 22:45:14.2575693610	12838	./.venv/lib/python3.13/site-packages/greenlet/platform/switch_x86_msvc.h
2025-11-27 22:45:14.2575693610	1331	./.venv/lib/python3.13/site-packages/greenlet/platform/switch_csky_gcc.h
2025-11-27 22:45:14.2575693610	1426	./.venv/lib/python3.13/site-packages/greenlet/platform/switch_mips_unix.h
2025-11-27 22:45:14.2575693610	143	./.venv/lib/python3.13/site-packages/greenlet/platform/setup_switch_x64_masm.cmd
2025-11-27 22:45:14.2575693610	1509	./.venv/lib/python3.13/site-packages/greenlet/platform/switch_x32_unix.h
2025-11-27 22:45:14.2575693610	1805	./.venv/lib/python3.13/site-packages/greenlet/platform/switch_x64_msvc.h
2025-11-27 22:45:14.2575693610	1841	./.venv/lib/python3.13/site-packages/greenlet/platform/switch_x64_masm.asm
2025-11-27 22:45:14.2575693610	1892	./.venv/lib/python3.13/site-packages/greenlet/platform/switch_arm32_ios.h
2025-11-27 22:45:14.2575693610	2479	./.venv/lib/python3.13/site-packages/greenlet/platform/switch_arm32_gcc.h
2025-11-27 22:45:14.2575693610	2624	./.venv/lib/python3.13/site-packages/greenlet/platform/switch_ppc_macosx.h
2025-11-27 22:45:14.2575693610	2652	./.venv/lib/python3.13/site-packages/greenlet/platform/switch_ppc_unix.h
2025-11-27 22:45:14.2575693610	2709	./.venv/lib/python3.13/site-packages/greenlet/greenlet_internal.hpp
2025-11-27 22:45:14.2575693610	2748	./.venv/lib/python3.13/site-packages/greenlet/platform/switch_amd64_unix.h
2025-11-27 22:45:14.2575693610	2759	./.venv/lib/python3.13/site-packages/greenlet/platform/switch_ppc_linux.h
2025-11-27 22:45:14.2575693610	2763	./.venv/lib/python3.13/site-packages/greenlet/platform/switch_s390_unix.h
2025-11-27 22:45:14.2575693610	2797	./.venv/lib/python3.13/site-packages/greenlet/platform/switch_sparc_sun_gcc.h
2025-11-27 22:45:14.2575693610	2941	./.venv/lib/python3.13/site-packages/greenlet/platform/switch_ppc_aix.h
2025-11-27 22:45:14.2575693610	2978	./.venv/lib/python3.13/site-packages/greenlet/greenlet_msvc_compat.hpp
2025-11-27 22:45:14.2575693610	3059	./.venv/lib/python3.13/site-packages/greenlet/platform/switch_x86_unix.h
2025-11-27 22:45:14.2575693610	3198	./.venv/lib/python3.13/site-packages/greenlet/greenlet_slp_switch.hpp
2025-11-27 22:45:14.2575693610	34436	./.venv/lib/python3.13/site-packages/greenlet/greenlet_refs.hpp
2025-11-27 22:45:14.2575693610	3815	./.venv/lib/python3.13/site-packages/greenlet/platform/switch_ppc64_linux.h
2025-11-27 22:45:14.2575693610	3860	./.venv/lib/python3.13/site-packages/greenlet/platform/switch_ppc64_aix.h
2025-11-27 22:45:14.2575693610	3959	./.venv/lib/python3.13/site-packages/greenlet/slp_platformselect.h
2025-11-27 22:45:14.2575693610	398	./.venv/lib/python3.13/site-packages/greenlet/platform/switch_arm64_msvc.h
2025-11-27 22:45:14.2575693610	4307	./.venv/lib/python3.13/site-packages/greenlet/platform/switch_aarch64_gcc.h
2025-11-27 22:45:14.2575693610	4503	./.venv/lib/python3.13/site-packages/greenlet/greenlet_exceptions.hpp
2025-11-27 22:45:14.2575693610	671	./.venv/lib/python3.13/site-packages/greenlet/platform/switch_alpha_unix.h
2025-11-27 22:45:14.2575693610	746	./.venv/lib/python3.13/site-packages/greenlet/platform/switch_arm64_masm.obj
2025-11-27 22:45:14.2575693610	779	./.venv/lib/python3.13/site-packages/greenlet/platform/switch_loongarch64_linux.h
2025-11-27 22:45:14.2575693610	867	./.venv/lib/python3.13/site-packages/greenlet/greenlet_thread_support.hpp
2025-11-27 22:45:14.2575693610	901	./.venv/lib/python3.13/site-packages/greenlet/platform/switch_sh_gcc.h
2025-11-27 22:45:14.2575693610	928	./.venv/lib/python3.13/site-packages/greenlet/platform/switch_m68k_gcc.h
2025-11-27 22:45:14.2575693610	949	./.venv/lib/python3.13/site-packages/greenlet/platform/switch_riscv_unix.h
2025-11-27 22:45:14.2575693610	9736	./.venv/lib/python3.13/site-packages/greenlet/tests/__init__.py
2025-11-27 22:45:14.2615694200	10541	./.venv/lib/python3.13/site-packages/greenlet/tests/test_contextvars.py
2025-11-27 22:45:14.2615694200	1240	./.venv/lib/python3.13/site-packages/greenlet/tests/test_generator.py
2025-11-27 22:45:14.2615694200	12612	./.venv/lib/python3.13/site-packages/greenlet/tests/leakcheck.py
2025-11-27 22:45:14.2615694200	1263	./.venv/lib/python3.13/site-packages/greenlet/tests/fail_clearing_run_switches.py
2025-11-27 22:45:14.2615694200	1285	./.venv/lib/python3.13/site-packages/greenlet/tests/fail_switch_three_greenlets2.py
2025-11-27 22:45:14.2615694200	1339	./.venv/lib/python3.13/site-packages/greenlet/tests/test_version.py
2025-11-27 22:45:14.2615694200	18076	./.venv/lib/python3.13/site-packages/greenlet/tests/test_leaks.py
2025-11-27 22:45:14.2615694200	1961	./.venv/lib/python3.13/site-packages/greenlet/tests/fail_initialstub_already_started.py
2025-11-27 22:45:14.2615694200	220032	./.venv/lib/python3.13/site-packages/greenlet/tests/_test_extension_cpp.cpython-313-aarch64-linux-gnu.so
2025-11-27 22:45:14.2615694200	2736	./.venv/lib/python3.13/site-packages/greenlet/tests/test_cpp.py
2025-11-27 22:45:14.2615694200	2923	./.venv/lib/python3.13/site-packages/greenlet/tests/test_gc.py
2025-11-27 22:45:14.2615694200	3712	./.venv/lib/python3.13/site-packages/greenlet/tests/test_throw.py
2025-11-27 22:45:14.2615694200	3718	./.venv/lib/python3.13/site-packages/greenlet/tests/test_generator_nested.py
2025-11-27 22:45:14.2615694200	3829	./.venv/lib/python3.13/site-packages/greenlet/tests/test_extension_interface.py
2025-11-27 22:45:14.2615694200	446	./.venv/lib/python3.13/site-packages/greenlet/tests/test_stack_saved.py
2025-11-27 22:45:14.2615694200	47995	./.venv/lib/python3.13/site-packages/greenlet/tests/test_greenlet.py
2025-11-27 22:45:14.2615694200	524	./.venv/lib/python3.13/site-packages/greenlet/tests/fail_slp_switch.py
2025-11-27 22:45:14.2615694200	5773	./.venv/lib/python3.13/site-packages/greenlet/tests/_test_extension.c
2025-11-27 22:45:14.2615694200	6565	./.venv/lib/python3.13/site-packages/greenlet/tests/_test_extension_cpp.cpp
2025-11-27 22:45:14.2615694200	71240	./.venv/lib/python3.13/site-packages/greenlet/tests/_test_extension.cpython-313-aarch64-linux-gnu.so
2025-11-27 22:45:14.2615694200	7947	./.venv/lib/python3.13/site-packages/greenlet/tests/test_greenlet_trash.py
2025-11-27 22:45:14.2615694200	817	./.venv/lib/python3.13/site-packages/greenlet/tests/fail_switch_two_greenlets.py
2025-11-27 22:45:14.2615694200	8591	./.venv/lib/python3.13/site-packages/greenlet/tests/test_tracing.py
2025-11-27 22:45:14.2615694200	883	./.venv/lib/python3.13/site-packages/greenlet/tests/test_weakref.py
2025-11-27 22:45:14.2615694200	956	./.venv/lib/python3.13/site-packages/greenlet/tests/fail_switch_three_greenlets.py
2025-11-27 22:45:14.2615694200	985	./.venv/lib/python3.13/site-packages/greenlet/tests/fail_cpp_exception.py
2025-11-27 22:45:14.2655694790	1434	./.venv/lib/python3.13/site-packages/greenlet-3.2.4.dist-info/licenses/LICENSE
2025-11-27 22:45:14.2655694790	153	./.venv/lib/python3.13/site-packages/greenlet-3.2.4.dist-info/WHEEL
2025-11-27 22:45:14.2655694790	2424	./.venv/lib/python3.13/site-packages/greenlet-3.2.4.dist-info/licenses/LICENSE.PSF
2025-11-27 22:45:14.2655694790	4120	./.venv/lib/python3.13/site-packages/greenlet-3.2.4.dist-info/METADATA
2025-11-27 22:45:14.2655694790	4755	./.venv/include/site/python3.13/greenlet/greenlet.h
2025-11-27 22:45:14.2655694790	9	./.venv/lib/python3.13/site-packages/greenlet-3.2.4.dist-info/top_level.txt
2025-11-27 22:45:14.3015700110	4	./.venv/lib/python3.13/site-packages/greenlet-3.2.4.dist-info/INSTALLER
2025-11-27 22:45:14.3055700700	10350	./.venv/lib/python3.13/site-packages/greenlet-3.2.4.dist-info/RECORD
2025-11-27 22:45:14.3135701880	0	./.venv/lib/python3.13/site-packages/sqlalchemy/py.typed
2025-11-27 22:45:14.3135701880	1066	./.venv/lib/python3.13/site-packages/sqlalchemy/event/__init__.py
2025-11-27 22:45:14.3135701880	11144	./.venv/lib/python3.13/site-packages/sqlalchemy/event/registry.py
2025-11-27 22:45:14.3135701880	12659	./.venv/lib/python3.13/site-packages/sqlalchemy/__init__.py
2025-11-27 22:45:14.3135701880	15254	./.venv/lib/python3.13/site-packages/sqlalchemy/event/base.py
2025-11-27 22:45:14.3135701880	21589	./.venv/lib/python3.13/site-packages/sqlalchemy/event/attr.py
2025-11-27 22:45:14.3135701880	23978	./.venv/lib/python3.13/site-packages/sqlalchemy/exc.py
2025-11-27 22:45:14.3135701880	244	./.venv/lib/python3.13/site-packages/sqlalchemy/cyextension/__init__.py
2025-11-27 22:45:14.3135701880	2569	./.venv/lib/python3.13/site-packages/sqlalchemy/cyextension/util.pyx
2025-11-27 22:45:14.3135701880	3166	./.venv/lib/python3.13/site-packages/sqlalchemy/types.py
2025-11-27 22:45:14.3135701880	3251	./.venv/lib/python3.13/site-packages/sqlalchemy/schema.py
2025-11-27 22:45:14.3135701880	3535	./.venv/lib/python3.13/site-packages/sqlalchemy/cyextension/immutabledict.pyx
2025-11-27 22:45:14.3135701880	5063	./.venv/lib/python3.13/site-packages/sqlalchemy/inspection.py
2025-11-27 22:45:14.3135701880	525	./.venv/lib/python3.13/site-packages/sqlalchemy/events.py
2025-11-27 22:45:14.3135701880	8109	./.venv/lib/python3.13/site-packages/sqlalchemy/event/api.py
2025-11-27 22:45:14.3135701880	8457	./.venv/lib/python3.13/site-packages/sqlalchemy/event/legacy.py
2025-11-27 22:45:14.3135701880	8607	./.venv/lib/python3.13/site-packages/sqlalchemy/log.py
2025-11-27 22:45:14.3175702470	1792	./.venv/lib/python3.13/site-packages/sqlalchemy/cyextension/processors.pyx
2025-11-27 22:45:14.3175702470	291	./.venv/lib/python3.13/site-packages/sqlalchemy/cyextension/immutabledict.pxd
2025-11-27 22:45:14.3175702470	797152	./.venv/lib/python3.13/site-packages/sqlalchemy/cyextension/immutabledict.cpython-313-aarch64-linux-gnu.so
2025-11-27 22:45:14.3215703070	577440	./.venv/lib/python3.13/site-packages/sqlalchemy/cyextension/processors.cpython-313-aarch64-linux-gnu.so
2025-11-27 22:45:14.3295704250	12571	./.venv/lib/python3.13/site-packages/sqlalchemy/cyextension/collections.pyx
2025-11-27 22:45:14.3295704250	2152792	./.venv/lib/python3.13/site-packages/sqlalchemy/cyextension/collections.cpython-313-aarch64-linux-gnu.so
2025-11-27 22:45:14.3335704840	651688	./.venv/lib/python3.13/site-packages/sqlalchemy/cyextension/resultproxy.cpython-313-aarch64-linux-gnu.so
2025-11-27 22:45:14.3375705430	11762	./.venv/lib/python3.13/site-packages/sqlalchemy/ext/indexable.py
2025-11-27 22:45:14.3375705430	15163	./.venv/lib/python3.13/site-packages/sqlalchemy/ext/orderinglist.py
2025-11-27 22:45:14.3375705430	15707	./.venv/lib/python3.13/site-packages/sqlalchemy/ext/instrumentation.py
2025-11-27 22:45:14.3375705430	16691	./.venv/lib/python3.13/site-packages/sqlalchemy/ext/horizontal_shard.py
2025-11-27 22:45:14.3375705430	17753	./.venv/lib/python3.13/site-packages/sqlalchemy/ext/baked.py
2025-11-27 22:45:14.3375705430	20889	./.venv/lib/python3.13/site-packages/sqlalchemy/ext/compiler.py
2025-11-27 22:45:14.3375705430	2725	./.venv/lib/python3.13/site-packages/sqlalchemy/cyextension/resultproxy.pyx
2025-11-27 22:45:14.3375705430	322	./.venv/lib/python3.13/site-packages/sqlalchemy/ext/__init__.py
2025-11-27 22:45:14.3375705430	37164	./.venv/lib/python3.13/site-packages/sqlalchemy/ext/mutable.py
2025-11-27 22:45:14.3375705430	6169	./.venv/lib/python3.13/site-packages/sqlalchemy/ext/serializer.py
2025-11-27 22:45:14.3375705430	889208	./.venv/lib/python3.13/site-packages/sqlalchemy/cyextension/util.cpython-313-aarch64-linux-gnu.so
2025-11-27 22:45:14.3415706020	10480	./.venv/lib/python3.13/site-packages/sqlalchemy/ext/mypy/names.py
2025-11-27 22:45:14.3415706020	10591	./.venv/lib/python3.13/site-packages/sqlalchemy/ext/mypy/apply.py
2025-11-27 22:45:14.3415706020	1317	./.venv/lib/python3.13/site-packages/sqlalchemy/ext/asyncio/__init__.py
2025-11-27 22:45:14.3415706020	17384	./.venv/lib/python3.13/site-packages/sqlalchemy/ext/mypy/decl_class.py
2025-11-27 22:45:14.3415706020	1818	./.venv/lib/python3.13/site-packages/sqlalchemy/ext/declarative/__init__.py
2025-11-27 22:45:14.3415706020	19367	./.venv/lib/python3.13/site-packages/sqlalchemy/ext/mypy/infer.py
2025-11-27 22:45:14.3415706020	19531	./.venv/lib/python3.13/site-packages/sqlalchemy/ext/declarative/extensions.py
2025-11-27 22:45:14.3415706020	241	./.venv/lib/python3.13/site-packages/sqlalchemy/ext/mypy/__init__.py
2025-11-27 22:45:14.3415706020	30659	./.venv/lib/python3.13/site-packages/sqlalchemy/ext/asyncio/result.py
2025-11-27 22:45:14.3415706020	476	./.venv/lib/python3.13/site-packages/sqlalchemy/connectors/__init__.py
2025-11-27 22:45:14.3415706020	48481	./.venv/lib/python3.13/site-packages/sqlalchemy/ext/asyncio/engine.py
2025-11-27 22:45:14.3415706020	52086	./.venv/lib/python3.13/site-packages/sqlalchemy/ext/asyncio/scoping.py
2025-11-27 22:45:14.3415706020	52608	./.venv/lib/python3.13/site-packages/sqlalchemy/ext/hybrid.py
2025-11-27 22:45:14.3415706020	61675	./.venv/lib/python3.13/site-packages/sqlalchemy/ext/automap.py
2025-11-27 22:45:14.3415706020	63259	./.venv/lib/python3.13/site-packages/sqlalchemy/ext/asyncio/session.py
2025-11-27 22:45:14.3415706020	639	./.venv/lib/python3.13/site-packages/sqlalchemy/ext/asyncio/exc.py
2025-11-27 22:45:14.3415706020	66442	./.venv/lib/python3.13/site-packages/sqlalchemy/ext/associationproxy.py
2025-11-27 22:45:14.3415706020	9033	./.venv/lib/python3.13/site-packages/sqlalchemy/ext/asyncio/base.py
2025-11-27 22:45:14.3415706020	9750	./.venv/lib/python3.13/site-packages/sqlalchemy/ext/mypy/plugin.py
2025-11-27 22:45:14.3415706020	9960	./.venv/lib/python3.13/site-packages/sqlalchemy/ext/mypy/util.py
2025-11-27 22:45:14.3455706610	105600	./.venv/lib/python3.13/site-packages/sqlalchemy/orm/_orm_constructors.py
2025-11-27 22:45:14.3455706610	115082	./.venv/lib/python3.13/site-packages/sqlalchemy/orm/context.py
2025-11-27 22:45:14.3455706610	128763	./.venv/lib/python3.13/site-packages/sqlalchemy/orm/relationships.py
2025-11-27 22:45:14.3455706610	13058	./.venv/lib/python3.13/site-packages/sqlalchemy/connectors/asyncio.py
2025-11-27 22:45:14.3455706610	37670	./.venv/lib/python3.13/site-packages/sqlalchemy/orm/state.py
2025-11-27 22:45:14.3455706610	37795	./.venv/lib/python3.13/site-packages/sqlalchemy/orm/descriptor_props.py
2025-11-27 22:45:14.3455706610	495	./.venv/lib/python3.13/site-packages/sqlalchemy/future/engine.py
2025-11-27 22:45:14.3455706610	4973	./.venv/lib/python3.13/site-packages/sqlalchemy/orm/_typing.py
2025-11-27 22:45:14.3455706610	512	./.venv/lib/python3.13/site-packages/sqlalchemy/future/__init__.py
2025-11-27 22:45:14.3455706610	5577	./.venv/lib/python3.13/site-packages/sqlalchemy/connectors/aioodbc.py
2025-11-27 22:45:14.3455706610	7636	./.venv/lib/python3.13/site-packages/sqlalchemy/orm/exc.py
2025-11-27 22:45:14.3455706610	83486	./.venv/lib/python3.13/site-packages/sqlalchemy/orm/decl_base.py
2025-11-27 22:45:14.3455706610	8528	./.venv/lib/python3.13/site-packages/sqlalchemy/orm/__init__.py
2025-11-27 22:45:14.3455706610	8618	./.venv/lib/python3.13/site-packages/sqlalchemy/connectors/pyodbc.py
2025-11-27 22:45:14.3455706610	9249	./.venv/lib/python3.13/site-packages/sqlalchemy/orm/identity.py
2025-11-27 22:45:14.3495707200	118858	./.venv/lib/python3.13/site-packages/sqlalchemy/orm/query.py
2025-11-27 22:45:14.3495707200	119803	./.venv/lib/python3.13/site-packages/sqlalchemy/orm/strategies.py
2025-11-27 22:45:14.3495707200	12353	./.venv/lib/python3.13/site-packages/sqlalchemy/orm/evaluator.py
2025-11-27 22:45:14.3495707200	127231	./.venv/lib/python3.13/site-packages/sqlalchemy/orm/events.py
2025-11-27 22:45:14.3495707200	17952	./.venv/lib/python3.13/site-packages/sqlalchemy/orm/clsregistry.py
2025-11-27 22:45:14.3495707200	195401	./.venv/lib/python3.13/site-packages/sqlalchemy/orm/session.py
2025-11-27 22:45:14.3495707200	25914	./.venv/lib/python3.13/site-packages/sqlalchemy/orm/path_registry.py
2025-11-27 22:45:14.3495707200	27501	./.venv/lib/python3.13/site-packages/sqlalchemy/orm/base.py
2025-11-27 22:45:14.3495707200	52281	./.venv/lib/python3.13/site-packages/sqlalchemy/orm/collections.py
2025-11-27 22:45:14.3495707200	67842	./.venv/lib/python3.13/site-packages/sqlalchemy/orm/decl_api.py
2025-11-27 22:45:14.3495707200	78124	./.venv/lib/python3.13/site-packages/sqlalchemy/orm/scoping.py
2025-11-27 22:45:14.3495707200	9816	./.venv/lib/python3.13/site-packages/sqlalchemy/orm/dynamic.py
2025-11-27 22:45:14.3535707790	171834	./.venv/lib/python3.13/site-packages/sqlalchemy/orm/mapper.py
2025-11-27 22:45:14.3535707790	22297	./.venv/lib/python3.13/site-packages/sqlalchemy/orm/writeonly.py
2025-11-27 22:45:14.3535707790	24321	./.venv/lib/python3.13/site-packages/sqlalchemy/orm/instrumentation.py
2025-11-27 22:45:14.3535707790	31233	./.venv/lib/python3.13/site-packages/sqlalchemy/orm/properties.py
2025-11-27 22:45:14.3535707790	47619	./.venv/lib/python3.13/site-packages/sqlalchemy/orm/dependency.py
2025-11-27 22:45:14.3535707790	49072	./.venv/lib/python3.13/site-packages/sqlalchemy/orm/interfaces.py
2025-11-27 22:45:14.3535707790	5779	./.venv/lib/python3.13/site-packages/sqlalchemy/orm/sync.py
2025-11-27 22:45:14.3535707790	58488	./.venv/lib/python3.13/site-packages/sqlalchemy/orm/loading.py
2025-11-27 22:45:14.3535707790	61812	./.venv/lib/python3.13/site-packages/sqlalchemy/orm/persistence.py
2025-11-27 22:45:14.3535707790	6813	./.venv/lib/python3.13/site-packages/sqlalchemy/orm/state_changes.py
2025-11-27 22:45:14.3535707790	72984	./.venv/lib/python3.13/site-packages/sqlalchemy/orm/bulk_persistence.py
2025-11-27 22:45:14.3535707790	80889	./.venv/lib/python3.13/site-packages/sqlalchemy/orm/util.py
2025-11-27 22:45:14.3535707790	93117	./.venv/lib/python3.13/site-packages/sqlalchemy/orm/attributes.py
2025-11-27 22:45:14.3575708390	10237	./.venv/lib/python3.13/site-packages/sqlalchemy/testing/profiling.py
2025-11-27 22:45:14.3575708390	1198	./.venv/lib/python3.13/site-packages/sqlalchemy/testing/fixtures/__init__.py
2025-11-27 22:45:14.3575708390	12058	./.venv/lib/python3.13/site-packages/sqlalchemy/testing/config.py
2025-11-27 22:45:14.3575708390	12385	./.venv/lib/python3.13/site-packages/sqlalchemy/testing/fixtures/base.py
2025-11-27 22:45:14.3575708390	12473	./.venv/lib/python3.13/site-packages/sqlalchemy/testing/exclusions.py
2025-11-27 22:45:14.3575708390	12755	./.venv/lib/python3.13/site-packages/sqlalchemy/testing/fixtures/mypy.py
2025-11-27 22:45:14.3575708390	13414	./.venv/lib/python3.13/site-packages/sqlalchemy/testing/engines.py
2025-11-27 22:45:14.3575708390	14526	./.venv/lib/python3.13/site-packages/sqlalchemy/testing/util.py
2025-11-27 22:45:14.3575708390	14702	./.venv/lib/python3.13/site-packages/sqlalchemy/testing/provision.py
2025-11-27 22:45:14.3575708390	1546	./.venv/lib/python3.13/site-packages/sqlalchemy/testing/warnings.py
2025-11-27 22:45:14.3575708390	15900	./.venv/lib/python3.13/site-packages/sqlalchemy/testing/fixtures/sql.py
2025-11-27 22:45:14.3575708390	16817	./.venv/lib/python3.13/site-packages/sqlalchemy/testing/assertsql.py
2025-11-27 22:45:14.3575708390	19682	./.venv/lib/python3.13/site-packages/sqlalchemy/orm/mapped_collection.py
2025-11-27 22:45:14.3575708390	21578	./.venv/lib/python3.13/site-packages/sqlalchemy/testing/plugin/plugin_base.py
2025-11-27 22:45:14.3575708390	247	./.venv/lib/python3.13/site-packages/sqlalchemy/testing/plugin/__init__.py
2025-11-27 22:45:14.3575708390	27033	./.venv/lib/python3.13/site-packages/sqlalchemy/orm/unitofwork.py
2025-11-27 22:45:14.3575708390	2833	./.venv/lib/python3.13/site-packages/sqlalchemy/testing/pickleable.py
2025-11-27 22:45:14.3575708390	31564	./.venv/lib/python3.13/site-packages/sqlalchemy/testing/assertions.py
2025-11-27 22:45:14.3575708390	3160	./.venv/lib/python3.13/site-packages/sqlalchemy/testing/__init__.py
2025-11-27 22:45:14.3575708390	3354	./.venv/lib/python3.13/site-packages/sqlalchemy/testing/entities.py
2025-11-27 22:45:14.3575708390	3830	./.venv/lib/python3.13/site-packages/sqlalchemy/testing/asyncio.py
2025-11-27 22:45:14.3575708390	56103	./.venv/lib/python3.13/site-packages/sqlalchemy/testing/requirements.py
2025-11-27 22:45:14.3575708390	6095	./.venv/lib/python3.13/site-packages/sqlalchemy/testing/fixtures/orm.py
2025-11-27 22:45:14.3575708390	6513	./.venv/lib/python3.13/site-packages/sqlalchemy/testing/schema.py
2025-11-27 22:45:14.3575708390	85627	./.venv/lib/python3.13/site-packages/sqlalchemy/orm/strategy_options.py
2025-11-27 22:45:14.3615708980	114891	./.venv/lib/python3.13/site-packages/sqlalchemy/testing/suite/test_reflection.py
2025-11-27 22:45:14.3615708980	12031	./.venv/lib/python3.13/site-packages/sqlalchemy/testing/suite/test_ddl.py
2025-11-27 22:45:14.3615708980	16706	./.venv/lib/python3.13/site-packages/sqlalchemy/sql/default_comparator.py
2025-11-27 22:45:14.3615708980	1685	./.venv/lib/python3.13/site-packages/sqlalchemy/testing/plugin/bootstrap.py
2025-11-27 22:45:14.3615708980	17042	./.venv/lib/python3.13/site-packages/sqlalchemy/testing/suite/test_results.py
2025-11-27 22:45:14.3615708980	18824	./.venv/lib/python3.13/site-packages/sqlalchemy/testing/suite/test_insert.py
2025-11-27 22:45:14.3615708980	24215	./.venv/lib/python3.13/site-packages/sqlalchemy/testing/suite/test_dialect.py
2025-11-27 22:45:14.3615708980	243231	./.venv/lib/python3.13/site-packages/sqlalchemy/sql/selectable.py
2025-11-27 22:45:14.3615708980	27779	./.venv/lib/python3.13/site-packages/sqlalchemy/testing/plugin/pytestplugin.py
2025-11-27 22:45:14.3615708980	3994	./.venv/lib/python3.13/site-packages/sqlalchemy/testing/suite/test_update_delete.py
2025-11-27 22:45:14.3615708980	5337	./.venv/lib/python3.13/site-packages/sqlalchemy/testing/suite/test_deprecations.py
2025-11-27 22:45:14.3615708980	5820	./.venv/lib/python3.13/site-packages/sqlalchemy/sql/__init__.py
2025-11-27 22:45:14.3615708980	6141	./.venv/lib/python3.13/site-packages/sqlalchemy/testing/suite/test_unicode_ddl.py
2025-11-27 22:45:14.3615708980	62041	./.venv/lib/python3.13/site-packages/sqlalchemy/testing/suite/test_select.py
2025-11-27 22:45:14.3615708980	68013	./.venv/lib/python3.13/site-packages/sqlalchemy/testing/suite/test_types.py
2025-11-27 22:45:14.3615708980	722	./.venv/lib/python3.13/site-packages/sqlalchemy/testing/suite/__init__.py
2025-11-27 22:45:14.3615708980	7262	./.venv/lib/python3.13/site-packages/sqlalchemy/testing/suite/test_cte.py
2025-11-27 22:45:14.3615708980	7900	./.venv/lib/python3.13/site-packages/sqlalchemy/testing/suite/test_rowcount.py
2025-11-27 22:45:14.3615708980	9923	./.venv/lib/python3.13/site-packages/sqlalchemy/testing/suite/test_sequence.py
2025-11-27 22:45:14.3655709570	13029	./.venv/lib/python3.13/site-packages/sqlalchemy/sql/_typing.py
2025-11-27 22:45:14.3655709570	132159	./.venv/lib/python3.13/site-packages/sqlalchemy/sql/sqltypes.py
2025-11-27 22:45:14.3655709570	18312	./.venv/lib/python3.13/site-packages/sqlalchemy/sql/events.py
2025-11-27 22:45:14.3655709570	230555	./.venv/lib/python3.13/site-packages/sqlalchemy/sql/schema.py
2025-11-27 22:45:14.3655709570	3795	./.venv/lib/python3.13/site-packages/sqlalchemy/sql/_dml_constructors.py
2025-11-27 22:45:14.3655709570	40705	./.venv/lib/python3.13/site-packages/sqlalchemy/sql/coercions.py
2025-11-27 22:45:14.3655709570	47993	./.venv/lib/python3.13/site-packages/sqlalchemy/sql/ddl.py
2025-11-27 22:45:14.3655709570	49401	./.venv/lib/python3.13/site-packages/sqlalchemy/sql/lambdas.py
2025-11-27 22:45:14.3655709570	63096	./.venv/lib/python3.13/site-packages/sqlalchemy/sql/_elements_constructors.py
2025-11-27 22:45:14.3655709570	64870	./.venv/lib/python3.13/site-packages/sqlalchemy/sql/functions.py
2025-11-27 22:45:14.3655709570	66573	./.venv/lib/python3.13/site-packages/sqlalchemy/sql/dml.py
2025-11-27 22:45:14.3695710160	179606	./.venv/lib/python3.13/site-packages/sqlalchemy/sql/elements.py
2025-11-27 22:45:14.3695710160	18245	./.venv/lib/python3.13/site-packages/sqlalchemy/sql/annotation.py
2025-11-27 22:45:14.3695710160	2173	./.venv/lib/python3.13/site-packages/sqlalchemy/sql/_py_util.py
2025-11-27 22:45:14.3695710160	283319	./.venv/lib/python3.13/site-packages/sqlalchemy/sql/compiler.py
2025-11-27 22:45:14.3695710160	36316	./.venv/lib/python3.13/site-packages/sqlalchemy/sql/visitors.py
2025-11-27 22:45:14.3695710160	59455	./.venv/lib/python3.13/site-packages/sqlalchemy/sql/crud.py
2025-11-27 22:45:14.3695710160	6855	./.venv/lib/python3.13/site-packages/sqlalchemy/sql/naming.py
2025-11-27 22:45:14.3695710160	7583	./.venv/lib/python3.13/site-packages/sqlalchemy/sql/expression.py
2025-11-27 22:45:14.3695710160	75859	./.venv/lib/python3.13/site-packages/sqlalchemy/sql/base.py
2025-11-27 22:45:14.3695710160	76792	./.venv/lib/python3.13/site-packages/sqlalchemy/sql/operators.py
2025-11-27 22:45:14.3695710160	85425	./.venv/lib/python3.13/site-packages/sqlalchemy/sql/type_api.py
2025-11-27 22:45:14.3735710750	10185	./.venv/lib/python3.13/site-packages/sqlalchemy/util/queue.py
2025-11-27 22:45:14.3735710750	12012	./.venv/lib/python3.13/site-packages/sqlalchemy/util/deprecations.py
2025-11-27 22:45:14.3735710750	1247	./.venv/lib/python3.13/site-packages/sqlalchemy/util/_has_cy.py
2025-11-27 22:45:14.3735710750	13149	./.venv/lib/python3.13/site-packages/sqlalchemy/pool/events.py
2025-11-27 22:45:14.3735710750	16650	./.venv/lib/python3.13/site-packages/sqlalchemy/util/_py_collections.py
2025-11-27 22:45:14.3735710750	1804	./.venv/lib/python3.13/site-packages/sqlalchemy/pool/__init__.py
2025-11-27 22:45:14.3735710750	18899	./.venv/lib/python3.13/site-packages/sqlalchemy/pool/impl.py
2025-11-27 22:45:14.3735710750	20151	./.venv/lib/python3.13/site-packages/sqlalchemy/util/_collections.py
2025-11-27 22:45:14.3735710750	22171	./.venv/lib/python3.13/site-packages/sqlalchemy/sql/_selectable_constructors.py
2025-11-27 22:45:14.3735710750	22493	./.venv/lib/python3.13/site-packages/sqlalchemy/util/typing.py
2025-11-27 22:45:14.3735710750	3350	./.venv/lib/python3.13/site-packages/sqlalchemy/util/concurrency.py
2025-11-27 22:45:14.3735710750	33653	./.venv/lib/python3.13/site-packages/sqlalchemy/sql/cache_key.py
2025-11-27 22:45:14.3735710750	33664	./.venv/lib/python3.13/site-packages/sqlalchemy/sql/traversals.py
2025-11-27 22:45:14.3735710750	3451	./.venv/lib/python3.13/site-packages/sqlalchemy/util/topological.py
2025-11-27 22:45:14.3735710750	48110	./.venv/lib/python3.13/site-packages/sqlalchemy/sql/util.py
2025-11-27 22:45:14.3735710750	52383	./.venv/lib/python3.13/site-packages/sqlalchemy/pool/base.py
2025-11-27 22:45:14.3735710750	5904	./.venv/lib/python3.13/site-packages/sqlalchemy/util/preloaded.py
2025-11-27 22:45:14.3735710750	6135	./.venv/lib/python3.13/site-packages/sqlalchemy/util/tool_support.py
2025-11-27 22:45:14.3735710750	625	./.venv/lib/python3.13/site-packages/sqlalchemy/sql/_orm_types.py
2025-11-27 22:45:14.3735710750	68522	./.venv/lib/python3.13/site-packages/sqlalchemy/util/langhelpers.py
2025-11-27 22:45:14.3735710750	7662	./.venv/lib/python3.13/site-packages/sqlalchemy/sql/roles.py
2025-11-27 22:45:14.3735710750	8406	./.venv/lib/python3.13/site-packages/sqlalchemy/util/__init__.py
2025-11-27 22:45:14.3735710750	9170	./.venv/lib/python3.13/site-packages/sqlalchemy/util/_concurrency_py3k.py
2025-11-27 22:45:14.3735710750	9173	./.venv/lib/python3.13/site-packages/sqlalchemy/util/compat.py
2025-11-27 22:45:14.3775711340	115119	./.venv/lib/python3.13/site-packages/sqlalchemy/engine/interfaces.py
2025-11-27 22:45:14.3775711340	12031	./.venv/lib/python3.13/site-packages/sqlalchemy/engine/row.py
2025-11-27 22:45:14.3775711340	123090	./.venv/lib/python3.13/site-packages/sqlalchemy/engine/base.py
2025-11-27 22:45:14.3775711340	2379	./.venv/lib/python3.13/site-packages/sqlalchemy/engine/processors.py
2025-11-27 22:45:14.3775711340	2465	./.venv/lib/python3.13/site-packages/sqlalchemy/engine/_py_util.py
2025-11-27 22:45:14.3775711340	2818	./.venv/lib/python3.13/site-packages/sqlalchemy/engine/__init__.py
2025-11-27 22:45:14.3775711340	31067	./.venv/lib/python3.13/site-packages/sqlalchemy/engine/url.py
2025-11-27 22:45:14.3775711340	33847	./.venv/lib/python3.13/site-packages/sqlalchemy/engine/create.py
2025-11-27 22:45:14.3775711340	37400	./.venv/lib/python3.13/site-packages/sqlalchemy/engine/events.py
2025-11-27 22:45:14.3775711340	3744	./.venv/lib/python3.13/site-packages/sqlalchemy/engine/_py_processors.py
2025-11-27 22:45:14.3775711340	3787	./.venv/lib/python3.13/site-packages/sqlalchemy/engine/_py_row.py
2025-11-27 22:45:14.3775711340	439	./.venv/lib/python3.13/site-packages/sqlalchemy/engine/strategies.py
2025-11-27 22:45:14.3775711340	4765	./.venv/lib/python3.13/site-packages/sqlalchemy/engine/characteristics.py
2025-11-27 22:45:14.3775711340	5682	./.venv/lib/python3.13/site-packages/sqlalchemy/engine/util.py
2025-11-27 22:45:14.3775711340	76567	./.venv/lib/python3.13/site-packages/sqlalchemy/engine/cursor.py
2025-11-27 22:45:14.3775711340	77805	./.venv/lib/python3.13/site-packages/sqlalchemy/engine/result.py
2025-11-27 22:45:14.3775711340	85721	./.venv/lib/python3.13/site-packages/sqlalchemy/engine/default.py
2025-11-27 22:45:14.3815711930	10097	./.venv/lib/python3.13/site-packages/sqlalchemy/dialects/mysql/mysqlconnector.py
2025-11-27 22:45:14.3815711930	10292	./.venv/lib/python3.13/site-packages/sqlalchemy/dialects/mysql/enumerated.py
2025-11-27 22:45:14.3815711930	10385	./.venv/lib/python3.13/site-packages/sqlalchemy/dialects/mysql/mariadbconnector.py
2025-11-27 22:45:14.3815711930	137763	./.venv/lib/python3.13/site-packages/sqlalchemy/dialects/mysql/base.py
2025-11-27 22:45:14.3815711930	1798	./.venv/lib/python3.13/site-packages/sqlalchemy/dialects/__init__.py
2025-11-27 22:45:14.3815711930	1880	./.venv/lib/python3.13/site-packages/sqlalchemy/dialects/mssql/__init__.py
2025-11-27 22:45:14.3815711930	1886	./.venv/lib/python3.13/site-packages/sqlalchemy/dialects/mysql/mariadb.py
2025-11-27 22:45:14.3815711930	2206	./.venv/lib/python3.13/site-packages/sqlalchemy/dialects/mysql/__init__.py
2025-11-27 22:45:14.3815711930	24690	./.venv/lib/python3.13/site-packages/sqlalchemy/dialects/mysql/reflection.py
2025-11-27 22:45:14.3815711930	26459	./.venv/lib/python3.13/site-packages/sqlalchemy/dialects/mysql/types.py
2025-11-27 22:45:14.3815711930	2806	./.venv/lib/python3.13/site-packages/sqlalchemy/dialects/mysql/json.py
2025-11-27 22:45:14.3815711930	3215	./.venv/lib/python3.13/site-packages/sqlalchemy/dialects/mysql/cymysql.py
2025-11-27 22:45:14.3815711930	3717	./.venv/lib/python3.13/site-packages/sqlalchemy/dialects/mysql/provision.py
2025-11-27 22:45:14.3815711930	4156	./.venv/lib/python3.13/site-packages/sqlalchemy/engine/mock.py
2025-11-27 22:45:14.3815711930	4241	./.venv/lib/python3.13/site-packages/sqlalchemy/dialects/mysql/expression.py
2025-11-27 22:45:14.3815711930	4756	./.venv/lib/python3.13/site-packages/sqlalchemy/dialects/mssql/json.py
2025-11-27 22:45:14.3815711930	4886	./.venv/lib/python3.13/site-packages/sqlalchemy/dialects/mysql/pymysql.py
2025-11-27 22:45:14.3815711930	5111	./.venv/lib/python3.13/site-packages/sqlalchemy/dialects/mysql/pyodbc.py
2025-11-27 22:45:14.3815711930	5593	./.venv/lib/python3.13/site-packages/sqlalchemy/dialects/mssql/provision.py
2025-11-27 22:45:14.3815711930	7292	./.venv/lib/python3.13/site-packages/sqlalchemy/dialects/mysql/asyncmy.py
2025-11-27 22:45:14.3815711930	75565	./.venv/lib/python3.13/site-packages/sqlalchemy/engine/reflection.py
2025-11-27 22:45:14.3815711930	7768	./.venv/lib/python3.13/site-packages/sqlalchemy/dialects/mysql/dml.py
2025-11-27 22:45:14.3815711930	7927	./.venv/lib/python3.13/site-packages/sqlalchemy/dialects/mysql/aiomysql.py
2025-11-27 22:45:14.3815711930	8239	./.venv/lib/python3.13/site-packages/sqlalchemy/dialects/type_migration_guidelines.txt
2025-11-27 22:45:14.3815711930	9236	./.venv/lib/python3.13/site-packages/sqlalchemy/dialects/mysql/reserved_words.py
2025-11-27 22:45:14.3815711930	971	./.venv/lib/python3.13/site-packages/sqlalchemy/dialects/_typing.py
2025-11-27 22:45:14.3815711930	9943	./.venv/lib/python3.13/site-packages/sqlalchemy/dialects/mysql/mysqldb.py
2025-11-27 22:45:14.3855712520	103795	./.venv/lib/python3.13/site-packages/sqlalchemy/dialects/sqlite/base.py
2025-11-27 22:45:14.3855712520	1182	./.venv/lib/python3.13/site-packages/sqlalchemy/dialects/sqlite/__init__.py
2025-11-27 22:45:14.3855712520	12126	./.venv/lib/python3.13/site-packages/sqlalchemy/dialects/postgresql/dml.py
2025-11-27 22:45:14.3855712520	134119	./.venv/lib/python3.13/site-packages/sqlalchemy/dialects/mssql/base.py
2025-11-27 22:45:14.3855712520	14315	./.venv/lib/python3.13/site-packages/sqlalchemy/dialects/postgresql/json.py
2025-11-27 22:45:14.3855712520	14682	./.venv/lib/python3.13/site-packages/sqlalchemy/dialects/sqlite/aiosqlite.py
2025-11-27 22:45:14.3855712520	17347	./.venv/lib/python3.13/site-packages/sqlalchemy/dialects/postgresql/ext.py
2025-11-27 22:45:14.3855712520	1756	./.venv/lib/python3.13/site-packages/sqlalchemy/dialects/postgresql/psycopg2cffi.py
2025-11-27 22:45:14.3855712520	18743	./.venv/lib/python3.13/site-packages/sqlalchemy/dialects/postgresql/pg8000.py
2025-11-27 22:45:14.3855712520	2021	./.venv/lib/python3.13/site-packages/sqlalchemy/dialects/mssql/aioodbc.py
2025-11-27 22:45:14.3855712520	27173	./.venv/lib/python3.13/site-packages/sqlalchemy/dialects/mssql/pyodbc.py
2025-11-27 22:45:14.3855712520	2777	./.venv/lib/python3.13/site-packages/sqlalchemy/dialects/sqlite/json.py
2025-11-27 22:45:14.3855712520	27792	./.venv/lib/python3.13/site-packages/sqlalchemy/dialects/sqlite/pysqlite.py
2025-11-27 22:45:14.3855712520	32032	./.venv/lib/python3.13/site-packages/sqlalchemy/dialects/postgresql/psycopg2.py
2025-11-27 22:45:14.3855712520	32946	./.venv/lib/python3.13/site-packages/sqlalchemy/dialects/postgresql/ranges.py
2025-11-27 22:45:14.3855712520	3892	./.venv/lib/python3.13/site-packages/sqlalchemy/dialects/postgresql/__init__.py
2025-11-27 22:45:14.3855712520	4097	./.venv/lib/python3.13/site-packages/sqlalchemy/dialects/mssql/pymssql.py
2025-11-27 22:45:14.3855712520	5371	./.venv/lib/python3.13/site-packages/sqlalchemy/dialects/sqlite/pysqlcipher.py
2025-11-27 22:45:14.3855712520	5596	./.venv/lib/python3.13/site-packages/sqlalchemy/dialects/sqlite/provision.py
2025-11-27 22:45:14.3855712520	5770	./.venv/lib/python3.13/site-packages/sqlalchemy/dialects/postgresql/provision.py
2025-11-27 22:45:14.3855712520	8963	./.venv/lib/python3.13/site-packages/sqlalchemy/dialects/mssql/information_schema.py
2025-11-27 22:45:14.3855712520	9138	./.venv/lib/python3.13/site-packages/sqlalchemy/dialects/sqlite/dml.py
2025-11-27 22:45:14.3895713110	10874	./.venv/lib/python3.13/site-packages/sqlalchemy/dialects/oracle/vector.py
2025-11-27 22:45:14.3895713110	11934	./.venv/lib/python3.13/site-packages/sqlalchemy/dialects/postgresql/hstore.py
2025-11-27 22:45:14.3895713110	139156	./.venv/lib/python3.13/site-packages/sqlalchemy/dialects/oracle/base.py
2025-11-27 22:45:14.3895713110	17279	./.venv/lib/python3.13/site-packages/sqlalchemy/dialects/postgresql/array.py
2025-11-27 22:45:14.3895713110	17812	./.venv/lib/python3.13/site-packages/sqlalchemy/dialects/postgresql/named_types.py
2025-11-27 22:45:14.3895713110	186421	./.venv/lib/python3.13/site-packages/sqlalchemy/dialects/postgresql/base.py
2025-11-27 22:45:14.3895713110	1898	./.venv/lib/python3.13/site-packages/sqlalchemy/dialects/oracle/__init__.py
2025-11-27 22:45:14.3895713110	19519	./.venv/lib/python3.13/site-packages/sqlalchemy/dialects/oracle/dictionary.py
2025-11-27 22:45:14.3895713110	23389	./.venv/lib/python3.13/site-packages/sqlalchemy/dialects/postgresql/psycopg.py
2025-11-27 22:45:14.3895713110	2808	./.venv/lib/python3.13/site-packages/sqlalchemy/dialects/postgresql/operators.py
2025-11-27 22:45:14.3895713110	40977	./.venv/lib/python3.13/site-packages/sqlalchemy/dialects/postgresql/asyncpg.py
2025-11-27 22:45:14.3895713110	56717	./.venv/lib/python3.13/site-packages/sqlalchemy/dialects/oracle/cx_oracle.py
2025-11-27 22:45:14.3895713110	5783	./.venv/lib/python3.13/site-packages/sqlalchemy/dialects/postgresql/_psycopg_common.py
2025-11-27 22:45:14.3895713110	7629	./.venv/lib/python3.13/site-packages/sqlalchemy/dialects/postgresql/types.py
2025-11-27 22:45:14.3895713110	8313	./.venv/lib/python3.13/site-packages/sqlalchemy/dialects/oracle/provision.py
2025-11-27 22:45:14.3895713110	9058	./.venv/lib/python3.13/site-packages/sqlalchemy/dialects/oracle/types.py
2025-11-27 22:45:14.3895713110	9999	./.venv/lib/python3.13/site-packages/sqlalchemy/dialects/postgresql/pg_catalog.py
2025-11-27 22:45:14.3935713710	1100	./.venv/lib/python3.13/site-packages/sqlalchemy-2.0.44.dist-info/licenses/LICENSE
2025-11-27 22:45:14.3935713710	11	./.venv/lib/python3.13/site-packages/sqlalchemy-2.0.44.dist-info/top_level.txt
2025-11-27 22:45:14.3935713710	153	./.venv/lib/python3.13/site-packages/sqlalchemy-2.0.44.dist-info/WHEEL
2025-11-27 22:45:14.3935713710	33736	./.venv/lib/python3.13/site-packages/sqlalchemy/dialects/oracle/oracledb.py
2025-11-27 22:45:14.3935713710	9547	./.venv/lib/python3.13/site-packages/sqlalchemy-2.0.44.dist-info/METADATA
2025-11-27 22:45:15.8255925320	4	./.venv/lib/python3.13/site-packages/sqlalchemy-2.0.44.dist-info/INSTALLER
2025-11-27 22:45:15.8375927090	0	./.venv/lib/python3.13/site-packages/sqlalchemy-2.0.44.dist-info/REQUESTED
2025-11-27 22:45:15.8375927090	40550	./.venv/lib/python3.13/site-packages/sqlalchemy-2.0.44.dist-info/RECORD
2025-11-27 22:45:15.8455928270	12935	./.venv/lib/python3.13/site-packages/dateutil/tz/win.py
2025-11-27 22:45:15.8455928270	12977	./.venv/lib/python3.13/site-packages/dateutil/tz/_common.py
2025-11-27 22:45:15.8455928270	13233	./.venv/lib/python3.13/site-packages/dateutil/parser/isoparser.py
2025-11-27 22:45:15.8455928270	166	./.venv/lib/python3.13/site-packages/dateutil/_version.py
2025-11-27 22:45:15.8455928270	1766	./.venv/lib/python3.13/site-packages/dateutil/parser/__init__.py
2025-11-27 22:45:15.8455928270	1965	./.venv/lib/python3.13/site-packages/dateutil/utils.py
2025-11-27 22:45:15.8455928270	24903	./.venv/lib/python3.13/site-packages/dateutil/relativedelta.py
2025-11-27 22:45:15.8455928270	2569	./.venv/lib/python3.13/site-packages/dateutil/tz/_factories.py
2025-11-27 22:45:15.8455928270	2678	./.venv/lib/python3.13/site-packages/dateutil/easter.py
2025-11-27 22:45:15.8455928270	444	./.venv/lib/python3.13/site-packages/dateutil/tz/__init__.py
2025-11-27 22:45:15.8455928270	58796	./.venv/lib/python3.13/site-packages/dateutil/parser/_parser.py
2025-11-27 22:45:15.8455928270	5889	./.venv/lib/python3.13/site-packages/dateutil/zoneinfo/__init__.py
2025-11-27 22:45:15.8455928270	59	./.venv/lib/python3.13/site-packages/dateutil/tzwin.py
2025-11-27 22:45:15.8455928270	620	./.venv/lib/python3.13/site-packages/dateutil/__init__.py
2025-11-27 22:45:15.8455928270	62855	./.venv/lib/python3.13/site-packages/dateutil/tz/tz.py
2025-11-27 22:45:15.8455928270	66557	./.venv/lib/python3.13/site-packages/dateutil/rrule.py
2025-11-27 22:45:15.8455928270	932	./.venv/lib/python3.13/site-packages/dateutil/_common.py
2025-11-27 22:45:15.8495928860	110	./.venv/lib/python3.13/site-packages/python_dateutil-2.9.0.post0.dist-info/WHEEL
2025-11-27 22:45:15.8495928860	156400	./.venv/lib/python3.13/site-packages/dateutil/zoneinfo/dateutil-zoneinfo.tar.gz
2025-11-27 22:45:15.8495928860	1	./.venv/lib/python3.13/site-packages/python_dateutil-2.9.0.post0.dist-info/zip-safe
2025-11-27 22:45:15.8495928860	2392	./.venv/lib/python3.13/site-packages/dateutil/zoneinfo/rebuild.py
2025-11-27 22:45:15.8495928860	2889	./.venv/lib/python3.13/site-packages/python_dateutil-2.9.0.post0.dist-info/LICENSE
2025-11-27 22:45:15.8495928860	8354	./.venv/lib/python3.13/site-packages/python_dateutil-2.9.0.post0.dist-info/METADATA
2025-11-27 22:45:15.8495928860	9	./.venv/lib/python3.13/site-packages/python_dateutil-2.9.0.post0.dist-info/top_level.txt
2025-11-27 22:45:15.9055937140	4	./.venv/lib/python3.13/site-packages/python_dateutil-2.9.0.post0.dist-info/INSTALLER
2025-11-27 22:45:15.9095937730	0	./.venv/lib/python3.13/site-packages/python_dateutil-2.9.0.post0.dist-info/REQUESTED
2025-11-27 22:45:15.9095937730	3227	./.venv/lib/python3.13/site-packages/python_dateutil-2.9.0.post0.dist-info/RECORD
2025-11-27 22:45:15.9175938910	0	./.venv/lib/python3.13/site-packages/markdown_it/cli/__init__.py
2025-11-27 22:45:15.9175938910	0	./.venv/lib/python3.13/site-packages/markdown_it/common/__init__.py
2025-11-27 22:45:15.9175938910	1016	./.venv/lib/python3.13/site-packages/markdown_it/parser_core.py
2025-11-27 22:45:15.9175938910	1037	./.venv/lib/python3.13/site-packages/markdown_it/helpers/parse_link_label.py
2025-11-27 22:45:15.9175938910	11111	./.venv/lib/python3.13/site-packages/markdown_it/tree.py
2025-11-27 22:45:15.9175938910	114	./.venv/lib/python3.13/site-packages/markdown_it/__init__.py
2025-11-27 22:45:15.9175938910	1227	./.venv/lib/python3.13/site-packages/markdown_it/rules_block/hr.py
2025-11-27 22:45:15.9175938910	12732	./.venv/lib/python3.13/site-packages/markdown_it/main.py
2025-11-27 22:45:15.9175938910	157	./.venv/lib/python3.13/site-packages/markdown_it/common/entities.py
2025-11-27 22:45:15.9175938910	1745	./.venv/lib/python3.13/site-packages/markdown_it/rules_block/heading.py
2025-11-27 22:45:15.9175938910	1811	./.venv/lib/python3.13/site-packages/markdown_it/presets/default.py
2025-11-27 22:45:15.9175938910	1906	./.venv/lib/python3.13/site-packages/markdown_it/helpers/parse_link_destination.py
2025-11-27 22:45:15.9175938910	2113	./.venv/lib/python3.13/site-packages/markdown_it/presets/zero.py
2025-11-27 22:45:15.9175938910	2273	./.venv/lib/python3.13/site-packages/markdown_it/helpers/parse_link_title.py
2025-11-27 22:45:15.9175938910	2373	./.venv/lib/python3.13/site-packages/markdown_it/_punycode.py
2025-11-27 22:45:15.9175938910	2447	./.venv/lib/python3.13/site-packages/markdown_it/port.yaml
2025-11-27 22:45:15.9175938910	2537	./.venv/lib/python3.13/site-packages/markdown_it/rules_block/fence.py
2025-11-27 22:45:15.9175938910	253	./.venv/lib/python3.13/site-packages/markdown_it/helpers/__init__.py
2025-11-27 22:45:15.9175938910	2568	./.venv/lib/python3.13/site-packages/markdown_it/common/normalize_url.py
2025-11-27 22:45:15.9175938910	2625	./.venv/lib/python3.13/site-packages/markdown_it/rules_block/lheading.py
2025-11-27 22:45:15.9175938910	26	./.venv/lib/python3.13/site-packages/markdown_it/py.typed
2025-11-27 22:45:15.9175938910	2721	./.venv/lib/python3.13/site-packages/markdown_it/rules_block/html_block.py
2025-11-27 22:45:15.9175938910	2869	./.venv/lib/python3.13/site-packages/markdown_it/presets/commonmark.py
2025-11-27 22:45:15.9175938910	2881	./.venv/lib/python3.13/site-packages/markdown_it/cli/parse.py
2025-11-27 22:45:15.9175938910	35	./.venv/lib/python3.13/site-packages/markdown_it/_compat.py
2025-11-27 22:45:15.9175938910	3939	./.venv/lib/python3.13/site-packages/markdown_it/parser_block.py
2025-11-27 22:45:15.9175938910	5024	./.venv/lib/python3.13/site-packages/markdown_it/parser_inline.py
2025-11-27 22:45:15.9175938910	553	./.venv/lib/python3.13/site-packages/markdown_it/rules_block/__init__.py
2025-11-27 22:45:15.9175938910	5687	./.venv/lib/python3.13/site-packages/markdown_it/utils.py
2025-11-27 22:45:15.9175938910	6381	./.venv/lib/python3.13/site-packages/markdown_it/token.py
2025-11-27 22:45:15.9175938910	860	./.venv/lib/python3.13/site-packages/markdown_it/rules_block/code.py
2025-11-27 22:45:15.9175938910	8734	./.venv/lib/python3.13/site-packages/markdown_it/common/utils.py
2025-11-27 22:45:15.9175938910	8887	./.venv/lib/python3.13/site-packages/markdown_it/rules_block/blockquote.py
2025-11-27 22:45:15.9175938910	9142	./.venv/lib/python3.13/site-packages/markdown_it/ruler.py
2025-11-27 22:45:15.9175938910	926	./.venv/lib/python3.13/site-packages/markdown_it/common/html_re.py
2025-11-27 22:45:15.9175938910	970	./.venv/lib/python3.13/site-packages/markdown_it/presets/__init__.py
2025-11-27 22:45:15.9175938910	986	./.venv/lib/python3.13/site-packages/markdown_it/common/html_blocks.py
2025-11-27 22:45:15.9175938910	9947	./.venv/lib/python3.13/site-packages/markdown_it/renderer.py
2025-11-27 22:45:15.9215939500	1073	./.venv/lib/python3.13/site-packages/markdown_it_py-4.0.0.dist-info/licenses/LICENSE.markdown-it
2025-11-27 22:45:15.9215939500	1078	./.venv/lib/python3.13/site-packages/markdown_it_py-4.0.0.dist-info/licenses/LICENSE
2025-11-27 22:45:15.9215939500	1119	./.venv/lib/python3.13/site-packages/markdown_it/rules_inline/text.py
2025-11-27 22:45:15.9215939500	1130	./.venv/lib/python3.13/site-packages/markdown_it/rules_inline/html_inline.py
2025-11-27 22:45:15.9215939500	1173	./.venv/lib/python3.13/site-packages/markdown_it/rules_core/text_join.py
2025-11-27 22:45:15.9215939500	1297	./.venv/lib/python3.13/site-packages/markdown_it/rules_inline/newline.py
2025-11-27 22:45:15.9215939500	1493	./.venv/lib/python3.13/site-packages/markdown_it/rules_inline/fragments_join.py
2025-11-27 22:45:15.9215939500	1651	./.venv/lib/python3.13/site-packages/markdown_it/rules_inline/entity.py
2025-11-27 22:45:15.9215939500	1659	./.venv/lib/python3.13/site-packages/markdown_it/rules_inline/escape.py
2025-11-27 22:45:15.9215939500	1706	./.venv/lib/python3.13/site-packages/markdown_it/rules_inline/linkify.py
2025-11-27 22:45:15.9215939500	1819	./.venv/lib/python3.13/site-packages/markdown_it/rules_block/paragraph.py
2025-11-27 22:45:15.9215939500	2037	./.venv/lib/python3.13/site-packages/markdown_it/rules_inline/backticks.py
2025-11-27 22:45:15.9215939500	2065	./.venv/lib/python3.13/site-packages/markdown_it/rules_inline/autolink.py
2025-11-27 22:45:15.9215939500	3123	./.venv/lib/python3.13/site-packages/markdown_it/rules_inline/emphasis.py
2025-11-27 22:45:15.9215939500	3214	./.venv/lib/python3.13/site-packages/markdown_it/rules_inline/strikethrough.py
2025-11-27 22:45:15.9215939500	325	./.venv/lib/python3.13/site-packages/markdown_it/rules_core/inline.py
2025-11-27 22:45:15.9215939500	3471	./.venv/lib/python3.13/site-packages/markdown_it/rules_core/replacements.py
2025-11-27 22:45:15.9215939500	372	./.venv/lib/python3.13/site-packages/markdown_it/rules_core/block.py
2025-11-27 22:45:15.9215939500	394	./.venv/lib/python3.13/site-packages/markdown_it/rules_core/__init__.py
2025-11-27 22:45:15.9215939500	403	./.venv/lib/python3.13/site-packages/markdown_it/rules_core/normalize.py
2025-11-27 22:45:15.9215939500	4141	./.venv/lib/python3.13/site-packages/markdown_it/rules_inline/image.py
2025-11-27 22:45:15.9215939500	4258	./.venv/lib/python3.13/site-packages/markdown_it/rules_inline/link.py
2025-11-27 22:45:15.9215939500	4852	./.venv/lib/python3.13/site-packages/markdown_it/rules_inline/balance_pairs.py
2025-11-27 22:45:15.9215939500	5003	./.venv/lib/python3.13/site-packages/markdown_it/rules_inline/state_inline.py
2025-11-27 22:45:15.9215939500	5141	./.venv/lib/python3.13/site-packages/markdown_it/rules_core/linkify.py
2025-11-27 22:45:15.9215939500	570	./.venv/lib/python3.13/site-packages/markdown_it/rules_core/state_core.py
2025-11-27 22:45:15.9215939500	58	./.venv/lib/python3.13/site-packages/markdown_it_py-4.0.0.dist-info/entry_points.txt
2025-11-27 22:45:15.9215939500	696	./.venv/lib/python3.13/site-packages/markdown_it/rules_inline/__init__.py
2025-11-27 22:45:15.9215939500	6983	./.venv/lib/python3.13/site-packages/markdown_it/rules_block/reference.py
2025-11-27 22:45:15.9215939500	7288	./.venv/lib/python3.13/site-packages/markdown_it_py-4.0.0.dist-info/METADATA
2025-11-27 22:45:15.9215939500	7443	./.venv/lib/python3.13/site-packages/markdown_it/rules_core/smartquotes.py
2025-11-27 22:45:15.9215939500	7682	./.venv/lib/python3.13/site-packages/markdown_it/rules_block/table.py
2025-11-27 22:45:15.9215939500	82	./.venv/lib/python3.13/site-packages/markdown_it_py-4.0.0.dist-info/WHEEL
2025-11-27 22:45:15.9215939500	8422	./.venv/lib/python3.13/site-packages/markdown_it/rules_block/state_block.py
2025-11-27 22:45:15.9215939500	9668	./.venv/lib/python3.13/site-packages/markdown_it/rules_block/list.py
2025-11-27 22:45:15.9775947780	228	./.venv/bin/markdown-it
2025-11-27 22:45:15.9775947780	4	./.venv/lib/python3.13/site-packages/markdown_it_py-4.0.0.dist-info/INSTALLER
2025-11-27 22:45:15.9815948370	10844	./.venv/lib/python3.13/site-packages/markdown_it_py-4.0.0.dist-info/RECORD
2025-11-27 22:45:15.9895949550	10209	./.venv/lib/python3.13/site-packages/rich/_cell_widths.py
2025-11-27 22:45:15.9895949550	10288	./.venv/lib/python3.13/site-packages/rich/align.py
2025-11-27 22:45:15.9895949550	1064	./.venv/lib/python3.13/site-packages/rich/_emoji_replace.py
2025-11-27 22:45:15.9895949550	1236	./.venv/lib/python3.13/site-packages/rich/_loop.py
2025-11-27 22:45:15.9895949550	1394	./.venv/lib/python3.13/site-packages/rich/_null_file.py
2025-11-27 22:45:15.9895949550	140235	./.venv/lib/python3.13/site-packages/rich/_emoji_codes.py
2025-11-27 22:45:15.9895949550	1901	./.venv/lib/python3.13/site-packages/rich/_windows.py
2025-11-27 22:45:15.9895949550	19919	./.venv/lib/python3.13/site-packages/rich/_spinners.py
2025-11-27 22:45:15.9895949550	2128	./.venv/lib/python3.13/site-packages/rich/_export_format.py
2025-11-27 22:45:15.9895949550	22719	./.venv/lib/python3.13/site-packages/rich/_win32_console.py
2025-11-27 22:45:15.9895949550	241	./.venv/lib/python3.13/site-packages/rich/_extension.py
2025-11-27 22:45:15.9895949550	2759	./.venv/lib/python3.13/site-packages/rich/_windows_renderer.py
2025-11-27 22:45:15.9895949550	3213	./.venv/lib/python3.13/site-packages/rich/_log_render.py
2025-11-27 22:45:15.9895949550	3404	./.venv/lib/python3.13/site-packages/rich/_wrap.py
2025-11-27 22:45:15.9895949550	351	./.venv/lib/python3.13/site-packages/rich/_stack.py
2025-11-27 22:45:15.9895949550	417	./.venv/lib/python3.13/site-packages/rich/_timer.py
2025-11-27 22:45:15.9895949550	423	./.venv/lib/python3.13/site-packages/rich/_pick.py
2025-11-27 22:45:15.9895949550	5325	./.venv/lib/python3.13/site-packages/rich/_ratio.py
2025-11-27 22:45:15.9895949550	6066	./.venv/lib/python3.13/site-packages/rich/__init__.py
2025-11-27 22:45:15.9895949550	6921	./.venv/lib/python3.13/site-packages/rich/ansi.py
2025-11-27 22:45:15.9895949550	7063	./.venv/lib/python3.13/site-packages/rich/_palettes.py
2025-11-27 22:45:15.9895949550	7752	./.venv/lib/python3.13/site-packages/rich/__main__.py
2025-11-27 22:45:15.9895949550	799	./.venv/lib/python3.13/site-packages/rich/_fileno.py
2025-11-27 22:45:15.9895949550	878	./.venv/lib/python3.13/site-packages/rich/abc.py
2025-11-27 22:45:15.9895949550	9656	./.venv/lib/python3.13/site-packages/rich/_inspect.py
2025-11-27 22:45:15.9935950140	100789	./.venv/lib/python3.13/site-packages/rich/console.py
2025-11-27 22:45:15.9935950140	1054	./.venv/lib/python3.13/site-packages/rich/color_triplet.py
2025-11-27 22:45:15.9935950140	10650	./.venv/lib/python3.13/site-packages/rich/box.py
2025-11-27 22:45:15.9935950140	11157	./.venv/lib/python3.13/site-packages/rich/panel.py
2025-11-27 22:45:15.9935950140	12456	./.venv/lib/python3.13/site-packages/rich/logging.py
2025-11-27 22:45:15.9935950140	1288	./.venv/lib/python3.13/site-packages/rich/constrain.py
2025-11-27 22:45:15.9935950140	13944	./.venv/lib/python3.13/site-packages/rich/layout.py
2025-11-27 22:45:15.9935950140	15180	./.venv/lib/python3.13/site-packages/rich/live.py
2025-11-27 22:45:15.9935950140	1683	./.venv/lib/python3.13/site-packages/rich/file_proxy.py
2025-11-27 22:45:15.9935950140	18211	./.venv/lib/python3.13/site-packages/rich/color.py
2025-11-27 22:45:15.9935950140	2343	./.venv/lib/python3.13/site-packages/rich/emoji.py
2025-11-27 22:45:15.9935950140	2484	./.venv/lib/python3.13/site-packages/rich/filesize.py
2025-11-27 22:45:15.9935950140	25846	./.venv/lib/python3.13/site-packages/rich/markdown.py
2025-11-27 22:45:15.9935950140	3228	./.venv/lib/python3.13/site-packages/rich/jupyter.py
2025-11-27 22:45:15.9935950140	3263	./.venv/lib/python3.13/site-packages/rich/bar.py
2025-11-27 22:45:15.9935950140	3288	./.venv/lib/python3.13/site-packages/rich/palette.py
2025-11-27 22:45:15.9935950140	3521	./.venv/lib/python3.13/site-packages/rich/live_render.py
2025-11-27 22:45:15.9935950140	4896	./.venv/lib/python3.13/site-packages/rich/padding.py
2025-11-27 22:45:15.9935950140	5019	./.venv/lib/python3.13/site-packages/rich/json.py
2025-11-27 22:45:15.9935950140	5130	./.venv/lib/python3.13/site-packages/rich/cells.py
2025-11-27 22:45:15.9935950140	5305	./.venv/lib/python3.13/site-packages/rich/measure.py
2025-11-27 22:45:15.9935950140	5502	./.venv/lib/python3.13/site-packages/rich/containers.py
2025-11-27 22:45:15.9935950140	642	./.venv/lib/python3.13/site-packages/rich/errors.py
2025-11-27 22:45:15.9935950140	6475	./.venv/lib/python3.13/site-packages/rich/control.py
2025-11-27 22:45:15.9935950140	7131	./.venv/lib/python3.13/site-packages/rich/columns.py
2025-11-27 22:45:15.9935950140	8221	./.venv/lib/python3.13/site-packages/rich/default_styles.py
2025-11-27 22:45:15.9935950140	828	./.venv/lib/python3.13/site-packages/rich/pager.py
2025-11-27 22:45:15.9935950140	8427	./.venv/lib/python3.13/site-packages/rich/markup.py
2025-11-27 22:45:15.9935950140	9586	./.venv/lib/python3.13/site-packages/rich/highlighter.py
2025-11-27 22:45:15.9935950140	977	./.venv/lib/python3.13/site-packages/rich/diagnose.py
2025-11-27 22:45:15.9975950730	0	./.venv/lib/python3.13/site-packages/rich/py.typed
2025-11-27 22:45:15.9975950730	102	./.venv/lib/python3.13/site-packages/rich/themes.py
2025-11-27 22:45:15.9975950730	1056	./.venv/lib/python3.13/site-packages/rich-14.2.0.dist-info/LICENSE
2025-11-27 22:45:15.9975950730	1234	./.venv/lib/python3.13/site-packages/rich/styled.py
2025-11-27 22:45:15.9975950730	12435	./.venv/lib/python3.13/site-packages/rich/prompt.py
2025-11-27 22:45:15.9975950730	1367	./.venv/lib/python3.13/site-packages/rich/protocol.py
2025-11-27 22:45:15.9975950730	1579	./.venv/lib/python3.13/site-packages/rich/screen.py
2025-11-27 22:45:15.9975950730	166	./.venv/lib/python3.13/site-packages/rich/region.py
2025-11-27 22:45:15.9975950730	18257	./.venv/lib/python3.13/site-packages/rich-14.2.0.dist-info/METADATA
2025-11-27 22:45:15.9975950730	24707	./.venv/lib/python3.13/site-packages/rich/segment.py
2025-11-27 22:45:15.9975950730	26990	./.venv/lib/python3.13/site-packages/rich/style.py
2025-11-27 22:45:15.9975950730	2831	./.venv/lib/python3.13/site-packages/rich/scope.py
2025-11-27 22:45:15.9975950730	3370	./.venv/lib/python3.13/site-packages/rich/terminal_theme.py
2025-11-27 22:45:15.9975950730	35789	./.venv/lib/python3.13/site-packages/rich/traceback.py
2025-11-27 22:45:15.9975950730	36263	./.venv/lib/python3.13/site-packages/rich/syntax.py
2025-11-27 22:45:15.9975950730	36355	./.venv/lib/python3.13/site-packages/rich/pretty.py
2025-11-27 22:45:15.9975950730	3771	./.venv/lib/python3.13/site-packages/rich/theme.py
2025-11-27 22:45:15.9975950730	40025	./.venv/lib/python3.13/site-packages/rich/table.py
2025-11-27 22:45:15.9975950730	4214	./.venv/lib/python3.13/site-packages/rich/spinner.py
2025-11-27 22:45:15.9975950730	4419	./.venv/lib/python3.13/site-packages/rich/repr.py
2025-11-27 22:45:15.9975950730	4424	./.venv/lib/python3.13/site-packages/rich/status.py
2025-11-27 22:45:15.9975950730	4590	./.venv/lib/python3.13/site-packages/rich/rule.py
2025-11-27 22:45:15.9975950730	47540	./.venv/lib/python3.13/site-packages/rich/text.py
2025-11-27 22:45:15.9975950730	60408	./.venv/lib/python3.13/site-packages/rich/progress.py
2025-11-27 22:45:15.9975950730	8162	./.venv/lib/python3.13/site-packages/rich/progress_bar.py
2025-11-27 22:45:15.9975950730	88	./.venv/lib/python3.13/site-packages/rich-14.2.0.dist-info/WHEEL
2025-11-27 22:45:15.9975950730	9391	./.venv/lib/python3.13/site-packages/rich/tree.py
2025-11-27 22:45:16.2095982060	4	./.venv/lib/python3.13/site-packages/rich-14.2.0.dist-info/INSTALLER
2025-11-27 22:45:16.2135982650	0	./.venv/lib/python3.13/site-packages/rich-14.2.0.dist-info/REQUESTED
2025-11-27 22:45:16.2135982650	9738	./.venv/lib/python3.13/site-packages/rich-14.2.0.dist-info/RECORD
2025-11-27 22:53:42.3250775970	3	./logs/logger.b64
2025-11-27 23:09:14.0000000000	1012	./src/gedcom_parser/loader/file_locator.py
2025-11-27 23:26:08.0000000000	312	./src/gedcom_parser/loader/file_loader.py
2025-11-28 00:08:27.0000000000	743	./src/gedcom_parser/entities/models.py
2025-11-28 01:46:50.0000000000	0	./src/gedcom_parser/dates/__init__.py
2025-11-28 09:06:09.0000000000	3195	./src/gedcom_parser/data/occupation_keywords.json
2025-11-28 09:19:51.0000000000	142	./src/gedcom_parser/occupation/__init__.py
2025-11-28 09:21:28.0000000000	3178	./src/gedcom_parser/occupation/inference.py
2025-11-28 11:25:27.0000000000	4998	./src/gedcom_parser/entities/extraction/occupation.py
2025-11-28 12:54:43.0000000000	3432	./src/gedcom_parser/entities/extraction/place.py
2025-11-28 15:16:41.0000000000	5543	./src/gedcom_parser/postprocess/xref_builder.py
2025-11-28 15:25:31.0000000000	4251	./src/gedcom_parser/postprocess/graph_builder.py
2025-11-28 18:21:10.3942326030	1052924	./logs/main_run.log
2025-11-28 18:21:24.2862323520	138	./logs/xref_run.log
2025-11-28 20:11:14.0000000000	10931	./src/gedcom_parser/entities/extractor.py
2025-11-28 20:11:41.5935591070	629	./logs/main_run (1).log
2025-11-28 20:17:35.4091080090	629	./logs/name_test.log
2025-11-28 20:20:40.0000000000	3370	./src/gedcom_parser/postprocess/name_identity.py
2025-11-28 20:41:39.0000000000	5128	./src/gedcom_parser/entities/extraction/name.py
2025-11-28 20:44:23.0000000000	3449	./src/gedcom_parser/entities/extraction/name_normalization.py
2025-11-29 19:42:55.0000000000	789	./src/gedcom_parser/config.py
2025-11-29 19:51:46.0000000000	3299	./src/gedcom_parser/logger.py
2025-11-29 19:52:08.4247687290	114	./logs/test_logger.log
2025-11-29 20:00:56.0010168240	71	./logs/parser_test.log
2025-11-29 20:57:09.0000000000	0	./src/gedcom_parser/entities/extraction/__init__.py
2025-11-29 20:57:09.0000000000	0	./src/gedcom_parser/identity/__init__.py
2025-11-29 20:57:09.0000000000	0	./src/gedcom_parser/__init__.py
2025-11-30 10:05:23.6110869320	13883	./inventories/legacy_inventory.txt
2025-11-30 10:06:16.2333185000	452676	./inventories/dataset_dump.txt
2025-11-30 10:25:40.4862289500	11083	./config/tag_metadata.json
2025-11-30 10:28:44.7554330220	1555	./logs/registry.log
2025-11-30 13:29:55.1905070560	0	./logs/gedcom_parser.entities.registry.log
2025-11-30 15:51:32.7930663020	623437	./inventories/project_size_report.txt
2025-11-30 15:51:39.2571157370	1005162	./inventories/project_detailed_inventory.txt
2025-11-30 23:36:55.5753076960	459	./logs/parser_core.log.2
2025-11-30 23:36:57.0193066700	30372886	./logs/parser_core.log.1
2025-12-01 09:27:30.0000000000	2456	./src/gedcom_parser/parser_core.py
2025-12-01 17:17:36.4470332450	44166	./docs/legacy/Review and Corrections for GEDCOM_Parser_Project (up to C.24.4.8).pdf
2025-12-01 17:41:08.8843107630	5113	./docs/legacy/transitional.txt
2025-12-02 07:39:48.7339491510	90718	./docs/legacy/__GEDCOM Parser Project – Architecture Review and Roadmap__.pdf
2025-12-02 16:23:40.0000000000	2357	./src/gedcom_parser/logging/logger.py
2025-12-02 16:24:26.0000000000	17893	./src/gedcom_parser/postprocess/event_scoring.py
2025-12-02 17:11:48.0000000000	206	./src/gedcom_parser/logging/__init__.py
2025-12-03 11:15:16.9225782100	1200	./docs/legacy/commands.txt
2025-12-03 11:16:11.7185358900	6752303	./logs/gedcom_parser.log.5
2025-12-03 11:48:04.3472100120	2068	./run_pipeline.sh
2025-12-03 11:48:27.0752743150	117	./logs/gedcom_parser.log.3
2025-12-03 11:48:31.2872860030	553	./logs/gedcom_parser.log.4
2025-12-03 11:48:59.6953630470	4904724	./outputs/event_scores.json
2025-12-03 11:48:59.6993630580	196	./outputs/scoring_summary.json
2025-12-03 11:48:59.6993630580	6980643	./logs/event_scoring.log
2025-12-03 14:08:43.4854250570	434	./outputs/entity_resolution_summary.json
2025-12-03 14:08:43.4854250570	833919	./outputs/entity_candidates.json
2025-12-03 19:24:57.8384616890	3495	./schemas/name_block_schema.json
2025-12-03 20:38:54.7073878990	177	./schemas/venv/pyvenv.cfg
2025-12-03 20:38:54.7073878990	69	./schemas/venv/.gitignore
2025-12-03 20:38:56.4473877460	3649	./schemas/venv/lib/python3.13/site-packages/pip-25.1.1.dist-info/METADATA
2025-12-03 20:38:56.4513877450	10368	./schemas/venv/lib/python3.13/site-packages/pip/_internal/cache.py
2025-12-03 20:38:56.4513877450	10825	./schemas/venv/lib/python3.13/site-packages/pip/_internal/cli/parser.py
2025-12-03 20:38:56.4513877450	10924	./schemas/venv/lib/python3.13/site-packages/pip/_internal/build_env.py
2025-12-03 20:38:56.4513877450	1093	./schemas/venv/lib/python3.13/site-packages/pip-25.1.1.dist-info/licenses/LICENSE.txt
2025-12-03 20:38:56.4513877450	11223	./schemas/venv/lib/python3.13/site-packages/pip-25.1.1.dist-info/licenses/AUTHORS.txt
2025-12-03 20:38:56.4513877450	116	./schemas/venv/lib/python3.13/site-packages/pip/_internal/cli/status_codes.py
2025-12-03 20:38:56.4513877450	12934	./schemas/venv/lib/python3.13/site-packages/pip/_internal/cli/req_command.py
2025-12-03 20:38:56.4513877450	131	./schemas/venv/lib/python3.13/site-packages/pip/_internal/cli/__init__.py
2025-12-03 20:38:56.4513877450	1450	./schemas/venv/lib/python3.13/site-packages/pip/__pip-runner__.py
2025-12-03 20:38:56.4513877450	2268	./schemas/venv/lib/python3.13/site-packages/pip/_internal/commands/check.py
2025-12-03 20:38:56.4513877450	2816	./schemas/venv/lib/python3.13/site-packages/pip/_internal/cli/main.py
2025-12-03 20:38:56.4513877450	31908	./schemas/venv/lib/python3.13/site-packages/pip/_internal/cli/cmdoptions.py
2025-12-03 20:38:56.4513877450	357	./schemas/venv/lib/python3.13/site-packages/pip/__init__.py
2025-12-03 20:38:56.4513877450	4009	./schemas/venv/lib/python3.13/site-packages/pip/_internal/commands/__init__.py
2025-12-03 20:38:56.4513877450	4337	./schemas/venv/lib/python3.13/site-packages/pip/_internal/cli/main_parser.py
2025-12-03 20:38:56.4513877450	4435	./schemas/venv/lib/python3.13/site-packages/pip/_internal/cli/progress_bars.py
2025-12-03 20:38:56.4513877450	4554	./schemas/venv/lib/python3.13/site-packages/pip/_internal/commands/completion.py
2025-12-03 20:38:56.4513877450	4	./schemas/venv/lib/python3.13/site-packages/pip-25.1.1.dist-info/top_level.txt
2025-12-03 20:38:56.4513877450	5118	./schemas/venv/lib/python3.13/site-packages/pip/_internal/cli/spinners.py
2025-12-03 20:38:56.4513877450	513	./schemas/venv/lib/python3.13/site-packages/pip/_internal/__init__.py
2025-12-03 20:38:56.4513877450	5720	./schemas/venv/lib/python3.13/site-packages/pip/_internal/cli/index_command.py
2025-12-03 20:38:56.4513877450	6864	./schemas/venv/lib/python3.13/site-packages/pip/_internal/cli/autocompletion.py
2025-12-03 20:38:56.4513877450	774	./schemas/venv/lib/python3.13/site-packages/pip/_internal/cli/command_context.py
2025-12-03 20:38:56.4513877450	8107	./schemas/venv/lib/python3.13/site-packages/pip/_internal/commands/cache.py
2025-12-03 20:38:56.4513877450	8351	./schemas/venv/lib/python3.13/site-packages/pip/_internal/cli/base_command.py
2025-12-03 20:38:56.4513877450	854	./schemas/venv/lib/python3.13/site-packages/pip/__main__.py
2025-12-03 20:38:56.4513877450	87	./schemas/venv/lib/python3.13/site-packages/pip-25.1.1.dist-info/entry_points.txt
2025-12-03 20:38:56.4513877450	91	./schemas/venv/lib/python3.13/site-packages/pip-25.1.1.dist-info/WHEEL
2025-12-03 20:38:56.4553877450	1132	./schemas/venv/lib/python3.13/site-packages/pip/_internal/commands/help.py
2025-12-03 20:38:56.4553877450	1317	./schemas/venv/lib/python3.13/site-packages/pip/_internal/distributions/wheel.py
2025-12-03 20:38:56.4553877450	13371	./schemas/venv/lib/python3.13/site-packages/pip/_internal/commands/list.py
2025-12-03 20:38:56.4553877450	14005	./schemas/venv/lib/python3.13/site-packages/pip/_internal/configuration.py
2025-12-03 20:38:56.4553877450	16265	./schemas/venv/lib/python3.13/site-packages/pip/_internal/index/collector.py
2025-12-03 20:38:56.4553877450	1703	./schemas/venv/lib/python3.13/site-packages/pip/_internal/commands/hash.py
2025-12-03 20:38:56.4553877450	1783	./schemas/venv/lib/python3.13/site-packages/pip/_internal/distributions/base.py
2025-12-03 20:38:56.4553877450	28464	./schemas/venv/lib/python3.13/site-packages/pip/_internal/exceptions.py
2025-12-03 20:38:56.4553877450	29757	./schemas/venv/lib/python3.13/site-packages/pip/_internal/commands/install.py
2025-12-03 20:38:56.4553877450	29	./schemas/venv/lib/python3.13/site-packages/pip/_internal/index/__init__.py
2025-12-03 20:38:56.4553877450	3189	./schemas/venv/lib/python3.13/site-packages/pip/_internal/commands/inspect.py
2025-12-03 20:38:56.4553877450	3215	./schemas/venv/lib/python3.13/site-packages/pip/_internal/commands/freeze.py
2025-12-03 20:38:56.4553877450	38446	./schemas/venv/lib/python3.13/site-packages/pip/_internal/index/package_finder.py
2025-12-03 20:38:56.4553877450	3892	./schemas/venv/lib/python3.13/site-packages/pip/_internal/commands/uninstall.py
2025-12-03 20:38:56.4553877450	5068	./schemas/venv/lib/python3.13/site-packages/pip/_internal/commands/index.py
2025-12-03 20:38:56.4553877450	5273	./schemas/venv/lib/python3.13/site-packages/pip/_internal/commands/download.py
2025-12-03 20:38:56.4553877450	5784	./schemas/venv/lib/python3.13/site-packages/pip/_internal/commands/search.py
2025-12-03 20:38:56.4553877450	5941	./schemas/venv/lib/python3.13/site-packages/pip/_internal/commands/lock.py
2025-12-03 20:38:56.4553877450	6346	./schemas/venv/lib/python3.13/site-packages/pip/_internal/commands/wheel.py
2025-12-03 20:38:56.4553877450	6751	./schemas/venv/lib/python3.13/site-packages/pip/_internal/distributions/sdist.py
2025-12-03 20:38:56.4553877450	6797	./schemas/venv/lib/python3.13/site-packages/pip/_internal/commands/debug.py
2025-12-03 20:38:56.4553877450	8028	./schemas/venv/lib/python3.13/site-packages/pip/_internal/commands/show.py
2025-12-03 20:38:56.4553877450	842	./schemas/venv/lib/python3.13/site-packages/pip/_internal/distributions/installed.py
2025-12-03 20:38:56.4553877450	858	./schemas/venv/lib/python3.13/site-packages/pip/_internal/distributions/__init__.py
2025-12-03 20:38:56.4553877450	8632	./schemas/venv/lib/python3.13/site-packages/pip/_internal/index/sources.py
2025-12-03 20:38:56.4553877450	9766	./schemas/venv/lib/python3.13/site-packages/pip/_internal/commands/configuration.py
2025-12-03 20:38:56.4593877450	1030	./schemas/venv/lib/python3.13/site-packages/pip/_internal/models/index.py
2025-12-03 20:38:56.4593877450	10542	./schemas/venv/lib/python3.13/site-packages/pip/_internal/metadata/pkg_resources.py
2025-12-03 20:38:56.4593877450	135	./schemas/venv/lib/python3.13/site-packages/pip/_internal/metadata/importlib/__init__.py
2025-12-03 20:38:56.4593877450	14309	./schemas/venv/lib/python3.13/site-packages/pip/_internal/locations/__init__.py
2025-12-03 20:38:56.4593877450	21511	./schemas/venv/lib/python3.13/site-packages/pip/_internal/models/link.py
2025-12-03 20:38:56.4593877450	2486	./schemas/venv/lib/python3.13/site-packages/pip/_internal/models/format_control.py
2025-12-03 20:38:56.4593877450	25467	./schemas/venv/lib/python3.13/site-packages/pip/_internal/metadata/base.py
2025-12-03 20:38:56.4593877450	2556	./schemas/venv/lib/python3.13/site-packages/pip/_internal/locations/base.py
2025-12-03 20:38:56.4593877450	2707	./schemas/venv/lib/python3.13/site-packages/pip/_internal/metadata/_json.py
2025-12-03 20:38:56.4593877450	2796	./schemas/venv/lib/python3.13/site-packages/pip/_internal/metadata/importlib/_compat.py
2025-12-03 20:38:56.4593877450	2818	./schemas/venv/lib/python3.13/site-packages/pip/_internal/models/installation_report.py
2025-12-03 20:38:56.4593877450	340	./schemas/venv/lib/python3.13/site-packages/pip/_internal/main.py
2025-12-03 20:38:56.4593877450	5297	./schemas/venv/lib/python3.13/site-packages/pip/_internal/metadata/importlib/_envs.py
2025-12-03 20:38:56.4593877450	5723	./schemas/venv/lib/python3.13/site-packages/pip/_internal/metadata/__init__.py
2025-12-03 20:38:56.4593877450	575	./schemas/venv/lib/python3.13/site-packages/pip/_internal/models/scheme.py
2025-12-03 20:38:56.4593877450	6013	./schemas/venv/lib/python3.13/site-packages/pip/_internal/locations/_distutils.py
2025-12-03 20:38:56.4593877450	6196	./schemas/venv/lib/python3.13/site-packages/pip/_internal/models/pylock.py
2025-12-03 20:38:56.4593877450	62	./schemas/venv/lib/python3.13/site-packages/pip/_internal/models/__init__.py
2025-12-03 20:38:56.4593877450	6576	./schemas/venv/lib/python3.13/site-packages/pip/_internal/models/direct_url.py
2025-12-03 20:38:56.4593877450	753	./schemas/venv/lib/python3.13/site-packages/pip/_internal/models/candidate.py
2025-12-03 20:38:56.4593877450	7724	./schemas/venv/lib/python3.13/site-packages/pip/_internal/locations/_sysconfig.py
2025-12-03 20:38:56.4593877450	8279	./schemas/venv/lib/python3.13/site-packages/pip/_internal/metadata/importlib/_dists.py
2025-12-03 20:38:56.4633877440	0	./schemas/venv/lib/python3.13/site-packages/pip/_internal/operations/build/__init__.py
2025-12-03 20:38:56.4633877440	0	./schemas/venv/lib/python3.13/site-packages/pip/_internal/operations/__init__.py
2025-12-03 20:38:56.4633877440	1075	./schemas/venv/lib/python3.13/site-packages/pip/_internal/operations/build/wheel.py
2025-12-03 20:38:56.4633877440	11078	./schemas/venv/lib/python3.13/site-packages/pip/_internal/network/download.py
2025-12-03 20:38:56.4633877440	1282	./schemas/venv/lib/python3.13/site-packages/pip/_internal/operations/install/editable_legacy.py
2025-12-03 20:38:56.4633877440	1417	./schemas/venv/lib/python3.13/site-packages/pip/_internal/operations/build/wheel_editable.py
2025-12-03 20:38:56.4633877440	1421	./schemas/venv/lib/python3.13/site-packages/pip/_internal/operations/build/metadata.py
2025-12-03 20:38:56.4633877440	1509	./schemas/venv/lib/python3.13/site-packages/pip/_internal/operations/build/metadata_editable.py
2025-12-03 20:38:56.4633877440	1837	./schemas/venv/lib/python3.13/site-packages/pip/_internal/network/xmlrpc.py
2025-12-03 20:38:56.4633877440	18430	./schemas/venv/lib/python3.13/site-packages/pip/_internal/req/constructors.py
2025-12-03 20:38:56.4633877440	18771	./schemas/venv/lib/python3.13/site-packages/pip/_internal/network/session.py
2025-12-03 20:38:56.4633877440	2015	./schemas/venv/lib/python3.13/site-packages/pip/_internal/models/selection_prefs.py
2025-12-03 20:38:56.4633877440	20809	./schemas/venv/lib/python3.13/site-packages/pip/_internal/network/auth.py
2025-12-03 20:38:56.4633877440	2189	./schemas/venv/lib/python3.13/site-packages/pip/_internal/operations/build/metadata_legacy.py
2025-12-03 20:38:56.4633877440	27553	./schemas/venv/lib/python3.13/site-packages/pip/_internal/operations/install/wheel.py
2025-12-03 20:38:56.4633877440	28363	./schemas/venv/lib/python3.13/site-packages/pip/_internal/operations/prepare.py
2025-12-03 20:38:56.4633877440	3096	./schemas/venv/lib/python3.13/site-packages/pip/_internal/req/__init__.py
2025-12-03 20:38:56.4633877440	3620	./schemas/venv/lib/python3.13/site-packages/pip/_internal/operations/build/wheel_legacy.py
2025-12-03 20:38:56.4633877440	4088	./schemas/venv/lib/python3.13/site-packages/pip/_internal/network/utils.py
2025-12-03 20:38:56.4633877440	4271	./schemas/venv/lib/python3.13/site-packages/pip/_internal/models/target_python.py
2025-12-03 20:38:56.4633877440	4531	./schemas/venv/lib/python3.13/site-packages/pip/_internal/models/search_scope.py
2025-12-03 20:38:56.4633877440	4613	./schemas/venv/lib/python3.13/site-packages/pip/_internal/network/cache.py
2025-12-03 20:38:56.4633877440	4774	./schemas/venv/lib/python3.13/site-packages/pip/_internal/operations/build/build_tracker.py
2025-12-03 20:38:56.4633877440	49	./schemas/venv/lib/python3.13/site-packages/pip/_internal/network/__init__.py
2025-12-03 20:38:56.4633877440	50	./schemas/venv/lib/python3.13/site-packages/pip/_internal/operations/install/__init__.py
2025-12-03 20:38:56.4633877440	5506	./schemas/venv/lib/python3.13/site-packages/pip/_internal/models/wheel.py
2025-12-03 20:38:56.4633877440	5911	./schemas/venv/lib/python3.13/site-packages/pip/_internal/operations/check.py
2025-12-03 20:38:56.4633877440	7286	./schemas/venv/lib/python3.13/site-packages/pip/_internal/pyproject.py
2025-12-03 20:38:56.4633877440	7622	./schemas/venv/lib/python3.13/site-packages/pip/_internal/network/lazy_wheel.py
2025-12-03 20:38:56.4633877440	9843	./schemas/venv/lib/python3.13/site-packages/pip/_internal/operations/freeze.py
2025-12-03 20:38:56.4673877440	0	./schemas/venv/lib/python3.13/site-packages/pip/_internal/resolution/__init__.py
2025-12-03 20:38:56.4673877440	0	./schemas/venv/lib/python3.13/site-packages/pip/_internal/resolution/legacy/__init__.py
2025-12-03 20:38:56.4673877440	0	./schemas/venv/lib/python3.13/site-packages/pip/_internal/resolution/resolvelib/__init__.py
2025-12-03 20:38:56.4673877440	0	./schemas/venv/lib/python3.13/site-packages/pip/_internal/utils/__init__.py
2025-12-03 20:38:56.4673877440	1015	./schemas/venv/lib/python3.13/site-packages/pip/_internal/utils/_log.py
2025-12-03 20:38:56.4673877440	11190	./schemas/venv/lib/python3.13/site-packages/pip/_internal/resolution/resolvelib/provider.py
2025-12-03 20:38:56.4673877440	12785	./schemas/venv/lib/python3.13/site-packages/pip/_internal/resolution/resolvelib/resolver.py
2025-12-03 20:38:56.4673877440	1705	./schemas/venv/lib/python3.13/site-packages/pip/_internal/utils/appdirs.py
2025-12-03 20:38:56.4673877440	20234	./schemas/venv/lib/python3.13/site-packages/pip/_internal/req/req_file.py
2025-12-03 20:38:56.4673877440	20241	./schemas/venv/lib/python3.13/site-packages/pip/_internal/resolution/resolvelib/candidates.py
2025-12-03 20:38:56.4673877440	2399	./schemas/venv/lib/python3.13/site-packages/pip/_internal/utils/compat.py
2025-12-03 20:38:56.4673877440	24068	./schemas/venv/lib/python3.13/site-packages/pip/_internal/resolution/legacy/resolver.py
2025-12-03 20:38:56.4673877440	24075	./schemas/venv/lib/python3.13/site-packages/pip/_internal/req/req_uninstall.py
2025-12-03 20:38:56.4673877440	241	./schemas/venv/lib/python3.13/site-packages/pip/_internal/utils/datetime.py
2025-12-03 20:38:56.4673877440	2463	./schemas/venv/lib/python3.13/site-packages/pip/_internal/utils/egg_link.py
2025-12-03 20:38:56.4673877440	2677	./schemas/venv/lib/python3.13/site-packages/pip/_internal/req/req_dependency_group.py
2025-12-03 20:38:56.4673877440	2858	./schemas/venv/lib/python3.13/site-packages/pip/_internal/req/req_set.py
2025-12-03 20:38:56.4673877440	3196	./schemas/venv/lib/python3.13/site-packages/pip/_internal/utils/direct_url_helpers.py
2025-12-03 20:38:56.4673877440	3260	./schemas/venv/lib/python3.13/site-packages/pip/_internal/resolution/resolvelib/reporter.py
2025-12-03 20:38:56.4673877440	32668	./schemas/venv/lib/python3.13/site-packages/pip/_internal/resolution/resolvelib/factory.py
2025-12-03 20:38:56.4673877440	3325	./schemas/venv/lib/python3.13/site-packages/pip/_internal/utils/entrypoints.py
2025-12-03 20:38:56.4673877440	3350	./schemas/venv/lib/python3.13/site-packages/pip/_internal/utils/_jaraco_text.py
2025-12-03 20:38:56.4673877440	35788	./schemas/venv/lib/python3.13/site-packages/pip/_internal/req/req_install.py
2025-12-03 20:38:56.4673877440	3707	./schemas/venv/lib/python3.13/site-packages/pip/_internal/utils/deprecation.py
2025-12-03 20:38:56.4673877440	4950	./schemas/venv/lib/python3.13/site-packages/pip/_internal/utils/filesystem.py
2025-12-03 20:38:56.4673877440	5023	./schemas/venv/lib/python3.13/site-packages/pip/_internal/resolution/resolvelib/base.py
2025-12-03 20:38:56.4673877440	583	./schemas/venv/lib/python3.13/site-packages/pip/_internal/resolution/base.py
2025-12-03 20:38:56.4673877440	6000	./schemas/venv/lib/python3.13/site-packages/pip/_internal/resolution/resolvelib/found_candidates.py
2025-12-03 20:38:56.4673877440	6662	./schemas/venv/lib/python3.13/site-packages/pip/_internal/utils/compatibility_tags.py
2025-12-03 20:38:56.4673877440	715	./schemas/venv/lib/python3.13/site-packages/pip/_internal/utils/filetypes.py
2025-12-03 20:38:56.4673877440	8065	./schemas/venv/lib/python3.13/site-packages/pip/_internal/resolution/resolvelib/requirements.py
2025-12-03 20:38:56.4673877440	8318	./schemas/venv/lib/python3.13/site-packages/pip/_internal/self_outdated_check.py
2025-12-03 20:38:56.4713877430	0	./schemas/venv/lib/python3.13/site-packages/pip/_vendor/cachecontrol/py.typed
2025-12-03 20:38:56.4713877430	11212	./schemas/venv/lib/python3.13/site-packages/pip/_internal/wheel_builder.py
2025-12-03 20:38:56.4713877430	11735	./schemas/venv/lib/python3.13/site-packages/pip/_internal/vcs/subversion.py
2025-12-03 20:38:56.4713877430	11926	./schemas/venv/lib/python3.13/site-packages/pip/_internal/utils/unpacking.py
2025-12-03 20:38:56.4713877430	12076	./schemas/venv/lib/python3.13/site-packages/pip/_internal/utils/logging.py
2025-12-03 20:38:56.4713877430	1386	./schemas/venv/lib/python3.13/site-packages/pip/_vendor/cachecontrol/caches/redis_cache.py
2025-12-03 20:38:56.4713877430	1392	./schemas/venv/lib/python3.13/site-packages/pip/_internal/utils/retry.py
2025-12-03 20:38:56.4713877430	1417	./schemas/venv/lib/python3.13/site-packages/pip/_vendor/cachecontrol/wrapper.py
2025-12-03 20:38:56.4713877430	1599	./schemas/venv/lib/python3.13/site-packages/pip/_internal/utils/urls.py
2025-12-03 20:38:56.4713877430	1603	./schemas/venv/lib/python3.13/site-packages/pip/_internal/utils/packaging.py
2025-12-03 20:38:56.4713877430	1737	./schemas/venv/lib/python3.13/site-packages/pip/_vendor/cachecontrol/_cmd.py
2025-12-03 20:38:56.4713877430	18591	./schemas/venv/lib/python3.13/site-packages/pip/_internal/vcs/git.py
2025-12-03 20:38:56.4713877430	19101	./schemas/venv/lib/python3.13/site-packages/pip/_vendor/cachecontrol/controller.py
2025-12-03 20:38:56.4713877430	1953	./schemas/venv/lib/python3.13/site-packages/pip/_vendor/cachecontrol/cache.py
2025-12-03 20:38:56.4713877430	22440	./schemas/venv/lib/python3.13/site-packages/pip/_internal/vcs/versioncontrol.py
2025-12-03 20:38:56.4713877430	23450	./schemas/venv/lib/python3.13/site-packages/pip/_internal/utils/misc.py
2025-12-03 20:38:56.4713877430	303	./schemas/venv/lib/python3.13/site-packages/pip/_vendor/cachecontrol/caches/__init__.py
2025-12-03 20:38:56.4713877430	3456	./schemas/venv/lib/python3.13/site-packages/pip/_internal/utils/virtualenv.py
2025-12-03 20:38:56.4713877430	3528	./schemas/venv/lib/python3.13/site-packages/pip/_internal/vcs/bazaar.py
2025-12-03 20:38:56.4713877430	3734	./schemas/venv/lib/python3.13/site-packages/pip/_internal/utils/glibc.py
2025-12-03 20:38:56.4713877430	4117	./schemas/venv/lib/python3.13/site-packages/pip/_vendor/cachecontrol/caches/file_cache.py
2025-12-03 20:38:56.4713877430	4291	./schemas/venv/lib/python3.13/site-packages/pip/_vendor/cachecontrol/filewrapper.py
2025-12-03 20:38:56.4713877430	4482	./schemas/venv/lib/python3.13/site-packages/pip/_internal/utils/setuptools_build.py
2025-12-03 20:38:56.4713877430	4493	./schemas/venv/lib/python3.13/site-packages/pip/_internal/utils/wheel.py
2025-12-03 20:38:56.4713877430	4881	./schemas/venv/lib/python3.13/site-packages/pip/_vendor/cachecontrol/heuristics.py
2025-12-03 20:38:56.4713877430	4907	./schemas/venv/lib/python3.13/site-packages/pip/_vendor/__init__.py
2025-12-03 20:38:56.4713877430	4972	./schemas/venv/lib/python3.13/site-packages/pip/_internal/utils/hashes.py
2025-12-03 20:38:56.4713877430	5163	./schemas/venv/lib/python3.13/site-packages/pip/_vendor/cachecontrol/serialize.py
2025-12-03 20:38:56.4713877430	5249	./schemas/venv/lib/python3.13/site-packages/pip/_internal/vcs/mercurial.py
2025-12-03 20:38:56.4713877430	596	./schemas/venv/lib/python3.13/site-packages/pip/_internal/vcs/__init__.py
2025-12-03 20:38:56.4713877430	6599	./schemas/venv/lib/python3.13/site-packages/pip/_vendor/cachecontrol/adapter.py
2025-12-03 20:38:56.4713877430	677	./schemas/venv/lib/python3.13/site-packages/pip/_vendor/cachecontrol/__init__.py
2025-12-03 20:38:56.4713877430	8988	./schemas/venv/lib/python3.13/site-packages/pip/_internal/utils/subprocess.py
2025-12-03 20:38:56.4713877430	9310	./schemas/venv/lib/python3.13/site-packages/pip/_internal/utils/temp_dir.py
2025-12-03 20:38:56.4753877430	0	./schemas/venv/lib/python3.13/site-packages/pip/_vendor/certifi/py.typed
2025-12-03 20:38:56.4753877430	0	./schemas/venv/lib/python3.13/site-packages/pip/_vendor/dependency_groups/py.typed
2025-12-03 20:38:56.4753877430	1709	./schemas/venv/lib/python3.13/site-packages/pip/_vendor/dependency_groups/__main__.py
2025-12-03 20:38:56.4753877430	1710	./schemas/venv/lib/python3.13/site-packages/pip/_vendor/dependency_groups/_lint_dependency_groups.py
2025-12-03 20:38:56.4753877430	1865	./schemas/venv/lib/python3.13/site-packages/pip/_vendor/dependency_groups/_pip_wrapper.py
2025-12-03 20:38:56.4753877430	20797	./schemas/venv/lib/python3.13/site-packages/pip/_vendor/distlib/index.py
2025-12-03 20:38:56.4753877430	250	./schemas/venv/lib/python3.13/site-packages/pip/_vendor/dependency_groups/__init__.py
2025-12-03 20:38:56.4753877430	255	./schemas/venv/lib/python3.13/site-packages/pip/_vendor/certifi/__main__.py
2025-12-03 20:38:56.4753877430	285	./schemas/venv/lib/python3.13/site-packages/pip/_vendor/dependency_groups/_toml_compat.py
2025-12-03 20:38:56.4753877430	297255	./schemas/venv/lib/python3.13/site-packages/pip/_vendor/certifi/cacert.pem
2025-12-03 20:38:56.4753877430	41467	./schemas/venv/lib/python3.13/site-packages/pip/_vendor/distlib/compat.py
2025-12-03 20:38:56.4753877430	4738	./schemas/venv/lib/python3.13/site-packages/pip/_vendor/certifi/core.py
2025-12-03 20:38:56.4753877430	51160	./schemas/venv/lib/python3.13/site-packages/pip/_vendor/distlib/database.py
2025-12-03 20:38:56.4753877430	625	./schemas/venv/lib/python3.13/site-packages/pip/_vendor/distlib/__init__.py
2025-12-03 20:38:56.4753877430	8041	./schemas/venv/lib/python3.13/site-packages/pip/_vendor/dependency_groups/_implementation.py
2025-12-03 20:38:56.4753877430	94	./schemas/venv/lib/python3.13/site-packages/pip/_vendor/certifi/__init__.py
2025-12-03 20:38:56.4793877430	0	./schemas/venv/lib/python3.13/site-packages/pip/_vendor/distro/py.typed
2025-12-03 20:38:56.4793877430	0	./schemas/venv/lib/python3.13/site-packages/pip/_vendor/idna/py.typed
2025-12-03 20:38:56.4793877430	10820	./schemas/venv/lib/python3.13/site-packages/pip/_vendor/distlib/resources.py
2025-12-03 20:38:56.4793877430	13239	./schemas/venv/lib/python3.13/site-packages/pip/_vendor/idna/core.py
2025-12-03 20:38:56.4793877430	14168	./schemas/venv/lib/python3.13/site-packages/pip/_vendor/distlib/manifest.py
2025-12-03 20:38:56.4793877430	18608	./schemas/venv/lib/python3.13/site-packages/pip/_vendor/distlib/scripts.py
2025-12-03 20:38:56.4793877430	1898	./schemas/venv/lib/python3.13/site-packages/pip/_vendor/idna/intranges.py
2025-12-03 20:38:56.4793877430	21	./schemas/venv/lib/python3.13/site-packages/pip/_vendor/idna/package_data.py
2025-12-03 20:38:56.4793877430	23727	./schemas/venv/lib/python3.13/site-packages/pip/_vendor/distlib/version.py
2025-12-03 20:38:56.4793877430	316	./schemas/venv/lib/python3.13/site-packages/pip/_vendor/idna/compat.py
2025-12-03 20:38:56.4793877430	3422	./schemas/venv/lib/python3.13/site-packages/pip/_vendor/idna/codec.py
2025-12-03 20:38:56.4793877430	38724	./schemas/venv/lib/python3.13/site-packages/pip/_vendor/distlib/metadata.py
2025-12-03 20:38:56.4793877430	43979	./schemas/venv/lib/python3.13/site-packages/pip/_vendor/distlib/wheel.py
2025-12-03 20:38:56.4793877430	49430	./schemas/venv/lib/python3.13/site-packages/pip/_vendor/distro/distro.py
2025-12-03 20:38:56.4793877430	51026	./schemas/venv/lib/python3.13/site-packages/pip/_vendor/distlib/locators.py
2025-12-03 20:38:56.4793877430	5164	./schemas/venv/lib/python3.13/site-packages/pip/_vendor/distlib/markers.py
2025-12-03 20:38:56.4793877430	64	./schemas/venv/lib/python3.13/site-packages/pip/_vendor/distro/__main__.py
2025-12-03 20:38:56.4793877430	66682	./schemas/venv/lib/python3.13/site-packages/pip/_vendor/distlib/util.py
2025-12-03 20:38:56.4793877430	78306	./schemas/venv/lib/python3.13/site-packages/pip/_vendor/idna/idnadata.py
2025-12-03 20:38:56.4793877430	868	./schemas/venv/lib/python3.13/site-packages/pip/_vendor/idna/__init__.py
2025-12-03 20:38:56.4793877430	981	./schemas/venv/lib/python3.13/site-packages/pip/_vendor/distro/__init__.py
2025-12-03 20:38:56.4833877420	0	./schemas/venv/lib/python3.13/site-packages/pip/_vendor/packaging/py.typed
2025-12-03 20:38:56.4833877420	10221	./schemas/venv/lib/python3.13/site-packages/pip/_vendor/packaging/_parser.py
2025-12-03 20:38:56.4833877420	1081	./schemas/venv/lib/python3.13/site-packages/pip/_vendor/msgpack/exceptions.py
2025-12-03 20:38:56.4833877420	1109	./schemas/venv/lib/python3.13/site-packages/pip/_vendor/msgpack/__init__.py
2025-12-03 20:38:56.4833877420	12049	./schemas/venv/lib/python3.13/site-packages/pip/_vendor/packaging/markers.py
2025-12-03 20:38:56.4833877420	124463	./schemas/venv/lib/python3.13/site-packages/pip/_vendor/pkg_resources/__init__.py
2025-12-03 20:38:56.4833877420	1431	./schemas/venv/lib/python3.13/site-packages/pip/_vendor/packaging/_structures.py
2025-12-03 20:38:56.4833877420	16688	./schemas/venv/lib/python3.13/site-packages/pip/_vendor/packaging/version.py
2025-12-03 20:38:56.4833877420	22745	./schemas/venv/lib/python3.13/site-packages/pip/_vendor/packaging/tags.py
2025-12-03 20:38:56.4833877420	239289	./schemas/venv/lib/python3.13/site-packages/pip/_vendor/idna/uts46data.py
2025-12-03 20:38:56.4833877420	2694	./schemas/venv/lib/python3.13/site-packages/pip/_vendor/packaging/_musllinux.py
2025-12-03 20:38:56.4833877420	2947	./schemas/venv/lib/python3.13/site-packages/pip/_vendor/packaging/requirements.py
2025-12-03 20:38:56.4833877420	32390	./schemas/venv/lib/python3.13/site-packages/pip/_vendor/msgpack/fallback.py
2025-12-03 20:38:56.4833877420	3286	./schemas/venv/lib/python3.13/site-packages/pip/_vendor/packaging/_elffile.py
2025-12-03 20:38:56.4833877420	34739	./schemas/venv/lib/python3.13/site-packages/pip/_vendor/packaging/metadata.py
2025-12-03 20:38:56.4833877420	40079	./schemas/venv/lib/python3.13/site-packages/pip/_vendor/packaging/specifiers.py
2025-12-03 20:38:56.4833877420	48398	./schemas/venv/lib/python3.13/site-packages/pip/_vendor/packaging/licenses/_spdx.py
2025-12-03 20:38:56.4833877420	494	./schemas/venv/lib/python3.13/site-packages/pip/_vendor/packaging/__init__.py
2025-12-03 20:38:56.4833877420	5050	./schemas/venv/lib/python3.13/site-packages/pip/_vendor/packaging/utils.py
2025-12-03 20:38:56.4833877420	5310	./schemas/venv/lib/python3.13/site-packages/pip/_vendor/packaging/_tokenizer.py
2025-12-03 20:38:56.4833877420	5726	./schemas/venv/lib/python3.13/site-packages/pip/_vendor/msgpack/ext.py
2025-12-03 20:38:56.4833877420	5727	./schemas/venv/lib/python3.13/site-packages/pip/_vendor/packaging/licenses/__init__.py
2025-12-03 20:38:56.4833877420	9596	./schemas/venv/lib/python3.13/site-packages/pip/_vendor/packaging/_manylinux.py
2025-12-03 20:38:56.4873877420	0	./schemas/venv/lib/python3.13/site-packages/pip/_vendor/platformdirs/py.typed
2025-12-03 20:38:56.4873877420	1005	./schemas/venv/lib/python3.13/site-packages/pip/_vendor/pygments/modeline.py
2025-12-03 20:38:56.4873877420	10125	./schemas/venv/lib/python3.13/site-packages/pip/_vendor/platformdirs/windows.py
2025-12-03 20:38:56.4873877420	10458	./schemas/venv/lib/python3.13/site-packages/pip/_vendor/platformdirs/unix.py
2025-12-03 20:38:56.4873877420	12115	./schemas/venv/lib/python3.13/site-packages/pip/_vendor/pygments/lexers/__init__.py
2025-12-03 20:38:56.4873877420	1505	./schemas/venv/lib/python3.13/site-packages/pip/_vendor/platformdirs/__main__.py
2025-12-03 20:38:56.4873877420	1718	./schemas/venv/lib/python3.13/site-packages/pip/_vendor/pygments/console.py
2025-12-03 20:38:56.4873877420	1891	./schemas/venv/lib/python3.13/site-packages/pip/_vendor/pygments/plugin.py
2025-12-03 20:38:56.4873877420	1910	./schemas/venv/lib/python3.13/site-packages/pip/_vendor/pygments/filter.py
2025-12-03 20:38:56.4873877420	2042	./schemas/venv/lib/python3.13/site-packages/pip/_vendor/pygments/styles/__init__.py
2025-12-03 20:38:56.4873877420	22344	./schemas/venv/lib/python3.13/site-packages/pip/_vendor/platformdirs/__init__.py
2025-12-03 20:38:56.4873877420	2983	./schemas/venv/lib/python3.13/site-packages/pip/_vendor/pygments/__init__.py
2025-12-03 20:38:56.4873877420	3072	./schemas/venv/lib/python3.13/site-packages/pip/_vendor/pygments/regexopt.py
2025-12-03 20:38:56.4873877420	3092	./schemas/venv/lib/python3.13/site-packages/pip/_vendor/pygments/scanner.py
2025-12-03 20:38:56.4873877420	3312	./schemas/venv/lib/python3.13/site-packages/pip/_vendor/pygments/styles/_mapping.py
2025-12-03 20:38:56.4873877420	35349	./schemas/venv/lib/python3.13/site-packages/pip/_vendor/pygments/lexer.py
2025-12-03 20:38:56.4873877420	353	./schemas/venv/lib/python3.13/site-packages/pip/_vendor/pygments/__main__.py
2025-12-03 20:38:56.4873877420	40392	./schemas/venv/lib/python3.13/site-packages/pip/_vendor/pygments/filters/__init__.py
2025-12-03 20:38:56.4873877420	4176	./schemas/venv/lib/python3.13/site-packages/pip/_vendor/pygments/formatters/_mapping.py
2025-12-03 20:38:56.4873877420	4390	./schemas/venv/lib/python3.13/site-packages/pip/_vendor/pygments/formatter.py
2025-12-03 20:38:56.4873877420	511	./schemas/venv/lib/python3.13/site-packages/pip/_vendor/platformdirs/version.py
2025-12-03 20:38:56.4873877420	53853	./schemas/venv/lib/python3.13/site-packages/pip/_vendor/pygments/lexers/python.py
2025-12-03 20:38:56.4873877420	5385	./schemas/venv/lib/python3.13/site-packages/pip/_vendor/pygments/formatters/__init__.py
2025-12-03 20:38:56.4873877420	6154	./schemas/venv/lib/python3.13/site-packages/pip/_vendor/platformdirs/macos.py
2025-12-03 20:38:56.4873877420	6420	./schemas/venv/lib/python3.13/site-packages/pip/_vendor/pygments/style.py
2025-12-03 20:38:56.4873877420	77602	./schemas/venv/lib/python3.13/site-packages/pip/_vendor/pygments/lexers/_mapping.py
2025-12-03 20:38:56.4873877420	7981	./schemas/venv/lib/python3.13/site-packages/pip/_vendor/pygments/sphinxext.py
2025-12-03 20:38:56.4873877420	9013	./schemas/venv/lib/python3.13/site-packages/pip/_vendor/platformdirs/android.py
2025-12-03 20:38:56.4873877420	9277	./schemas/venv/lib/python3.13/site-packages/pip/_vendor/platformdirs/api.py
2025-12-03 20:38:56.4913877420	0	./schemas/venv/lib/python3.13/site-packages/pip/_vendor/pyproject_hooks/py.typed
2025-12-03 20:38:56.4913877420	10031	./schemas/venv/lib/python3.13/site-packages/pip/_vendor/pygments/util.py
2025-12-03 20:38:56.4913877420	10186	./schemas/venv/lib/python3.13/site-packages/pip/_vendor/requests/auth.py
2025-12-03 20:38:56.4913877420	1057	./schemas/venv/lib/python3.13/site-packages/pip/_vendor/requests/packages.py
2025-12-03 20:38:56.4913877420	12216	./schemas/venv/lib/python3.13/site-packages/pip/_vendor/pyproject_hooks/_in_process/_in_process.py
2025-12-03 20:38:56.4913877420	1485	./schemas/venv/lib/python3.13/site-packages/pip/_vendor/requests/compat.py
2025-12-03 20:38:56.4913877420	14936	./schemas/venv/lib/python3.13/site-packages/pip/_vendor/pyproject_hooks/_impl.py
2025-12-03 20:38:56.4913877420	1495	./schemas/venv/lib/python3.13/site-packages/pip/_vendor/requests/_internal_utils.py
2025-12-03 20:38:56.4913877420	18590	./schemas/venv/lib/python3.13/site-packages/pip/_vendor/requests/cookies.py
2025-12-03 20:38:56.4913877420	27607	./schemas/venv/lib/python3.13/site-packages/pip/_vendor/requests/adapters.py
2025-12-03 20:38:56.4913877420	2912	./schemas/venv/lib/python3.13/site-packages/pip/_vendor/requests/structures.py
2025-12-03 20:38:56.4913877420	30495	./schemas/venv/lib/python3.13/site-packages/pip/_vendor/requests/sessions.py
2025-12-03 20:38:56.4913877420	33631	./schemas/venv/lib/python3.13/site-packages/pip/_vendor/requests/utils.py
2025-12-03 20:38:56.4913877420	35483	./schemas/venv/lib/python3.13/site-packages/pip/_vendor/requests/models.py
2025-12-03 20:38:56.4913877420	3813	./schemas/venv/lib/python3.13/site-packages/pip/_vendor/requests/help.py
2025-12-03 20:38:56.4913877420	4272	./schemas/venv/lib/python3.13/site-packages/pip/_vendor/requests/exceptions.py
2025-12-03 20:38:56.4913877420	4322	./schemas/venv/lib/python3.13/site-packages/pip/_vendor/requests/status_codes.py
2025-12-03 20:38:56.4913877420	435	./schemas/venv/lib/python3.13/site-packages/pip/_vendor/requests/__version__.py
2025-12-03 20:38:56.4913877420	441	./schemas/venv/lib/python3.13/site-packages/pip/_vendor/requests/certs.py
2025-12-03 20:38:56.4913877420	5057	./schemas/venv/lib/python3.13/site-packages/pip/_vendor/requests/__init__.py
2025-12-03 20:38:56.4913877420	541	./schemas/venv/lib/python3.13/site-packages/pip/_vendor/resolvelib/__init__.py
2025-12-03 20:38:56.4913877420	557	./schemas/venv/lib/python3.13/site-packages/pip/_vendor/pyproject_hooks/_in_process/__init__.py
2025-12-03 20:38:56.4913877420	6226	./schemas/venv/lib/python3.13/site-packages/pip/_vendor/pygments/token.py
2025-12-03 20:38:56.4913877420	63208	./schemas/venv/lib/python3.13/site-packages/pip/_vendor/pygments/unistring.py
2025-12-03 20:38:56.4913877420	6449	./schemas/venv/lib/python3.13/site-packages/pip/_vendor/requests/api.py
2025-12-03 20:38:56.4913877420	691	./schemas/venv/lib/python3.13/site-packages/pip/_vendor/pyproject_hooks/__init__.py
2025-12-03 20:38:56.4913877420	733	./schemas/venv/lib/python3.13/site-packages/pip/_vendor/requests/hooks.py
2025-12-03 20:38:56.4953877410	0	./schemas/venv/lib/python3.13/site-packages/pip/_vendor/resolvelib/py.typed
2025-12-03 20:38:56.4953877410	10209	./schemas/venv/lib/python3.13/site-packages/pip/_vendor/rich/_cell_widths.py
2025-12-03 20:38:56.4953877410	1064	./schemas/venv/lib/python3.13/site-packages/pip/_vendor/rich/_emoji_replace.py
2025-12-03 20:38:56.4953877410	1236	./schemas/venv/lib/python3.13/site-packages/pip/_vendor/rich/_loop.py
2025-12-03 20:38:56.4953877410	1394	./schemas/venv/lib/python3.13/site-packages/pip/_vendor/rich/_null_file.py
2025-12-03 20:38:56.4953877410	140235	./schemas/venv/lib/python3.13/site-packages/pip/_vendor/rich/_emoji_codes.py
2025-12-03 20:38:56.4953877410	1558	./schemas/venv/lib/python3.13/site-packages/pip/_vendor/resolvelib/resolvers/abstract.py
2025-12-03 20:38:56.4953877410	1768	./schemas/venv/lib/python3.13/site-packages/pip/_vendor/resolvelib/resolvers/criterion.py
2025-12-03 20:38:56.4953877410	1768	./schemas/venv/lib/python3.13/site-packages/pip/_vendor/resolvelib/resolvers/exceptions.py
2025-12-03 20:38:56.4953877410	1925	./schemas/venv/lib/python3.13/site-packages/pip/_vendor/rich/_windows.py
2025-12-03 20:38:56.4953877410	19919	./schemas/venv/lib/python3.13/site-packages/pip/_vendor/rich/_spinners.py
2025-12-03 20:38:56.4953877410	2038	./schemas/venv/lib/python3.13/site-packages/pip/_vendor/resolvelib/reporters.py
2025-12-03 20:38:56.4953877410	20671	./schemas/venv/lib/python3.13/site-packages/pip/_vendor/resolvelib/resolvers/resolution.py
2025-12-03 20:38:56.4953877410	2128	./schemas/venv/lib/python3.13/site-packages/pip/_vendor/rich/_export_format.py
2025-12-03 20:38:56.4953877410	22755	./schemas/venv/lib/python3.13/site-packages/pip/_vendor/rich/_win32_console.py
2025-12-03 20:38:56.4953877410	265	./schemas/venv/lib/python3.13/site-packages/pip/_vendor/rich/_extension.py
2025-12-03 20:38:56.4953877410	2783	./schemas/venv/lib/python3.13/site-packages/pip/_vendor/rich/_windows_renderer.py
2025-12-03 20:38:56.4953877410	3225	./schemas/venv/lib/python3.13/site-packages/pip/_vendor/rich/_log_render.py
2025-12-03 20:38:56.4953877410	3404	./schemas/venv/lib/python3.13/site-packages/pip/_vendor/rich/_wrap.py
2025-12-03 20:38:56.4953877410	351	./schemas/venv/lib/python3.13/site-packages/pip/_vendor/rich/_stack.py
2025-12-03 20:38:56.4953877410	417	./schemas/venv/lib/python3.13/site-packages/pip/_vendor/rich/_timer.py
2025-12-03 20:38:56.4953877410	423	./schemas/venv/lib/python3.13/site-packages/pip/_vendor/rich/_pick.py
2025-12-03 20:38:56.4953877410	5471	./schemas/venv/lib/python3.13/site-packages/pip/_vendor/rich/_ratio.py
2025-12-03 20:38:56.4953877410	6090	./schemas/venv/lib/python3.13/site-packages/pip/_vendor/rich/__init__.py
2025-12-03 20:38:56.4953877410	640	./schemas/venv/lib/python3.13/site-packages/pip/_vendor/resolvelib/resolvers/__init__.py
2025-12-03 20:38:56.4953877410	6420	./schemas/venv/lib/python3.13/site-packages/pip/_vendor/resolvelib/structs.py
2025-12-03 20:38:56.4953877410	7063	./schemas/venv/lib/python3.13/site-packages/pip/_vendor/rich/_palettes.py
2025-12-03 20:38:56.4953877410	799	./schemas/venv/lib/python3.13/site-packages/pip/_vendor/rich/_fileno.py
2025-12-03 20:38:56.4953877410	8477	./schemas/venv/lib/python3.13/site-packages/pip/_vendor/rich/__main__.py
2025-12-03 20:38:56.4953877410	890	./schemas/venv/lib/python3.13/site-packages/pip/_vendor/rich/abc.py
2025-12-03 20:38:56.4953877410	8914	./schemas/venv/lib/python3.13/site-packages/pip/_vendor/resolvelib/providers.py
2025-12-03 20:38:56.4953877410	9655	./schemas/venv/lib/python3.13/site-packages/pip/_vendor/rich/_inspect.py
2025-12-03 20:38:56.4993877410	100565	./schemas/venv/lib/python3.13/site-packages/pip/_vendor/rich/console.py
2025-12-03 20:38:56.4993877410	10469	./schemas/venv/lib/python3.13/site-packages/pip/_vendor/rich/align.py
2025-12-03 20:38:56.4993877410	1054	./schemas/venv/lib/python3.13/site-packages/pip/_vendor/rich/color_triplet.py
2025-12-03 20:38:56.4993877410	10831	./schemas/venv/lib/python3.13/site-packages/pip/_vendor/rich/box.py
2025-12-03 20:38:56.4993877410	11225	./schemas/venv/lib/python3.13/site-packages/pip/_vendor/rich/panel.py
2025-12-03 20:38:56.4993877410	12458	./schemas/venv/lib/python3.13/site-packages/pip/_vendor/rich/logging.py
2025-12-03 20:38:56.4993877410	1288	./schemas/venv/lib/python3.13/site-packages/pip/_vendor/rich/constrain.py
2025-12-03 20:38:56.4993877410	14004	./schemas/venv/lib/python3.13/site-packages/pip/_vendor/rich/layout.py
2025-12-03 20:38:56.4993877410	14270	./schemas/venv/lib/python3.13/site-packages/pip/_vendor/rich/live.py
2025-12-03 20:38:56.4993877410	1683	./schemas/venv/lib/python3.13/site-packages/pip/_vendor/rich/file_proxy.py
2025-12-03 20:38:56.4993877410	18211	./schemas/venv/lib/python3.13/site-packages/pip/_vendor/rich/color.py
2025-12-03 20:38:56.4993877410	2484	./schemas/venv/lib/python3.13/site-packages/pip/_vendor/rich/filesize.py
2025-12-03 20:38:56.4993877410	2501	./schemas/venv/lib/python3.13/site-packages/pip/_vendor/rich/emoji.py
2025-12-03 20:38:56.4993877410	3252	./schemas/venv/lib/python3.13/site-packages/pip/_vendor/rich/jupyter.py
2025-12-03 20:38:56.4993877410	3263	./schemas/venv/lib/python3.13/site-packages/pip/_vendor/rich/bar.py
2025-12-03 20:38:56.4993877410	3396	./schemas/venv/lib/python3.13/site-packages/pip/_vendor/rich/palette.py
2025-12-03 20:38:56.4993877410	3666	./schemas/venv/lib/python3.13/site-packages/pip/_vendor/rich/live_render.py
2025-12-03 20:38:56.4993877410	4908	./schemas/venv/lib/python3.13/site-packages/pip/_vendor/rich/padding.py
2025-12-03 20:38:56.4993877410	5031	./schemas/venv/lib/python3.13/site-packages/pip/_vendor/rich/json.py
2025-12-03 20:38:56.4993877410	5130	./schemas/venv/lib/python3.13/site-packages/pip/_vendor/rich/cells.py
2025-12-03 20:38:56.4993877410	5305	./schemas/venv/lib/python3.13/site-packages/pip/_vendor/rich/measure.py
2025-12-03 20:38:56.4993877410	5502	./schemas/venv/lib/python3.13/site-packages/pip/_vendor/rich/containers.py
2025-12-03 20:38:56.4993877410	642	./schemas/venv/lib/python3.13/site-packages/pip/_vendor/rich/errors.py
2025-12-03 20:38:56.4993877410	6630	./schemas/venv/lib/python3.13/site-packages/pip/_vendor/rich/control.py
2025-12-03 20:38:56.4993877410	6921	./schemas/venv/lib/python3.13/site-packages/pip/_vendor/rich/ansi.py
2025-12-03 20:38:56.4993877410	7131	./schemas/venv/lib/python3.13/site-packages/pip/_vendor/rich/columns.py
2025-12-03 20:38:56.4993877410	8257	./schemas/venv/lib/python3.13/site-packages/pip/_vendor/rich/default_styles.py
2025-12-03 20:38:56.4993877410	828	./schemas/venv/lib/python3.13/site-packages/pip/_vendor/rich/pager.py
2025-12-03 20:38:56.4993877410	8451	./schemas/venv/lib/python3.13/site-packages/pip/_vendor/rich/markup.py
2025-12-03 20:38:56.4993877410	9586	./schemas/venv/lib/python3.13/site-packages/pip/_vendor/rich/highlighter.py
2025-12-03 20:38:56.4993877410	998	./schemas/venv/lib/python3.13/site-packages/pip/_vendor/rich/diagnose.py
2025-12-03 20:38:56.5033877410	0	./schemas/venv/lib/python3.13/site-packages/pip/_vendor/rich/py.typed
2025-12-03 20:38:56.5033877410	102	./schemas/venv/lib/python3.13/site-packages/pip/_vendor/rich/themes.py
2025-12-03 20:38:56.5033877410	12447	./schemas/venv/lib/python3.13/site-packages/pip/_vendor/rich/prompt.py
2025-12-03 20:38:56.5033877410	1258	./schemas/venv/lib/python3.13/site-packages/pip/_vendor/rich/styled.py
2025-12-03 20:38:56.5033877410	1391	./schemas/venv/lib/python3.13/site-packages/pip/_vendor/rich/protocol.py
2025-12-03 20:38:56.5033877410	1591	./schemas/venv/lib/python3.13/site-packages/pip/_vendor/rich/screen.py
2025-12-03 20:38:56.5033877410	166	./schemas/venv/lib/python3.13/site-packages/pip/_vendor/rich/region.py
2025-12-03 20:38:56.5033877410	24743	./schemas/venv/lib/python3.13/site-packages/pip/_vendor/rich/segment.py
2025-12-03 20:38:56.5033877410	254	./schemas/venv/lib/python3.13/site-packages/pip/_vendor/tomli/_types.py
2025-12-03 20:38:56.5033877410	25591	./schemas/venv/lib/python3.13/site-packages/pip/_vendor/tomli/_parser.py
2025-12-03 20:38:56.5033877410	27059	./schemas/venv/lib/python3.13/site-packages/pip/_vendor/rich/style.py
2025-12-03 20:38:56.5033877410	2843	./schemas/venv/lib/python3.13/site-packages/pip/_vendor/rich/scope.py
2025-12-03 20:38:56.5033877410	314	./schemas/venv/lib/python3.13/site-packages/pip/_vendor/tomli/__init__.py
2025-12-03 20:38:56.5033877410	3171	./schemas/venv/lib/python3.13/site-packages/pip/_vendor/tomli/_re.py
2025-12-03 20:38:56.5033877410	3370	./schemas/venv/lib/python3.13/site-packages/pip/_vendor/rich/terminal_theme.py
2025-12-03 20:38:56.5033877410	35170	./schemas/venv/lib/python3.13/site-packages/pip/_vendor/rich/traceback.py
2025-12-03 20:38:56.5033877410	35763	./schemas/venv/lib/python3.13/site-packages/pip/_vendor/rich/syntax.py
2025-12-03 20:38:56.5033877410	36391	./schemas/venv/lib/python3.13/site-packages/pip/_vendor/rich/pretty.py
2025-12-03 20:38:56.5033877410	3771	./schemas/venv/lib/python3.13/site-packages/pip/_vendor/rich/theme.py
2025-12-03 20:38:56.5033877410	40049	./schemas/venv/lib/python3.13/site-packages/pip/_vendor/rich/table.py
2025-12-03 20:38:56.5033877410	4364	./schemas/venv/lib/python3.13/site-packages/pip/_vendor/rich/spinner.py
2025-12-03 20:38:56.5033877410	4424	./schemas/venv/lib/python3.13/site-packages/pip/_vendor/rich/status.py
2025-12-03 20:38:56.5033877410	4431	./schemas/venv/lib/python3.13/site-packages/pip/_vendor/rich/repr.py
2025-12-03 20:38:56.5033877410	4602	./schemas/venv/lib/python3.13/site-packages/pip/_vendor/rich/rule.py
2025-12-03 20:38:56.5033877410	47552	./schemas/venv/lib/python3.13/site-packages/pip/_vendor/rich/text.py
2025-12-03 20:38:56.5033877410	60357	./schemas/venv/lib/python3.13/site-packages/pip/_vendor/rich/progress.py
2025-12-03 20:38:56.5033877410	8162	./schemas/venv/lib/python3.13/site-packages/pip/_vendor/rich/progress_bar.py
2025-12-03 20:38:56.5033877410	9451	./schemas/venv/lib/python3.13/site-packages/pip/_vendor/rich/tree.py
2025-12-03 20:38:56.5073877400	0	./schemas/venv/lib/python3.13/site-packages/pip/_vendor/truststore/py.typed
2025-12-03 20:38:56.5073877400	0	./schemas/venv/lib/python3.13/site-packages/pip/_vendor/urllib3/contrib/__init__.py
2025-12-03 20:38:56.5073877400	0	./schemas/venv/lib/python3.13/site-packages/pip/_vendor/urllib3/contrib/_securetransport/__init__.py
2025-12-03 20:38:56.5073877400	11036	./schemas/venv/lib/python3.13/site-packages/pip/_vendor/urllib3/contrib/appengine.py
2025-12-03 20:38:56.5073877400	11246	./schemas/venv/lib/python3.13/site-packages/pip/_vendor/truststore/_api.py
2025-12-03 20:38:56.5073877400	1130	./schemas/venv/lib/python3.13/site-packages/pip/_vendor/truststore/_ssl_constants.py
2025-12-03 20:38:56.5073877400	11372	./schemas/venv/lib/python3.13/site-packages/pip/_vendor/urllib3/_collections.py
2025-12-03 20:38:56.5073877400	1320	./schemas/venv/lib/python3.13/site-packages/pip/_vendor/truststore/__init__.py
2025-12-03 20:38:56.5073877400	13922	./schemas/venv/lib/python3.13/site-packages/pip/_vendor/urllib3/contrib/_securetransport/low_level.py
2025-12-03 20:38:56.5073877400	169	./schemas/venv/lib/python3.13/site-packages/pip/_vendor/tomli_w/__init__.py
2025-12-03 20:38:56.5073877400	172702	./schemas/venv/lib/python3.13/site-packages/pip/_vendor/typing_extensions.py
2025-12-03 20:38:56.5073877400	17632	./schemas/venv/lib/python3.13/site-packages/pip/_vendor/urllib3/contrib/_securetransport/bindings.py
2025-12-03 20:38:56.5073877400	17993	./schemas/venv/lib/python3.13/site-packages/pip/_vendor/truststore/_windows.py
2025-12-03 20:38:56.5073877400	20314	./schemas/venv/lib/python3.13/site-packages/pip/_vendor/urllib3/connection.py
2025-12-03 20:38:56.5073877400	20503	./schemas/venv/lib/python3.13/site-packages/pip/_vendor/truststore/_macos.py
2025-12-03 20:38:56.5073877400	2324	./schemas/venv/lib/python3.13/site-packages/pip/_vendor/truststore/_openssl.py
2025-12-03 20:38:56.5073877400	26	./schemas/venv/lib/python3.13/site-packages/pip/_vendor/tomli/py.typed
2025-12-03 20:38:56.5073877400	26	./schemas/venv/lib/python3.13/site-packages/pip/_vendor/tomli_w/py.typed
2025-12-03 20:38:56.5073877400	3333	./schemas/venv/lib/python3.13/site-packages/pip/_vendor/urllib3/__init__.py
2025-12-03 20:38:56.5073877400	40408	./schemas/venv/lib/python3.13/site-packages/pip/_vendor/urllib3/connectionpool.py
2025-12-03 20:38:56.5073877400	4528	./schemas/venv/lib/python3.13/site-packages/pip/_vendor/urllib3/contrib/ntlmpool.py
2025-12-03 20:38:56.5073877400	64	./schemas/venv/lib/python3.13/site-packages/pip/_vendor/urllib3/_version.py
2025-12-03 20:38:56.5073877400	6961	./schemas/venv/lib/python3.13/site-packages/pip/_vendor/tomli_w/_writer.py
2025-12-03 20:38:56.5073877400	957	./schemas/venv/lib/python3.13/site-packages/pip/_vendor/urllib3/contrib/_appengine_environ.py
2025-12-03 20:38:56.5113877400	0	./schemas/venv/lib/python3.13/site-packages/pip/_vendor/urllib3/packages/backports/__init__.py
2025-12-03 20:38:56.5113877400	0	./schemas/venv/lib/python3.13/site-packages/pip/_vendor/urllib3/packages/__init__.py
2025-12-03 20:38:56.5113877400	10168	./schemas/venv/lib/python3.13/site-packages/pip/_vendor/urllib3/util/timeout.py
2025-12-03 20:38:56.5113877400	1155	./schemas/venv/lib/python3.13/site-packages/pip/_vendor/urllib3/util/__init__.py
2025-12-03 20:38:56.5113877400	1417	./schemas/venv/lib/python3.13/site-packages/pip/_vendor/urllib3/packages/backports/makefile.py
2025-12-03 20:38:56.5113877400	14296	./schemas/venv/lib/python3.13/site-packages/pip/_vendor/urllib3/util/url.py
2025-12-03 20:38:56.5113877400	1605	./schemas/venv/lib/python3.13/site-packages/pip/_vendor/urllib3/util/proxy.py
2025-12-03 20:38:56.5113877400	17081	./schemas/venv/lib/python3.13/site-packages/pip/_vendor/urllib3/contrib/pyopenssl.py
2025-12-03 20:38:56.5113877400	17460	./schemas/venv/lib/python3.13/site-packages/pip/_vendor/urllib3/util/ssl_.py
2025-12-03 20:38:56.5113877400	19990	./schemas/venv/lib/python3.13/site-packages/pip/_vendor/urllib3/poolmanager.py
2025-12-03 20:38:56.5113877400	22050	./schemas/venv/lib/python3.13/site-packages/pip/_vendor/urllib3/util/retry.py
2025-12-03 20:38:56.5113877400	2440	./schemas/venv/lib/python3.13/site-packages/pip/_vendor/urllib3/filepost.py
2025-12-03 20:38:56.5113877400	286	./schemas/venv/lib/python3.13/site-packages/pip/py.typed
2025-12-03 20:38:56.5113877400	30641	./schemas/venv/lib/python3.13/site-packages/pip/_vendor/urllib3/response.py
2025-12-03 20:38:56.5113877400	34446	./schemas/venv/lib/python3.13/site-packages/pip/_vendor/urllib3/contrib/securetransport.py
2025-12-03 20:38:56.5113877400	34665	./schemas/venv/lib/python3.13/site-packages/pip/_vendor/urllib3/packages/six.py
2025-12-03 20:38:56.5113877400	3510	./schemas/venv/lib/python3.13/site-packages/pip/_vendor/urllib3/util/response.py
2025-12-03 20:38:56.5113877400	373	./schemas/venv/lib/python3.13/site-packages/pip/_vendor/vendor.txt
2025-12-03 20:38:56.5113877400	3997	./schemas/venv/lib/python3.13/site-packages/pip/_vendor/urllib3/util/request.py
2025-12-03 20:38:56.5113877400	4901	./schemas/venv/lib/python3.13/site-packages/pip/_vendor/urllib3/util/connection.py
2025-12-03 20:38:56.5113877400	498	./schemas/venv/lib/python3.13/site-packages/pip/_vendor/urllib3/util/queue.py
2025-12-03 20:38:56.5113877400	5343	./schemas/venv/lib/python3.13/site-packages/pip/_vendor/urllib3/packages/backports/weakref_finalize.py
2025-12-03 20:38:56.5113877400	5403	./schemas/venv/lib/python3.13/site-packages/pip/_vendor/urllib3/util/wait.py
2025-12-03 20:38:56.5113877400	5758	./schemas/venv/lib/python3.13/site-packages/pip/_vendor/urllib3/util/ssl_match_hostname.py
2025-12-03 20:38:56.5113877400	6691	./schemas/venv/lib/python3.13/site-packages/pip/_vendor/urllib3/request.py
2025-12-03 20:38:56.5113877400	6895	./schemas/venv/lib/python3.13/site-packages/pip/_vendor/urllib3/util/ssltransport.py
2025-12-03 20:38:56.5113877400	7097	./schemas/venv/lib/python3.13/site-packages/pip/_vendor/urllib3/contrib/socks.py
2025-12-03 20:38:56.5113877400	8217	./schemas/venv/lib/python3.13/site-packages/pip/_vendor/urllib3/exceptions.py
2025-12-03 20:38:56.5113877400	8579	./schemas/venv/lib/python3.13/site-packages/pip/_vendor/urllib3/fields.py
2025-12-03 20:38:57.5633876460	255	./schemas/venv/bin/pip
2025-12-03 20:38:57.5633876460	255	./schemas/venv/bin/pip3
2025-12-03 20:38:57.5633876460	255	./schemas/venv/bin/pip3.13
2025-12-03 20:38:57.5673876460	4	./schemas/venv/lib/python3.13/site-packages/pip-25.1.1.dist-info/INSTALLER
2025-12-03 20:38:57.5713876450	0	./schemas/venv/lib/python3.13/site-packages/pip-25.1.1.dist-info/REQUESTED
2025-12-03 20:38:57.5753876450	65421	./schemas/venv/lib/python3.13/site-packages/pip-25.1.1.dist-info/RECORD
2025-12-03 20:38:57.8193876230	2186	./schemas/venv/bin/activate
2025-12-03 20:38:57.8193876230	2198	./schemas/venv/bin/activate.fish
2025-12-03 20:38:57.8193876230	927	./schemas/venv/bin/activate.csh
2025-12-03 20:39:15.2473859290	13936	./schemas/venv/lib/python3.13/site-packages/typing_extensions-4.15.0.dist-info/licenses/LICENSE
2025-12-03 20:39:15.2473859290	160429	./schemas/venv/lib/python3.13/site-packages/typing_extensions.py
2025-12-03 20:39:15.2473859290	3259	./schemas/venv/lib/python3.13/site-packages/typing_extensions-4.15.0.dist-info/METADATA
2025-12-03 20:39:15.2473859290	82	./schemas/venv/lib/python3.13/site-packages/typing_extensions-4.15.0.dist-info/WHEEL
2025-12-03 20:39:15.3033859230	4	./schemas/venv/lib/python3.13/site-packages/typing_extensions-4.15.0.dist-info/INSTALLER
2025-12-03 20:39:15.3073859230	580	./schemas/venv/lib/python3.13/site-packages/typing_extensions-4.15.0.dist-info/RECORD
2025-12-03 20:39:15.3153859220	0	./schemas/venv/lib/python3.13/site-packages/annotated_types/py.typed
2025-12-03 20:39:15.3153859220	1083	./schemas/venv/lib/python3.13/site-packages/annotated_types-0.7.0.dist-info/licenses/LICENSE
2025-12-03 20:39:15.3153859220	13819	./schemas/venv/lib/python3.13/site-packages/annotated_types/__init__.py
2025-12-03 20:39:15.3153859220	15046	./schemas/venv/lib/python3.13/site-packages/annotated_types-0.7.0.dist-info/METADATA
2025-12-03 20:39:15.3153859220	6421	./schemas/venv/lib/python3.13/site-packages/annotated_types/test_cases.py
2025-12-03 20:39:15.3153859220	87	./schemas/venv/lib/python3.13/site-packages/annotated_types-0.7.0.dist-info/WHEEL
2025-12-03 20:39:15.3233859210	4	./schemas/venv/lib/python3.13/site-packages/annotated_types-0.7.0.dist-info/INSTALLER
2025-12-03 20:39:15.3273859210	802	./schemas/venv/lib/python3.13/site-packages/annotated_types-0.7.0.dist-info/RECORD
2025-12-03 20:39:15.3353859200	0	./schemas/venv/lib/python3.13/site-packages/typing_inspection/__init__.py
2025-12-03 20:39:15.3353859200	0	./schemas/venv/lib/python3.13/site-packages/typing_inspection/py.typed
2025-12-03 20:39:15.3353859200	1090	./schemas/venv/lib/python3.13/site-packages/typing_inspection-0.4.2.dist-info/licenses/LICENSE
2025-12-03 20:39:15.3353859200	17166	./schemas/venv/lib/python3.13/site-packages/typing_inspection/typing_objects.py
2025-12-03 20:39:15.3353859200	22534	./schemas/venv/lib/python3.13/site-packages/typing_inspection/introspection.py
2025-12-03 20:39:15.3353859200	2552	./schemas/venv/lib/python3.13/site-packages/typing_inspection-0.4.2.dist-info/METADATA
2025-12-03 20:39:15.3353859200	87	./schemas/venv/lib/python3.13/site-packages/typing_inspection-0.4.2.dist-info/WHEEL
2025-12-03 20:39:15.3353859200	9401	./schemas/venv/lib/python3.13/site-packages/typing_inspection/typing_objects.pyi
2025-12-03 20:39:15.3433859190	4	./schemas/venv/lib/python3.13/site-packages/typing_inspection-0.4.2.dist-info/INSTALLER
2025-12-03 20:39:15.3473859190	1076	./schemas/venv/lib/python3.13/site-packages/typing_inspection-0.4.2.dist-info/RECORD
2025-12-03 20:39:15.3553859180	0	./schemas/venv/lib/python3.13/site-packages/pydantic_core/py.typed
2025-12-03 20:39:15.3553859180	1080	./schemas/venv/lib/python3.13/site-packages/pydantic_core-2.41.5.dist-info/licenses/LICENSE
2025-12-03 20:39:15.3553859180	131	./schemas/venv/lib/python3.13/site-packages/pydantic_core-2.41.5.dist-info/WHEEL
2025-12-03 20:39:15.3553859180	154730	./schemas/venv/lib/python3.13/site-packages/pydantic_core/core_schema.py
2025-12-03 20:39:15.3553859180	44927	./schemas/venv/lib/python3.13/site-packages/pydantic_core/_pydantic_core.pyi
2025-12-03 20:39:15.3553859180	5115	./schemas/venv/lib/python3.13/site-packages/pydantic_core/__init__.py
2025-12-03 20:39:15.3553859180	7277	./schemas/venv/lib/python3.13/site-packages/pydantic_core-2.41.5.dist-info/METADATA
2025-12-03 20:39:15.3873859140	4348688	./schemas/venv/lib/python3.13/site-packages/pydantic_core/_pydantic_core.cpython-313-aarch64-linux-gnu.so
2025-12-03 20:39:15.4073859120	4	./schemas/venv/lib/python3.13/site-packages/pydantic_core-2.41.5.dist-info/INSTALLER
2025-12-03 20:39:15.4113859120	1003	./schemas/venv/lib/python3.13/site-packages/pydantic_core-2.41.5.dist-info/RECORD
2025-12-03 20:39:15.4193859110	12160	./schemas/venv/lib/python3.13/site-packages/pydantic/_migration.py
2025-12-03 20:39:15.4193859110	145	./schemas/venv/lib/python3.13/site-packages/pydantic/decorator.py
2025-12-03 20:39:15.4193859110	148	./schemas/venv/lib/python3.13/site-packages/pydantic/class_validators.py
2025-12-03 20:39:15.4193859110	148	./schemas/venv/lib/python3.13/site-packages/pydantic/env_settings.py
2025-12-03 20:39:15.4193859110	150	./schemas/venv/lib/python3.13/site-packages/pydantic/datetime_parse.py
2025-12-03 20:39:15.4193859110	150	./schemas/venv/lib/python3.13/site-packages/pydantic/error_wrappers.py
2025-12-03 20:39:15.4193859110	15812	./schemas/venv/lib/python3.13/site-packages/pydantic/__init__.py
2025-12-03 20:39:15.4193859110	17151	./schemas/venv/lib/python3.13/site-packages/pydantic/functional_serializers.py
2025-12-03 20:39:15.4193859110	18936	./schemas/venv/lib/python3.13/site-packages/pydantic/dataclasses.py
2025-12-03 20:39:15.4193859110	2124	./schemas/venv/lib/python3.13/site-packages/pydantic/alias_generators.py
2025-12-03 20:39:15.4193859110	21481	./schemas/venv/lib/python3.13/site-packages/pydantic/color.py
2025-12-03 20:39:15.4193859110	31839	./schemas/venv/lib/python3.13/site-packages/pydantic/functional_validators.py
2025-12-03 20:39:15.4193859110	4407	./schemas/venv/lib/python3.13/site-packages/pydantic/annotated_handlers.py
2025-12-03 20:39:15.4193859110	44267	./schemas/venv/lib/python3.13/site-packages/pydantic/config.py
2025-12-03 20:39:15.4193859110	4937	./schemas/venv/lib/python3.13/site-packages/pydantic/aliases.py
2025-12-03 20:39:15.4193859110	6002	./schemas/venv/lib/python3.13/site-packages/pydantic/errors.py
2025-12-03 20:39:15.4193859110	79194	./schemas/venv/lib/python3.13/site-packages/pydantic/fields.py
2025-12-03 20:39:15.4233859110	0	./schemas/venv/lib/python3.13/site-packages/pydantic/_internal/__init__.py
2025-12-03 20:39:15.4233859110	0	./schemas/venv/lib/python3.13/site-packages/pydantic/py.typed
2025-12-03 20:39:15.4233859110	105431	./schemas/venv/lib/python3.13/site-packages/pydantic/types.py
2025-12-03 20:39:15.4233859110	123653	./schemas/venv/lib/python3.13/site-packages/pydantic/json_schema.py
2025-12-03 20:39:15.4233859110	138	./schemas/venv/lib/python3.13/site-packages/pydantic/typing.py
2025-12-03 20:39:15.4233859110	140	./schemas/venv/lib/python3.13/site-packages/pydantic/json.py
2025-12-03 20:39:15.4233859110	141	./schemas/venv/lib/python3.13/site-packages/pydantic/parse.py
2025-12-03 20:39:15.4233859110	141	./schemas/venv/lib/python3.13/site-packages/pydantic/tools.py
2025-12-03 20:39:15.4233859110	141	./schemas/venv/lib/python3.13/site-packages/pydantic/utils.py
2025-12-03 20:39:15.4233859110	142	./schemas/venv/lib/python3.13/site-packages/pydantic/schema.py
2025-12-03 20:39:15.4233859110	144	./schemas/venv/lib/python3.13/site-packages/pydantic/generics.py
2025-12-03 20:39:15.4233859110	14674	./schemas/venv/lib/python3.13/site-packages/pydantic/_internal/_config.py
2025-12-03 20:39:15.4233859110	146	./schemas/venv/lib/python3.13/site-packages/pydantic/validators.py
2025-12-03 20:39:15.4233859110	35653	./schemas/venv/lib/python3.13/site-packages/pydantic/type_adapter.py
2025-12-03 20:39:15.4233859110	3985	./schemas/venv/lib/python3.13/site-packages/pydantic/version.py
2025-12-03 20:39:15.4233859110	42099	./schemas/venv/lib/python3.13/site-packages/pydantic/networks.py
2025-12-03 20:39:15.4233859110	4389	./schemas/venv/lib/python3.13/site-packages/pydantic/validate_call_decorator.py
2025-12-03 20:39:15.4233859110	4802	./schemas/venv/lib/python3.13/site-packages/pydantic/warnings.py
2025-12-03 20:39:15.4233859110	5162	./schemas/venv/lib/python3.13/site-packages/pydantic/_internal/_core_metadata.py
2025-12-03 20:39:15.4233859110	58986	./schemas/venv/lib/python3.13/site-packages/pydantic/mypy.py
2025-12-03 20:39:15.4233859110	6311	./schemas/venv/lib/python3.13/site-packages/pydantic/root_model.py
2025-12-03 20:39:15.4233859110	6487	./schemas/venv/lib/python3.13/site-packages/pydantic/_internal/_core_utils.py
2025-12-03 20:39:15.4233859110	84205	./schemas/venv/lib/python3.13/site-packages/pydantic/main.py
2025-12-03 20:39:15.4273859100	12878	./schemas/venv/lib/python3.13/site-packages/pydantic/_internal/_namespace_utils.py
2025-12-03 20:39:15.4273859100	13158	./schemas/venv/lib/python3.13/site-packages/pydantic/_internal/_dataclasses.py
2025-12-03 20:39:15.4273859100	132665	./schemas/venv/lib/python3.13/site-packages/pydantic/_internal/_generate_schema.py
2025-12-03 20:39:15.4273859100	144	./schemas/venv/lib/python3.13/site-packages/pydantic/_internal/_internal_dataclass.py
2025-12-03 20:39:15.4273859100	1491	./schemas/venv/lib/python3.13/site-packages/pydantic/_internal/_serializers.py
2025-12-03 20:39:15.4273859100	15912	./schemas/venv/lib/python3.13/site-packages/pydantic/_internal/_utils.py
2025-12-03 20:39:15.4273859100	16765	./schemas/venv/lib/python3.13/site-packages/pydantic/_internal/_known_annotated_metadata.py
2025-12-03 20:39:15.4273859100	23822	./schemas/venv/lib/python3.13/site-packages/pydantic/_internal/_generics.py
2025-12-03 20:39:15.4273859100	25478	./schemas/venv/lib/python3.13/site-packages/pydantic/_internal/_discriminated_union.py
2025-12-03 20:39:15.4273859100	28093	./schemas/venv/lib/python3.13/site-packages/pydantic/_internal/_fields.py
2025-12-03 20:39:15.4273859100	30309	./schemas/venv/lib/python3.13/site-packages/pydantic/_internal/_typing_extra.py
2025-12-03 20:39:15.4273859100	33529	./schemas/venv/lib/python3.13/site-packages/pydantic/_internal/_decorators.py
2025-12-03 20:39:15.4273859100	37783	./schemas/venv/lib/python3.13/site-packages/pydantic/_internal/_model_construction.py
2025-12-03 20:39:15.4273859100	402	./schemas/venv/lib/python3.13/site-packages/pydantic/_internal/_import_utils.py
2025-12-03 20:39:15.4273859100	4127	./schemas/venv/lib/python3.13/site-packages/pydantic/_internal/_docs_extraction.py
2025-12-03 20:39:15.4273859100	4842	./schemas/venv/lib/python3.13/site-packages/pydantic/_internal/_schema_generation_shared.py
2025-12-03 20:39:15.4273859100	5172	./schemas/venv/lib/python3.13/site-packages/pydantic/_internal/_repr.py
2025-12-03 20:39:15.4273859100	5321	./schemas/venv/lib/python3.13/site-packages/pydantic/_internal/_validate_call.py
2025-12-03 20:39:15.4273859100	611	./schemas/venv/lib/python3.13/site-packages/pydantic/_internal/_forward_ref.py
2025-12-03 20:39:15.4273859100	6185	./schemas/venv/lib/python3.13/site-packages/pydantic/_internal/_decorators_v1.py
2025-12-03 20:39:15.4273859100	6779	./schemas/venv/lib/python3.13/site-packages/pydantic/_internal/_signature.py
2025-12-03 20:39:15.4273859100	809	./schemas/venv/lib/python3.13/site-packages/pydantic/_internal/_git.py
2025-12-03 20:39:15.4273859100	8885	./schemas/venv/lib/python3.13/site-packages/pydantic/_internal/_mock_val_ser.py
2025-12-03 20:39:15.4273859100	9114	./schemas/venv/lib/python3.13/site-packages/pydantic/_internal/_schema_gather.py
2025-12-03 20:39:15.4313859100	0	./schemas/venv/lib/python3.13/site-packages/pydantic/deprecated/__init__.py
2025-12-03 20:39:15.4313859100	10273	./schemas/venv/lib/python3.13/site-packages/pydantic/deprecated/class_validators.py
2025-12-03 20:39:15.4313859100	10339	./schemas/venv/lib/python3.13/site-packages/pydantic/v1/decorator.py
2025-12-03 20:39:15.4313859100	104	./schemas/venv/lib/python3.13/site-packages/pydantic/experimental/__init__.py
2025-12-03 20:39:15.4313859100	10845	./schemas/venv/lib/python3.13/site-packages/pydantic/deprecated/decorator.py
2025-12-03 20:39:15.4313859100	127	./schemas/venv/lib/python3.13/site-packages/pydantic/experimental/missing_sentinel.py
2025-12-03 20:39:15.4313859100	14105	./schemas/venv/lib/python3.13/site-packages/pydantic/v1/env_settings.py
2025-12-03 20:39:15.4313859100	14672	./schemas/venv/lib/python3.13/site-packages/pydantic/v1/class_validators.py
2025-12-03 20:39:15.4313859100	14847	./schemas/venv/lib/python3.13/site-packages/pydantic/v1/_hypothesis_plugin.py
2025-12-03 20:39:15.4313859100	16844	./schemas/venv/lib/python3.13/site-packages/pydantic/v1/color.py
2025-12-03 20:39:15.4313859100	17726	./schemas/venv/lib/python3.13/site-packages/pydantic/v1/errors.py
2025-12-03 20:39:15.4313859100	17871	./schemas/venv/lib/python3.13/site-packages/pydantic/v1/generics.py
2025-12-03 20:39:15.4313859100	18172	./schemas/venv/lib/python3.13/site-packages/pydantic/v1/dataclasses.py
2025-12-03 20:39:15.4313859100	1866	./schemas/venv/lib/python3.13/site-packages/pydantic/experimental/arguments_schema.py
2025-12-03 20:39:15.4313859100	20588	./schemas/venv/lib/python3.13/site-packages/pydantic/_internal/_validators.py
2025-12-03 20:39:15.4313859100	2210	./schemas/venv/lib/python3.13/site-packages/pydantic/plugin/_loader.py
2025-12-03 20:39:15.4313859100	23582	./schemas/venv/lib/python3.13/site-packages/pydantic/experimental/pipeline.py
2025-12-03 20:39:15.4313859100	2511	./schemas/venv/lib/python3.13/site-packages/pydantic/deprecated/parse.py
2025-12-03 20:39:15.4313859100	2663	./schemas/venv/lib/python3.13/site-packages/pydantic/deprecated/config.py
2025-12-03 20:39:15.4313859100	3157	./schemas/venv/lib/python3.13/site-packages/pydantic/v1/annotated_types.py
2025-12-03 20:39:15.4313859100	3164	./schemas/venv/lib/python3.13/site-packages/pydantic/v1/__init__.py
2025-12-03 20:39:15.4313859100	3330	./schemas/venv/lib/python3.13/site-packages/pydantic/deprecated/tools.py
2025-12-03 20:39:15.4313859100	3390	./schemas/venv/lib/python3.13/site-packages/pydantic/v1/json.py
2025-12-03 20:39:15.4313859100	4657	./schemas/venv/lib/python3.13/site-packages/pydantic/deprecated/json.py
2025-12-03 20:39:15.4313859100	50649	./schemas/venv/lib/python3.13/site-packages/pydantic/v1/fields.py
2025-12-03 20:39:15.4313859100	5196	./schemas/venv/lib/python3.13/site-packages/pydantic/v1/error_wrappers.py
2025-12-03 20:39:15.4313859100	5267	./schemas/venv/lib/python3.13/site-packages/pydantic/plugin/_schema_validator.py
2025-12-03 20:39:15.4313859100	6532	./schemas/venv/lib/python3.13/site-packages/pydantic/v1/config.py
2025-12-03 20:39:15.4313859100	7333	./schemas/venv/lib/python3.13/site-packages/pydantic/plugin/__init__.py
2025-12-03 20:39:15.4313859100	7618	./schemas/venv/lib/python3.13/site-packages/pydantic/deprecated/copy_internals.py
2025-12-03 20:39:15.4313859100	7724	./schemas/venv/lib/python3.13/site-packages/pydantic/v1/datetime_parse.py
2025-12-03 20:39:15.4353859090	0	./schemas/venv/lib/python3.13/site-packages/pydantic/v1/py.typed
2025-12-03 20:39:15.4353859090	1039	./schemas/venv/lib/python3.13/site-packages/pydantic/v1/version.py
2025-12-03 20:39:15.4353859090	1129	./schemas/venv/lib/python3.13/site-packages/pydantic-2.12.5.dist-info/licenses/LICENSE
2025-12-03 20:39:15.4353859090	1821	./schemas/venv/lib/python3.13/site-packages/pydantic/v1/parse.py
2025-12-03 20:39:15.4353859090	19677	./schemas/venv/lib/python3.13/site-packages/pydantic/v1/typing.py
2025-12-03 20:39:15.4353859090	22124	./schemas/venv/lib/python3.13/site-packages/pydantic/v1/networks.py
2025-12-03 20:39:15.4353859090	22187	./schemas/venv/lib/python3.13/site-packages/pydantic/v1/validators.py
2025-12-03 20:39:15.4353859090	25989	./schemas/venv/lib/python3.13/site-packages/pydantic/v1/utils.py
2025-12-03 20:39:15.4353859090	2881	./schemas/venv/lib/python3.13/site-packages/pydantic/v1/tools.py
2025-12-03 20:39:15.4353859090	35455	./schemas/venv/lib/python3.13/site-packages/pydantic/v1/types.py
2025-12-03 20:39:15.4353859090	38860	./schemas/venv/lib/python3.13/site-packages/pydantic/v1/mypy.py
2025-12-03 20:39:15.4353859090	44824	./schemas/venv/lib/python3.13/site-packages/pydantic/v1/main.py
2025-12-03 20:39:15.4353859090	47801	./schemas/venv/lib/python3.13/site-packages/pydantic/v1/schema.py
2025-12-03 20:39:15.4353859090	87	./schemas/venv/lib/python3.13/site-packages/pydantic-2.12.5.dist-info/WHEEL
2025-12-03 20:39:15.4353859090	90587	./schemas/venv/lib/python3.13/site-packages/pydantic-2.12.5.dist-info/METADATA
2025-12-03 20:39:15.7713858740	4	./schemas/venv/lib/python3.13/site-packages/pydantic-2.12.5.dist-info/INSTALLER
2025-12-03 20:39:15.7753858740	0	./schemas/venv/lib/python3.13/site-packages/pydantic-2.12.5.dist-info/REQUESTED
2025-12-03 20:39:15.7793858730	15545	./schemas/venv/lib/python3.13/site-packages/pydantic-2.12.5.dist-info/RECORD
2025-12-03 20:47:24.4632621540	2959	./schemas/venv/lib/python3.13/site-packages/pygments/__init__.py
2025-12-03 20:47:24.4632621540	348	./schemas/venv/lib/python3.13/site-packages/pygments/__main__.py
2025-12-03 20:47:24.4672621520	10031	./schemas/venv/lib/python3.13/site-packages/pygments/util.py
2025-12-03 20:47:24.4672621520	1005	./schemas/venv/lib/python3.13/site-packages/pygments/modeline.py
2025-12-03 20:47:24.4672621520	1718	./schemas/venv/lib/python3.13/site-packages/pygments/console.py
2025-12-03 20:47:24.4672621520	1891	./schemas/venv/lib/python3.13/site-packages/pygments/plugin.py
2025-12-03 20:47:24.4672621520	1910	./schemas/venv/lib/python3.13/site-packages/pygments/filter.py
2025-12-03 20:47:24.4672621520	23536	./schemas/venv/lib/python3.13/site-packages/pygments/cmdline.py
2025-12-03 20:47:24.4672621520	3072	./schemas/venv/lib/python3.13/site-packages/pygments/regexopt.py
2025-12-03 20:47:24.4672621520	3092	./schemas/venv/lib/python3.13/site-packages/pygments/scanner.py
2025-12-03 20:47:24.4672621520	3296	./schemas/venv/lib/python3.13/site-packages/pygments/formatters/bbcode.py
2025-12-03 20:47:24.4672621520	35109	./schemas/venv/lib/python3.13/site-packages/pygments/lexer.py
2025-12-03 20:47:24.4672621520	40344	./schemas/venv/lib/python3.13/site-packages/pygments/filters/__init__.py
2025-12-03 20:47:24.4672621520	4176	./schemas/venv/lib/python3.13/site-packages/pygments/formatters/_mapping.py
2025-12-03 20:47:24.4672621520	4366	./schemas/venv/lib/python3.13/site-packages/pygments/formatter.py
2025-12-03 20:47:24.4672621520	5082	./schemas/venv/lib/python3.13/site-packages/pygments/formatters/groff.py
2025-12-03 20:47:24.4672621520	5349	./schemas/venv/lib/python3.13/site-packages/pygments/formatters/__init__.py
2025-12-03 20:47:24.4672621520	6226	./schemas/venv/lib/python3.13/site-packages/pygments/token.py
2025-12-03 20:47:24.4672621520	63208	./schemas/venv/lib/python3.13/site-packages/pygments/unistring.py
2025-12-03 20:47:24.4672621520	6408	./schemas/venv/lib/python3.13/site-packages/pygments/style.py
2025-12-03 20:47:24.4672621520	7898	./schemas/venv/lib/python3.13/site-packages/pygments/sphinxext.py
2025-12-03 20:47:24.4712621510	11717	./schemas/venv/lib/python3.13/site-packages/pygments/formatters/terminal256.py
2025-12-03 20:47:24.4712621510	11921	./schemas/venv/lib/python3.13/site-packages/pygments/formatters/rtf.py
2025-12-03 20:47:24.4712621510	12067	./schemas/venv/lib/python3.13/site-packages/pygments/lexers/__init__.py
2025-12-03 20:47:24.4712621510	13994	./schemas/venv/lib/python3.13/site-packages/pygments/lexers/_cl_builtins.py
2025-12-03 20:47:24.4712621510	1543	./schemas/venv/lib/python3.13/site-packages/pygments/lexers/_ada_builtins.py
2025-12-03 20:47:24.4712621510	19258	./schemas/venv/lib/python3.13/site-packages/pygments/formatters/latex.py
2025-12-03 20:47:24.4712621510	2206	./schemas/venv/lib/python3.13/site-packages/pygments/formatters/pangomarkup.py
2025-12-03 20:47:24.4712621510	23301	./schemas/venv/lib/python3.13/site-packages/pygments/formatters/img.py
2025-12-03 20:47:24.4712621510	27287	./schemas/venv/lib/python3.13/site-packages/pygments/lexers/_asy_builtins.py
2025-12-03 20:47:24.4712621510	35953	./schemas/venv/lib/python3.13/site-packages/pygments/formatters/html.py
2025-12-03 20:47:24.4712621510	4626	./schemas/venv/lib/python3.13/site-packages/pygments/formatters/terminal.py
2025-12-03 20:47:24.4712621510	4945	./schemas/venv/lib/python3.13/site-packages/pygments/formatters/irc.py
2025-12-03 20:47:24.4712621510	4986	./schemas/venv/lib/python3.13/site-packages/pygments/formatters/other.py
2025-12-03 20:47:24.4712621510	7138	./schemas/venv/lib/python3.13/site-packages/pygments/formatters/svg.py
2025-12-03 20:47:24.4752621500	105173	./schemas/venv/lib/python3.13/site-packages/pygments/lexers/_cocoa_builtins.py
2025-12-03 20:47:24.4752621500	108094	./schemas/venv/lib/python3.13/site-packages/pygments/lexers/_lilypond_builtins.py
2025-12-03 20:47:24.4752621500	11883	./schemas/venv/lib/python3.13/site-packages/pygments/lexers/_julia_builtins.py
2025-12-03 20:47:24.4752621500	12446	./schemas/venv/lib/python3.13/site-packages/pygments/lexers/_css_builtins.py
2025-12-03 20:47:24.4752621500	134510	./schemas/venv/lib/python3.13/site-packages/pygments/lexers/_lasso_builtins.py
2025-12-03 20:47:24.4752621500	16132	./schemas/venv/lib/python3.13/site-packages/pygments/lexers/_googlesql_builtins.py
2025-12-03 20:47:24.4752621500	18414	./schemas/venv/lib/python3.13/site-packages/pygments/lexers/_csound_builtins.py
2025-12-03 20:47:24.4752621500	24713	./schemas/venv/lib/python3.13/site-packages/pygments/lexers/_mql_builtins.py
2025-12-03 20:47:24.4752621500	70438	./schemas/venv/lib/python3.13/site-packages/pygments/lexers/_mapping.py
2025-12-03 20:47:24.4752621500	8108	./schemas/venv/lib/python3.13/site-packages/pygments/lexers/_lua_builtins.py
2025-12-03 20:47:24.4752621500	955	./schemas/venv/lib/python3.13/site-packages/pygments/lexers/_luau_builtins.py
2025-12-03 20:47:24.4792621480	107922	./schemas/venv/lib/python3.13/site-packages/pygments/lexers/_php_builtins.py
2025-12-03 20:47:24.4792621480	12595	./schemas/venv/lib/python3.13/site-packages/pygments/lexers/_qlik_builtins.py
2025-12-03 20:47:24.4792621480	13343	./schemas/venv/lib/python3.13/site-packages/pygments/lexers/_postgres_builtins.py
2025-12-03 20:47:24.4792621480	13445	./schemas/venv/lib/python3.13/site-packages/pygments/lexers/_stan_builtins.py
2025-12-03 20:47:24.4792621480	15460	./schemas/venv/lib/python3.13/site-packages/pygments/lexers/_tsql_builtins.py
2025-12-03 20:47:24.4792621480	1658	./schemas/venv/lib/python3.13/site-packages/pygments/lexers/_usd_builtins.py
2025-12-03 20:47:24.4792621480	25838	./schemas/venv/lib/python3.13/site-packages/pygments/lexers/_mysql_builtins.py
2025-12-03 20:47:24.4792621480	26777	./schemas/venv/lib/python3.13/site-packages/pygments/lexers/_sourcemod_builtins.py
2025-12-03 20:47:24.4792621480	27227	./schemas/venv/lib/python3.13/site-packages/pygments/lexers/_stata_builtins.py
2025-12-03 20:47:24.4792621480	32564	./schemas/venv/lib/python3.13/site-packages/pygments/lexers/_scheme_builtins.py
2025-12-03 20:47:24.4792621480	4225	./schemas/venv/lib/python3.13/site-packages/pygments/lexers/_vbscript_builtins.py
2025-12-03 20:47:24.4792621480	49398	./schemas/venv/lib/python3.13/site-packages/pygments/lexers/_openedge_builtins.py
2025-12-03 20:47:24.4792621480	52411	./schemas/venv/lib/python3.13/site-packages/pygments/lexers/_scilab_builtins.py
2025-12-03 20:47:24.4792621480	6767	./schemas/venv/lib/python3.13/site-packages/pygments/lexers/_sql_builtins.py
2025-12-03 20:47:24.4832621470	11414	./schemas/venv/lib/python3.13/site-packages/pygments/lexers/arturo.py
2025-12-03 20:47:24.4832621470	11538	./schemas/venv/lib/python3.13/site-packages/pygments/lexers/archetype.py
2025-12-03 20:47:24.4832621470	11727	./schemas/venv/lib/python3.13/site-packages/pygments/lexers/actionscript.py
2025-12-03 20:47:24.4832621470	1641	./schemas/venv/lib/python3.13/site-packages/pygments/lexers/bdd.py
2025-12-03 20:47:24.4832621470	1693	./schemas/venv/lib/python3.13/site-packages/pygments/lexers/asc.py
2025-12-03 20:47:24.4832621470	1723	./schemas/venv/lib/python3.13/site-packages/pygments/lexers/amdgpu.py
2025-12-03 20:47:24.4832621470	19831	./schemas/venv/lib/python3.13/site-packages/pygments/lexers/automation.py
2025-12-03 20:47:24.4832621470	2605	./schemas/venv/lib/python3.13/site-packages/pygments/lexers/ambient.py
2025-12-03 20:47:24.4832621470	27989	./schemas/venv/lib/python3.13/site-packages/pygments/lexers/basic.py
2025-12-03 20:47:24.4832621470	3020	./schemas/venv/lib/python3.13/site-packages/pygments/lexers/bare.py
2025-12-03 20:47:24.4832621470	30800	./schemas/venv/lib/python3.13/site-packages/pygments/lexers/apdlexer.py
2025-12-03 20:47:24.4832621470	3209	./schemas/venv/lib/python3.13/site-packages/pygments/lexers/berry.py
2025-12-03 20:47:24.4832621470	3404	./schemas/venv/lib/python3.13/site-packages/pygments/lexers/apl.py
2025-12-03 20:47:24.4832621470	3564	./schemas/venv/lib/python3.13/site-packages/pygments/lexers/arrow.py
2025-12-03 20:47:24.4832621470	3921	./schemas/venv/lib/python3.13/site-packages/pygments/lexers/boa.py
2025-12-03 20:47:24.4832621470	4176	./schemas/venv/lib/python3.13/site-packages/pygments/lexers/ampl.py
2025-12-03 20:47:24.4832621470	41967	./schemas/venv/lib/python3.13/site-packages/pygments/lexers/asm.py
2025-12-03 20:47:24.4832621470	4262	./schemas/venv/lib/python3.13/site-packages/pygments/lexers/asn1.py
2025-12-03 20:47:24.4832621470	4811	./schemas/venv/lib/python3.13/site-packages/pygments/lexers/bibtex.py
2025-12-03 20:47:24.4832621470	5353	./schemas/venv/lib/python3.13/site-packages/pygments/lexers/ada.py
2025-12-03 20:47:24.4832621470	57066	./schemas/venv/lib/python3.13/site-packages/pygments/lexers/_vim_builtins.py
2025-12-03 20:47:24.4832621470	6188	./schemas/venv/lib/python3.13/site-packages/pygments/lexers/blueprint.py
2025-12-03 20:47:24.4832621470	896	./schemas/venv/lib/python3.13/site-packages/pygments/lexers/agile.py
2025-12-03 20:47:24.4832621470	9952	./schemas/venv/lib/python3.13/site-packages/pygments/lexers/algebra.py
2025-12-03 20:47:24.4872621450	1389	./schemas/venv/lib/python3.13/site-packages/pygments/lexers/cplint.py
2025-12-03 20:47:24.4872621450	1426	./schemas/venv/lib/python3.13/site-packages/pygments/lexers/compiled.py
2025-12-03 20:47:24.4872621450	15754	./schemas/venv/lib/python3.13/site-packages/pygments/lexers/crystal.py
2025-12-03 20:47:24.4872621450	16998	./schemas/venv/lib/python3.13/site-packages/pygments/lexers/csound.py
2025-12-03 20:47:24.4872621450	18059	./schemas/venv/lib/python3.13/site-packages/pygments/lexers/c_cpp.py
2025-12-03 20:47:24.4872621450	2174	./schemas/venv/lib/python3.13/site-packages/pygments/lexers/capnproto.py
2025-12-03 20:47:24.4872621450	2576	./schemas/venv/lib/python3.13/site-packages/pygments/lexers/codeql.py
2025-12-03 20:47:24.4872621450	28345	./schemas/venv/lib/python3.13/site-packages/pygments/lexers/business.py
2025-12-03 20:47:24.4872621450	3179	./schemas/venv/lib/python3.13/site-packages/pygments/lexers/comal.py
2025-12-03 20:47:24.4872621450	32021	./schemas/venv/lib/python3.13/site-packages/pygments/lexers/c_like.py
2025-12-03 20:47:24.4872621450	3211	./schemas/venv/lib/python3.13/site-packages/pygments/lexers/carbon.py
2025-12-03 20:47:24.4872621450	3671	./schemas/venv/lib/python3.13/site-packages/pygments/lexers/bqn.py
2025-12-03 20:47:24.4872621450	4180	./schemas/venv/lib/python3.13/site-packages/pygments/lexers/console.py
2025-12-03 20:47:24.4872621450	5076	./schemas/venv/lib/python3.13/site-packages/pygments/lexers/cddl.py
2025-12-03 20:47:24.4872621450	50913	./schemas/venv/lib/python3.13/site-packages/pygments/lexers/configs.py
2025-12-03 20:47:24.4872621450	5156	./schemas/venv/lib/python3.13/site-packages/pygments/lexers/chapel.py
2025-12-03 20:47:24.4872621450	6418	./schemas/venv/lib/python3.13/site-packages/pygments/lexers/clean.py
2025-12-03 20:47:24.4912621440	10231	./schemas/venv/lib/python3.13/site-packages/pygments/lexers/fantom.py
2025-12-03 20:47:24.4912621440	10409	./schemas/venv/lib/python3.13/site-packages/pygments/lexers/dylan.py
2025-12-03 20:47:24.4912621440	10500	./schemas/venv/lib/python3.13/site-packages/pygments/lexers/esoteric.py
2025-12-03 20:47:24.4912621440	1644	./schemas/venv/lib/python3.13/site-packages/pygments/lexers/fift.py
2025-12-03 20:47:24.4912621440	19147	./schemas/venv/lib/python3.13/site-packages/pygments/lexers/erlang.py
2025-12-03 20:47:24.4912621440	19530	./schemas/venv/lib/python3.13/site-packages/pygments/lexers/factor.py
2025-12-03 20:47:24.4912621440	25376	./schemas/venv/lib/python3.13/site-packages/pygments/lexers/css.py
2025-12-03 20:47:24.4912621440	2667	./schemas/venv/lib/python3.13/site-packages/pygments/lexers/floscript.py
2025-12-03 20:47:24.4912621440	2690	./schemas/venv/lib/python3.13/site-packages/pygments/lexers/eiffel.py
2025-12-03 20:47:24.4912621440	27026	./schemas/venv/lib/python3.13/site-packages/pygments/lexers/data.py
2025-12-03 20:47:24.4912621440	3152	./schemas/venv/lib/python3.13/site-packages/pygments/lexers/elm.py
2025-12-03 20:47:24.4912621440	3272	./schemas/venv/lib/python3.13/site-packages/pygments/lexers/ezhil.py
2025-12-03 20:47:24.4912621440	36746	./schemas/venv/lib/python3.13/site-packages/pygments/lexers/dsls.py
2025-12-03 20:47:24.4912621440	3891	./schemas/venv/lib/python3.13/site-packages/pygments/lexers/dns.py
2025-12-03 20:47:24.4912621440	39441	./schemas/venv/lib/python3.13/site-packages/pygments/lexers/dotnet.py
2025-12-03 20:47:24.4912621440	4019	./schemas/venv/lib/python3.13/site-packages/pygments/lexers/devicetree.py
2025-12-03 20:47:24.4912621440	4606	./schemas/venv/lib/python3.13/site-packages/pygments/lexers/dalvik.py
2025-12-03 20:47:24.4912621440	4804	./schemas/venv/lib/python3.13/site-packages/pygments/lexers/email.py
2025-12-03 20:47:24.4912621440	5382	./schemas/venv/lib/python3.13/site-packages/pygments/lexers/diff.py
2025-12-03 20:47:24.4912621440	6371	./schemas/venv/lib/python3.13/site-packages/pygments/lexers/ecl.py
2025-12-03 20:47:24.4912621440	6877	./schemas/venv/lib/python3.13/site-packages/pygments/lexers/elpi.py
2025-12-03 20:47:24.4912621440	7193	./schemas/venv/lib/python3.13/site-packages/pygments/lexers/forth.py
2025-12-03 20:47:24.4912621440	8098	./schemas/venv/lib/python3.13/site-packages/pygments/lexers/dax.py
2025-12-03 20:47:24.4912621440	9655	./schemas/venv/lib/python3.13/site-packages/pygments/lexers/felix.py
2025-12-03 20:47:24.4912621440	9920	./schemas/venv/lib/python3.13/site-packages/pygments/lexers/d.py
2025-12-03 20:47:24.4952621420	10382	./schemas/venv/lib/python3.13/site-packages/pygments/lexers/fortran.py
2025-12-03 20:47:24.4952621420	1934	./schemas/venv/lib/python3.13/site-packages/pygments/lexers/graphviz.py
2025-12-03 20:47:24.4952621420	2392	./schemas/venv/lib/python3.13/site-packages/pygments/lexers/gleam.py
2025-12-03 20:47:24.4952621420	26295	./schemas/venv/lib/python3.13/site-packages/pygments/lexers/foxpro.py
2025-12-03 20:47:24.4952621420	2649	./schemas/venv/lib/python3.13/site-packages/pygments/lexers/hare.py
2025-12-03 20:47:24.4952621420	26913	./schemas/venv/lib/python3.13/site-packages/pygments/lexers/freefem.py
2025-12-03 20:47:24.4952621420	3700	./schemas/venv/lib/python3.13/site-packages/pygments/lexers/func.py
2025-12-03 20:47:24.4952621420	3743	./schemas/venv/lib/python3.13/site-packages/pygments/lexers/futhark.py
2025-12-03 20:47:24.4952621420	3783	./schemas/venv/lib/python3.13/site-packages/pygments/lexers/go.py
2025-12-03 20:47:24.4952621420	39145	./schemas/venv/lib/python3.13/site-packages/pygments/lexers/graphics.py
2025-12-03 20:47:24.4952621420	3990	./schemas/venv/lib/python3.13/site-packages/pygments/lexers/gsql.py
2025-12-03 20:47:24.4952621420	4108	./schemas/venv/lib/python3.13/site-packages/pygments/lexers/graph.py
2025-12-03 20:47:24.4952621420	5601	./schemas/venv/lib/python3.13/site-packages/pygments/lexers/graphql.py
2025-12-03 20:47:24.4952621420	693	./schemas/venv/lib/python3.13/site-packages/pygments/lexers/functional.py
2025-12-03 20:47:24.4952621420	7566	./schemas/venv/lib/python3.13/site-packages/pygments/lexers/gdscript.py
2025-12-03 20:47:24.4952621420	8043	./schemas/venv/lib/python3.13/site-packages/pygments/lexers/grammar_notation.py
2025-12-03 20:47:24.4952621420	874	./schemas/venv/lib/python3.13/site-packages/pygments/lexers/gcodelexer.py
2025-12-03 20:47:24.4992621410	14435	./schemas/venv/lib/python3.13/site-packages/pygments/lexers/installers.py
2025-12-03 20:47:24.4992621410	15449	./schemas/venv/lib/python3.13/site-packages/pygments/lexers/idl.py
2025-12-03 20:47:24.4992621410	1905	./schemas/venv/lib/python3.13/site-packages/pygments/lexers/iolang.py
2025-12-03 20:47:24.4992621410	2082	./schemas/venv/lib/python3.13/site-packages/pygments/lexers/jmespath.py
2025-12-03 20:47:24.4992621410	21977	./schemas/venv/lib/python3.13/site-packages/pygments/lexers/html.py
2025-12-03 20:47:24.4992621410	22738	./schemas/venv/lib/python3.13/site-packages/pygments/lexers/hdl.py
2025-12-03 20:47:24.4992621410	2502	./schemas/venv/lib/python3.13/site-packages/pygments/lexers/json5.py
2025-12-03 20:47:24.4992621410	2693	./schemas/venv/lib/python3.13/site-packages/pygments/lexers/jsx.py
2025-12-03 20:47:24.4992621410	30974	./schemas/venv/lib/python3.13/site-packages/pygments/lexers/haxe.py
2025-12-03 20:47:24.4992621410	3135	./schemas/venv/lib/python3.13/site-packages/pygments/lexers/inferno.py
2025-12-03 20:47:24.4992621410	31633	./schemas/venv/lib/python3.13/site-packages/pygments/lexers/igor.py
2025-12-03 20:47:24.4992621410	33262	./schemas/venv/lib/python3.13/site-packages/pygments/lexers/haskell.py
2025-12-03 20:47:24.4992621410	3653	./schemas/venv/lib/python3.13/site-packages/pygments/lexers/hexdump.py
2025-12-03 20:47:24.4992621410	3700	./schemas/venv/lib/python3.13/site-packages/pygments/lexers/jslt.py
2025-12-03 20:47:24.4992621410	4853	./schemas/venv/lib/python3.13/site-packages/pygments/lexers/j.py
2025-12-03 20:47:24.4992621410	5636	./schemas/venv/lib/python3.13/site-packages/pygments/lexers/jsonnet.py
2025-12-03 20:47:24.4992621410	56544	./schemas/venv/lib/python3.13/site-packages/pygments/lexers/int_fiction.py
2025-12-03 20:47:24.4992621410	63243	./schemas/venv/lib/python3.13/site-packages/pygments/lexers/javascript.py
2025-12-03 20:47:24.5032621390	11405	./schemas/venv/lib/python3.13/site-packages/pygments/lexers/kuin.py
2025-12-03 20:47:24.5032621390	11710	./schemas/venv/lib/python3.13/site-packages/pygments/lexers/julia.py
2025-12-03 20:47:24.5032621390	157668	./schemas/venv/lib/python3.13/site-packages/pygments/lexers/lisp.py
2025-12-03 20:47:24.5032621390	33366	./schemas/venv/lib/python3.13/site-packages/pygments/lexers/macaulay2.py
2025-12-03 20:47:24.5032621390	3477	./schemas/venv/lib/python3.13/site-packages/pygments/lexers/kusto.py
2025-12-03 20:47:24.5032621390	65088	./schemas/venv/lib/python3.13/site-packages/pygments/lexers/markup.py
2025-12-03 20:47:24.5032621390	6551	./schemas/venv/lib/python3.13/site-packages/pygments/lexers/ldap.py
2025-12-03 20:47:24.5032621390	695	./schemas/venv/lib/python3.13/site-packages/pygments/lexers/math.py
2025-12-03 20:47:24.5032621390	72667	./schemas/venv/lib/python3.13/site-packages/pygments/lexers/jvm.py
2025-12-03 20:47:24.5032621390	7831	./schemas/venv/lib/python3.13/site-packages/pygments/lexers/make.py
2025-12-03 20:47:24.5032621390	7960	./schemas/venv/lib/python3.13/site-packages/pygments/lexers/maple.py
2025-12-03 20:47:24.5032621390	8570	./schemas/venv/lib/python3.13/site-packages/pygments/lexers/lean.py
2025-12-03 20:47:24.5032621390	9752	./schemas/venv/lib/python3.13/site-packages/pygments/lexers/lilypond.py
2025-12-03 20:47:24.5072621380	133027	./schemas/venv/lib/python3.13/site-packages/pygments/lexers/matlab.py
2025-12-03 20:47:24.5072621380	13683	./schemas/venv/lib/python3.13/site-packages/pygments/lexers/modeling.py
2025-12-03 20:47:24.5072621380	13696	./schemas/venv/lib/python3.13/site-packages/pygments/lexers/minecraft.py
2025-12-03 20:47:24.5072621380	1758	./schemas/venv/lib/python3.13/site-packages/pygments/lexers/numbair.py
2025-12-03 20:47:24.5072621380	23297	./schemas/venv/lib/python3.13/site-packages/pygments/lexers/objective.py
2025-12-03 20:47:24.5072621380	24233	./schemas/venv/lib/python3.13/site-packages/pygments/lexers/mojo.py
2025-12-03 20:47:24.5072621380	2715	./schemas/venv/lib/python3.13/site-packages/pygments/lexers/maxima.py
2025-12-03 20:47:24.5072621380	2725	./schemas/venv/lib/python3.13/site-packages/pygments/lexers/nit.py
2025-12-03 20:47:24.5072621380	35390	./schemas/venv/lib/python3.13/site-packages/pygments/lexers/ml.py
2025-12-03 20:47:24.5072621380	4210	./schemas/venv/lib/python3.13/site-packages/pygments/lexers/oberon.py
2025-12-03 20:47:24.5072621380	4336	./schemas/venv/lib/python3.13/site-packages/pygments/lexers/meson.py
2025-12-03 20:47:24.5072621380	4421	./schemas/venv/lib/python3.13/site-packages/pygments/lexers/nix.py
2025-12-03 20:47:24.5072621380	4656	./schemas/venv/lib/python3.13/site-packages/pygments/lexers/mips.py
2025-12-03 20:47:24.5072621380	53072	./schemas/venv/lib/python3.13/site-packages/pygments/lexers/modula2.py
2025-12-03 20:47:24.5072621380	6289	./schemas/venv/lib/python3.13/site-packages/pygments/lexers/monte.py
2025-12-03 20:47:24.5072621380	63999	./schemas/venv/lib/python3.13/site-packages/pygments/lexers/ncl.py
2025-12-03 20:47:24.5072621380	6413	./schemas/venv/lib/python3.13/site-packages/pygments/lexers/nimrod.py
2025-12-03 20:47:24.5072621380	7582	./schemas/venv/lib/python3.13/site-packages/pygments/lexers/mime.py
2025-12-03 20:47:24.5072621380	9297	./schemas/venv/lib/python3.13/site-packages/pygments/lexers/mosel.py
2025-12-03 20:47:24.5112621370	1155	./schemas/venv/lib/python3.13/site-packages/pygments/lexers/procfile.py
2025-12-03 20:47:24.5112621370	12676	./schemas/venv/lib/python3.13/site-packages/pygments/lexers/praat.py
2025-12-03 20:47:24.5112621370	12866	./schemas/venv/lib/python3.13/site-packages/pygments/lexers/prolog.py
2025-12-03 20:47:24.5112621370	13061	./schemas/venv/lib/python3.13/site-packages/pygments/lexers/php.py
2025-12-03 20:47:24.5112621370	16056	./schemas/venv/lib/python3.13/site-packages/pygments/lexers/rdf.py
2025-12-03 20:47:24.5112621370	1763	./schemas/venv/lib/python3.13/site-packages/pygments/lexers/other.py
2025-12-03 20:47:24.5112621370	1974	./schemas/venv/lib/python3.13/site-packages/pygments/lexers/pointless.py
2025-12-03 20:47:24.5112621370	23249	./schemas/venv/lib/python3.13/site-packages/pygments/lexers/phix.py
2025-12-03 20:47:24.5112621370	26596	./schemas/venv/lib/python3.13/site-packages/pygments/lexers/parsers.py
2025-12-03 20:47:24.5112621370	2719	./schemas/venv/lib/python3.13/site-packages/pygments/lexers/parasail.py
2025-12-03 20:47:24.5112621370	2989	./schemas/venv/lib/python3.13/site-packages/pygments/lexers/pddl.py
2025-12-03 20:47:24.5112621370	3002	./schemas/venv/lib/python3.13/site-packages/pygments/lexers/ooc.py
2025-12-03 20:47:24.5112621370	30989	./schemas/venv/lib/python3.13/site-packages/pygments/lexers/pascal.py
2025-12-03 20:47:24.5112621370	3279	./schemas/venv/lib/python3.13/site-packages/pygments/lexers/pony.py
2025-12-03 20:47:24.5112621370	3693	./schemas/venv/lib/python3.13/site-packages/pygments/lexers/qlik.py
2025-12-03 20:47:24.5112621370	3700	./schemas/venv/lib/python3.13/site-packages/pygments/lexers/openscad.py
2025-12-03 20:47:24.5112621370	39192	./schemas/venv/lib/python3.13/site-packages/pygments/lexers/perl.py
2025-12-03 20:47:24.5112621370	4501	./schemas/venv/lib/python3.13/site-packages/pygments/lexers/ptx.py
2025-12-03 20:47:24.5112621370	4738	./schemas/venv/lib/python3.13/site-packages/pygments/lexers/promql.py
2025-12-03 20:47:24.5112621370	53805	./schemas/venv/lib/python3.13/site-packages/pygments/lexers/python.py
2025-12-03 20:47:24.5112621370	6103	./schemas/venv/lib/python3.13/site-packages/pygments/lexers/qvt.py
2025-12-03 20:47:24.5112621370	6474	./schemas/venv/lib/python3.13/site-packages/pygments/lexers/r.py
2025-12-03 20:47:24.5112621370	6936	./schemas/venv/lib/python3.13/site-packages/pygments/lexers/q.py
2025-12-03 20:47:24.5112621370	8253	./schemas/venv/lib/python3.13/site-packages/pygments/lexers/pawn.py
2025-12-03 20:47:24.5112621370	8747	./schemas/venv/lib/python3.13/site-packages/pygments/lexers/prql.py
2025-12-03 20:47:24.5152621350	1127	./schemas/venv/lib/python3.13/site-packages/pygments/lexers/rita.py
2025-12-03 20:47:24.5152621350	1748	./schemas/venv/lib/python3.13/site-packages/pygments/lexers/rego.py
2025-12-03 20:47:24.5152621350	18259	./schemas/venv/lib/python3.13/site-packages/pygments/lexers/rebol.py
2025-12-03 20:47:24.5152621350	18448	./schemas/venv/lib/python3.13/site-packages/pygments/lexers/robotframework.py
2025-12-03 20:47:24.5152621350	1972	./schemas/venv/lib/python3.13/site-packages/pygments/lexers/rnc.py
2025-12-03 20:47:24.5152621350	1985	./schemas/venv/lib/python3.13/site-packages/pygments/lexers/sgf.py
2025-12-03 20:47:24.5152621350	2074	./schemas/venv/lib/python3.13/site-packages/pygments/lexers/roboconf.py
2025-12-03 20:47:24.5152621350	22753	./schemas/venv/lib/python3.13/site-packages/pygments/lexers/ruby.py
2025-12-03 20:47:24.5152621350	2524	./schemas/venv/lib/python3.13/site-packages/pygments/lexers/scdoc.py
2025-12-03 20:47:24.5152621350	2927	./schemas/venv/lib/python3.13/site-packages/pygments/lexers/resource.py
2025-12-03 20:47:24.5152621350	4878	./schemas/venv/lib/python3.13/site-packages/pygments/lexers/savi.py
2025-12-03 20:47:24.5152621350	5035	./schemas/venv/lib/python3.13/site-packages/pygments/lexers/ride.py
2025-12-03 20:47:24.5152621350	81814	./schemas/venv/lib/python3.13/site-packages/pygments/lexers/scripting.py
2025-12-03 20:47:24.5152621350	8260	./schemas/venv/lib/python3.13/site-packages/pygments/lexers/rust.py
2025-12-03 20:47:24.5152621350	9456	./schemas/venv/lib/python3.13/site-packages/pygments/lexers/sas.py
2025-12-03 20:47:24.5192621340	1068	./schemas/venv/lib/python3.13/site-packages/pygments/lexers/text.py
2025-12-03 20:47:24.5192621340	10809	./schemas/venv/lib/python3.13/site-packages/pygments/lexers/tact.py
2025-12-03 20:47:24.5192621340	10810	./schemas/venv/lib/python3.13/site-packages/pygments/lexers/testing.py
2025-12-03 20:47:24.5192621340	1746	./schemas/venv/lib/python3.13/site-packages/pygments/lexers/srcinfo.py
2025-12-03 20:47:24.5192621340	2339	./schemas/venv/lib/python3.13/site-packages/pygments/lexers/soong.py
2025-12-03 20:47:24.5192621340	2514	./schemas/venv/lib/python3.13/site-packages/pygments/lexers/sieve.py
2025-12-03 20:47:24.5192621340	2659	./schemas/venv/lib/python3.13/site-packages/pygments/lexers/smithy.py
2025-12-03 20:47:24.5192621340	2778	./schemas/venv/lib/python3.13/site-packages/pygments/lexers/snobol.py
2025-12-03 20:47:24.5192621340	2790	./schemas/venv/lib/python3.13/site-packages/pygments/lexers/spice.py
2025-12-03 20:47:24.5192621340	2805	./schemas/venv/lib/python3.13/site-packages/pygments/lexers/smv.py
2025-12-03 20:47:24.5192621340	2904	./schemas/venv/lib/python3.13/site-packages/pygments/lexers/tal.py
2025-12-03 20:47:24.5192621340	3163	./schemas/venv/lib/python3.13/site-packages/pygments/lexers/solidity.py
2025-12-03 20:47:24.5192621340	3376	./schemas/venv/lib/python3.13/site-packages/pygments/lexers/sophia.py
2025-12-03 20:47:24.5192621340	3522	./schemas/venv/lib/python3.13/site-packages/pygments/lexers/teal.py
2025-12-03 20:47:24.5192621340	3585	./schemas/venv/lib/python3.13/site-packages/pygments/lexers/special.py
2025-12-03 20:47:24.5192621340	36381	./schemas/venv/lib/python3.13/site-packages/pygments/lexers/shell.py
2025-12-03 20:47:24.5192621340	3697	./schemas/venv/lib/python3.13/site-packages/pygments/lexers/supercollider.py
2025-12-03 20:47:24.5192621340	3987	./schemas/venv/lib/python3.13/site-packages/pygments/lexers/tablegen.py
2025-12-03 20:47:24.5192621340	41476	./schemas/venv/lib/python3.13/site-packages/pygments/lexers/sql.py
2025-12-03 20:47:24.5192621340	5512	./schemas/venv/lib/python3.13/site-packages/pygments/lexers/tcl.py
2025-12-03 20:47:24.5192621340	6415	./schemas/venv/lib/python3.13/site-packages/pygments/lexers/stata.py
2025-12-03 20:47:24.5192621340	7204	./schemas/venv/lib/python3.13/site-packages/pygments/lexers/smalltalk.py
2025-12-03 20:47:24.5192621340	75731	./schemas/venv/lib/python3.13/site-packages/pygments/lexers/templates.py
2025-12-03 20:47:24.5192621340	7760	./schemas/venv/lib/python3.13/site-packages/pygments/lexers/textedit.py
2025-12-03 20:47:24.5192621340	8484	./schemas/venv/lib/python3.13/site-packages/pygments/lexers/slash.py
2025-12-03 20:47:24.5192621340	9718	./schemas/venv/lib/python3.13/site-packages/pygments/lexers/teraterm.py
2025-12-03 20:47:24.5232621320	10456	./schemas/venv/lib/python3.13/site-packages/pygments/lexers/tnt.py
2025-12-03 20:47:24.5232621320	10499	./schemas/venv/lib/python3.13/site-packages/pygments/lexers/ul4.py
2025-12-03 20:47:24.5232621320	10516	./schemas/venv/lib/python3.13/site-packages/pygments/lexers/webidl.py
2025-12-03 20:47:24.5232621320	11880	./schemas/venv/lib/python3.13/site-packages/pygments/lexers/wgsl.py
2025-12-03 20:47:24.5232621320	1450	./schemas/venv/lib/python3.13/site-packages/pygments/lexers/tlb.py
2025-12-03 20:47:24.5232621320	1506	./schemas/venv/lib/python3.13/site-packages/pygments/lexers/trafficscript.py
2025-12-03 20:47:24.5232621320	1540	./schemas/venv/lib/python3.13/site-packages/pygments/lexers/tls.py
2025-12-03 20:47:24.5232621320	15524	./schemas/venv/lib/python3.13/site-packages/pygments/lexers/textfmts.py
2025-12-03 20:47:24.5232621320	17855	./schemas/venv/lib/python3.13/site-packages/pygments/lexers/theorem.py
2025-12-03 20:47:24.5232621320	18625	./schemas/venv/lib/python3.13/site-packages/pygments/lexers/unicon.py
2025-12-03 20:47:24.5232621320	1943	./schemas/venv/lib/python3.13/site-packages/pygments/lexers/x10.py
2025-12-03 20:47:24.5232621320	2661	./schemas/venv/lib/python3.13/site-packages/pygments/lexers/verifpal.py
2025-12-03 20:47:24.5232621320	3229	./schemas/venv/lib/python3.13/site-packages/pygments/lexers/wren.py
2025-12-03 20:47:24.5232621320	3304	./schemas/venv/lib/python3.13/site-packages/pygments/lexers/usd.py
2025-12-03 20:47:24.5232621320	3934	./schemas/venv/lib/python3.13/site-packages/pygments/lexers/verification.py
2025-12-03 20:47:24.5232621320	4017	./schemas/venv/lib/python3.13/site-packages/pygments/lexers/whiley.py
2025-12-03 20:47:24.5232621320	40564	./schemas/venv/lib/python3.13/site-packages/pygments/lexers/webmisc.py
2025-12-03 20:47:24.5232621320	4076	./schemas/venv/lib/python3.13/site-packages/pygments/lexers/wowtoc.py
2025-12-03 20:47:24.5232621320	4499	./schemas/venv/lib/python3.13/site-packages/pygments/lexers/yang.py
2025-12-03 20:47:24.5232621320	5615	./schemas/venv/lib/python3.13/site-packages/pygments/lexers/vyper.py
2025-12-03 20:47:24.5232621320	5698	./schemas/venv/lib/python3.13/site-packages/pygments/lexers/webassembly.py
2025-12-03 20:47:24.5232621320	5711	./schemas/venv/lib/python3.13/site-packages/pygments/lexers/vip.py
2025-12-03 20:47:24.5232621320	6017	./schemas/venv/lib/python3.13/site-packages/pygments/lexers/thingsdb.py
2025-12-03 20:47:24.5232621320	6082	./schemas/venv/lib/python3.13/site-packages/pygments/lexers/urbi.py
2025-12-03 20:47:24.5232621320	7167	./schemas/venv/lib/python3.13/site-packages/pygments/lexers/typst.py
2025-12-03 20:47:24.5232621320	7473	./schemas/venv/lib/python3.13/site-packages/pygments/lexers/varnish.py
2025-12-03 20:47:24.5232621320	8332	./schemas/venv/lib/python3.13/site-packages/pygments/lexers/typoscript.py
2025-12-03 20:47:24.5232621320	913	./schemas/venv/lib/python3.13/site-packages/pygments/lexers/web.py
2025-12-03 20:47:24.5232621320	925	./schemas/venv/lib/python3.13/site-packages/pygments/lexers/xorg.py
2025-12-03 20:47:24.5272621310	1324	./schemas/venv/lib/python3.13/site-packages/pygments/styles/fruity.py
2025-12-03 20:47:24.5272621310	1406	./schemas/venv/lib/python3.13/site-packages/pygments/styles/bw.py
2025-12-03 20:47:24.5272621310	1611	./schemas/venv/lib/python3.13/site-packages/pygments/styles/borland.py
2025-12-03 20:47:24.5272621310	1719	./schemas/venv/lib/python3.13/site-packages/pygments/styles/onedark.py
2025-12-03 20:47:24.5272621310	2006	./schemas/venv/lib/python3.13/site-packages/pygments/styles/__init__.py
2025-12-03 20:47:24.5272621310	2043	./schemas/venv/lib/python3.13/site-packages/pygments/styles/native.py
2025-12-03 20:47:24.5272621310	2066	./schemas/venv/lib/python3.13/site-packages/pygments/styles/lilypond.py
2025-12-03 20:47:24.5272621310	2182	./schemas/venv/lib/python3.13/site-packages/pygments/styles/dracula.py
2025-12-03 20:47:24.5272621310	2195	./schemas/venv/lib/python3.13/site-packages/pygments/styles/autumn.py
2025-12-03 20:47:24.5272621310	2262	./schemas/venv/lib/python3.13/site-packages/pygments/styles/algol.py
2025-12-03 20:47:24.5272621310	2283	./schemas/venv/lib/python3.13/site-packages/pygments/styles/algol_nu.py
2025-12-03 20:47:24.5272621310	2308	./schemas/venv/lib/python3.13/site-packages/pygments/styles/coffee.py
2025-12-03 20:47:24.5272621310	2404	./schemas/venv/lib/python3.13/site-packages/pygments/styles/inkpot.py
2025-12-03 20:47:24.5272621310	2427	./schemas/venv/lib/python3.13/site-packages/pygments/lexers/yara.py
2025-12-03 20:47:24.5272621310	2443	./schemas/venv/lib/python3.13/site-packages/pygments/styles/manni.py
2025-12-03 20:47:24.5272621310	2535	./schemas/venv/lib/python3.13/site-packages/pygments/styles/emacs.py
2025-12-03 20:47:24.5272621310	2588	./schemas/venv/lib/python3.13/site-packages/pygments/styles/default.py
2025-12-03 20:47:24.5272621310	2604	./schemas/venv/lib/python3.13/site-packages/pygments/styles/friendly.py
2025-12-03 20:47:24.5272621310	2805	./schemas/venv/lib/python3.13/site-packages/pygments/styles/murphy.py
2025-12-03 20:47:24.5272621310	2828	./schemas/venv/lib/python3.13/site-packages/pygments/styles/friendly_grayscale.py
2025-12-03 20:47:24.5272621310	2832	./schemas/venv/lib/python3.13/site-packages/pygments/styles/colorful.py
2025-12-03 20:47:24.5272621310	3172	./schemas/venv/lib/python3.13/site-packages/pygments/styles/lightbulb.py
2025-12-03 20:47:24.5272621310	3178	./schemas/venv/lib/python3.13/site-packages/pygments/styles/lovelace.py
2025-12-03 20:47:24.5272621310	3312	./schemas/venv/lib/python3.13/site-packages/pygments/styles/_mapping.py
2025-12-03 20:47:24.5272621310	3387	./schemas/venv/lib/python3.13/site-packages/pygments/styles/gruvbox.py
2025-12-03 20:47:24.5272621310	3590	./schemas/venv/lib/python3.13/site-packages/pygments/styles/gh_dark.py
2025-12-03 20:47:24.5272621310	3976	./schemas/venv/lib/python3.13/site-packages/pygments/lexers/zig.py
2025-12-03 20:47:24.5272621310	4201	./schemas/venv/lib/python3.13/site-packages/pygments/styles/material.py
2025-12-03 20:47:24.5272621310	4557	./schemas/venv/lib/python3.13/site-packages/pygments/styles/arduino.py
2025-12-03 20:47:24.5272621310	5184	./schemas/venv/lib/python3.13/site-packages/pygments/styles/monokai.py
2025-12-03 20:47:24.5272621310	5391	./schemas/venv/lib/python3.13/site-packages/pygments/styles/nord.py
2025-12-03 20:47:24.5272621310	5662	./schemas/venv/lib/python3.13/site-packages/pygments/styles/paraiso_dark.py
2025-12-03 20:47:24.5272621310	5668	./schemas/venv/lib/python3.13/site-packages/pygments/styles/paraiso_light.py
2025-12-03 20:47:24.5272621310	737	./schemas/venv/lib/python3.13/site-packages/pygments/styles/igor.py
2025-12-03 20:47:24.5272621310	749	./schemas/venv/lib/python3.13/site-packages/pygments/styles/abap.py
2025-12-03 20:47:24.5312621290	1006	./schemas/venv/lib/python3.13/site-packages/pygments/styles/rrt.py
2025-12-03 20:47:24.5312621290	10824	./schemas/venv/lib/python3.13/site-packages/pygments-2.19.2.dist-info/licenses/AUTHORS
2025-12-03 20:47:24.5312621290	1130	./schemas/venv/lib/python3.13/site-packages/pygments/styles/vs.py
2025-12-03 20:47:24.5312621290	1257	./schemas/venv/lib/python3.13/site-packages/pygments/styles/stata_dark.py
2025-12-03 20:47:24.5312621290	1289	./schemas/venv/lib/python3.13/site-packages/pygments/styles/stata_light.py
2025-12-03 20:47:24.5312621290	1331	./schemas/venv/lib/python3.13/site-packages/pygments-2.19.2.dist-info/licenses/LICENSE
2025-12-03 20:47:24.5312621290	1440	./schemas/venv/lib/python3.13/site-packages/pygments/styles/sas.py
2025-12-03 20:47:24.5312621290	1504	./schemas/venv/lib/python3.13/site-packages/pygments/styles/xcode.py
2025-12-03 20:47:24.5312621290	1981	./schemas/venv/lib/python3.13/site-packages/pygments/styles/trac.py
2025-12-03 20:47:24.5312621290	2019	./schemas/venv/lib/python3.13/site-packages/pygments/styles/vim.py
2025-12-03 20:47:24.5312621290	2203	./schemas/venv/lib/python3.13/site-packages/pygments/styles/zenburn.py
2025-12-03 20:47:24.5312621290	2230	./schemas/venv/lib/python3.13/site-packages/pygments/styles/perldoc.py
2025-12-03 20:47:24.5312621290	2390	./schemas/venv/lib/python3.13/site-packages/pygments/styles/rainbow_dash.py
2025-12-03 20:47:24.5312621290	2512	./schemas/venv/lib/python3.13/site-packages/pygments-2.19.2.dist-info/METADATA
2025-12-03 20:47:24.5312621290	2525	./schemas/venv/lib/python3.13/site-packages/pygments/styles/pastie.py
2025-12-03 20:47:24.5312621290	4247	./schemas/venv/lib/python3.13/site-packages/pygments/styles/solarized.py
2025-12-03 20:47:24.5312621290	53	./schemas/venv/lib/python3.13/site-packages/pygments-2.19.2.dist-info/entry_points.txt
2025-12-03 20:47:24.5312621290	7137	./schemas/venv/lib/python3.13/site-packages/pygments/styles/tango.py
2025-12-03 20:47:24.5312621290	831	./schemas/venv/lib/python3.13/site-packages/pygments/styles/staroffice.py
2025-12-03 20:47:24.5312621290	87	./schemas/venv/lib/python3.13/site-packages/pygments-2.19.2.dist-info/WHEEL
2025-12-03 20:47:25.3272618420	249	./schemas/venv/bin/pygmentize
2025-12-03 20:47:25.3272618420	4	./schemas/venv/lib/python3.13/site-packages/pygments-2.19.2.dist-info/INSTALLER
2025-12-03 20:47:25.3432618360	47428	./schemas/venv/lib/python3.13/site-packages/pygments-2.19.2.dist-info/RECORD
2025-12-03 20:47:25.3472618340	11374	./schemas/venv/lib/python3.13/site-packages/mdurl/_parse.py
2025-12-03 20:47:25.3472618340	2338	./schemas/venv/lib/python3.13/site-packages/mdurl-0.1.2.dist-info/LICENSE
2025-12-03 20:47:25.3472618340	2602	./schemas/venv/lib/python3.13/site-packages/mdurl/_encode.py
2025-12-03 20:47:25.3472618340	26	./schemas/venv/lib/python3.13/site-packages/mdurl/py.typed
2025-12-03 20:47:25.3472618340	284	./schemas/venv/lib/python3.13/site-packages/mdurl/_url.py
2025-12-03 20:47:25.3472618340	3004	./schemas/venv/lib/python3.13/site-packages/mdurl/_decode.py
2025-12-03 20:47:25.3472618340	547	./schemas/venv/lib/python3.13/site-packages/mdurl/__init__.py
2025-12-03 20:47:25.3472618340	626	./schemas/venv/lib/python3.13/site-packages/mdurl/_format.py
2025-12-03 20:47:25.3512618330	1638	./schemas/venv/lib/python3.13/site-packages/mdurl-0.1.2.dist-info/METADATA
2025-12-03 20:47:25.3512618330	81	./schemas/venv/lib/python3.13/site-packages/mdurl-0.1.2.dist-info/WHEEL
2025-12-03 20:47:25.3552618320	4	./schemas/venv/lib/python3.13/site-packages/mdurl-0.1.2.dist-info/INSTALLER
2025-12-03 20:47:25.3592618300	1152	./schemas/venv/lib/python3.13/site-packages/mdurl-0.1.2.dist-info/RECORD
2025-12-03 20:47:25.3672618270	1016	./schemas/venv/lib/python3.13/site-packages/markdown_it/parser_core.py
2025-12-03 20:47:25.3672618270	114	./schemas/venv/lib/python3.13/site-packages/markdown_it/__init__.py
2025-12-03 20:47:25.3672618270	12732	./schemas/venv/lib/python3.13/site-packages/markdown_it/main.py
2025-12-03 20:47:25.3672618270	2373	./schemas/venv/lib/python3.13/site-packages/markdown_it/_punycode.py
2025-12-03 20:47:25.3672618270	2447	./schemas/venv/lib/python3.13/site-packages/markdown_it/port.yaml
2025-12-03 20:47:25.3672618270	26	./schemas/venv/lib/python3.13/site-packages/markdown_it/py.typed
2025-12-03 20:47:25.3672618270	35	./schemas/venv/lib/python3.13/site-packages/markdown_it/_compat.py
2025-12-03 20:47:25.3672618270	3939	./schemas/venv/lib/python3.13/site-packages/markdown_it/parser_block.py
2025-12-03 20:47:25.3672618270	5024	./schemas/venv/lib/python3.13/site-packages/markdown_it/parser_inline.py
2025-12-03 20:47:25.3672618270	9142	./schemas/venv/lib/python3.13/site-packages/markdown_it/ruler.py
2025-12-03 20:47:25.3672618270	9947	./schemas/venv/lib/python3.13/site-packages/markdown_it/renderer.py
2025-12-03 20:47:25.3712618260	0	./schemas/venv/lib/python3.13/site-packages/markdown_it/cli/__init__.py
2025-12-03 20:47:25.3712618260	0	./schemas/venv/lib/python3.13/site-packages/markdown_it/common/__init__.py
2025-12-03 20:47:25.3712618260	1037	./schemas/venv/lib/python3.13/site-packages/markdown_it/helpers/parse_link_label.py
2025-12-03 20:47:25.3712618260	11111	./schemas/venv/lib/python3.13/site-packages/markdown_it/tree.py
2025-12-03 20:47:25.3712618260	1227	./schemas/venv/lib/python3.13/site-packages/markdown_it/rules_block/hr.py
2025-12-03 20:47:25.3712618260	157	./schemas/venv/lib/python3.13/site-packages/markdown_it/common/entities.py
2025-12-03 20:47:25.3712618260	1745	./schemas/venv/lib/python3.13/site-packages/markdown_it/rules_block/heading.py
2025-12-03 20:47:25.3712618260	1811	./schemas/venv/lib/python3.13/site-packages/markdown_it/presets/default.py
2025-12-03 20:47:25.3712618260	1906	./schemas/venv/lib/python3.13/site-packages/markdown_it/helpers/parse_link_destination.py
2025-12-03 20:47:25.3712618260	2113	./schemas/venv/lib/python3.13/site-packages/markdown_it/presets/zero.py
2025-12-03 20:47:25.3712618260	2273	./schemas/venv/lib/python3.13/site-packages/markdown_it/helpers/parse_link_title.py
2025-12-03 20:47:25.3712618260	2537	./schemas/venv/lib/python3.13/site-packages/markdown_it/rules_block/fence.py
2025-12-03 20:47:25.3712618260	253	./schemas/venv/lib/python3.13/site-packages/markdown_it/helpers/__init__.py
2025-12-03 20:47:25.3712618260	2568	./schemas/venv/lib/python3.13/site-packages/markdown_it/common/normalize_url.py
2025-12-03 20:47:25.3712618260	2625	./schemas/venv/lib/python3.13/site-packages/markdown_it/rules_block/lheading.py
2025-12-03 20:47:25.3712618260	2721	./schemas/venv/lib/python3.13/site-packages/markdown_it/rules_block/html_block.py
2025-12-03 20:47:25.3712618260	2869	./schemas/venv/lib/python3.13/site-packages/markdown_it/presets/commonmark.py
2025-12-03 20:47:25.3712618260	2881	./schemas/venv/lib/python3.13/site-packages/markdown_it/cli/parse.py
2025-12-03 20:47:25.3712618260	553	./schemas/venv/lib/python3.13/site-packages/markdown_it/rules_block/__init__.py
2025-12-03 20:47:25.3712618260	5687	./schemas/venv/lib/python3.13/site-packages/markdown_it/utils.py
2025-12-03 20:47:25.3712618260	6381	./schemas/venv/lib/python3.13/site-packages/markdown_it/token.py
2025-12-03 20:47:25.3712618260	860	./schemas/venv/lib/python3.13/site-packages/markdown_it/rules_block/code.py
2025-12-03 20:47:25.3712618260	8734	./schemas/venv/lib/python3.13/site-packages/markdown_it/common/utils.py
2025-12-03 20:47:25.3712618260	8887	./schemas/venv/lib/python3.13/site-packages/markdown_it/rules_block/blockquote.py
2025-12-03 20:47:25.3712618260	926	./schemas/venv/lib/python3.13/site-packages/markdown_it/common/html_re.py
2025-12-03 20:47:25.3712618260	9668	./schemas/venv/lib/python3.13/site-packages/markdown_it/rules_block/list.py
2025-12-03 20:47:25.3712618260	970	./schemas/venv/lib/python3.13/site-packages/markdown_it/presets/__init__.py
2025-12-03 20:47:25.3712618260	986	./schemas/venv/lib/python3.13/site-packages/markdown_it/common/html_blocks.py
2025-12-03 20:47:25.3752618240	1173	./schemas/venv/lib/python3.13/site-packages/markdown_it/rules_core/text_join.py
2025-12-03 20:47:25.3752618240	1651	./schemas/venv/lib/python3.13/site-packages/markdown_it/rules_inline/entity.py
2025-12-03 20:47:25.3752618240	1819	./schemas/venv/lib/python3.13/site-packages/markdown_it/rules_block/paragraph.py
2025-12-03 20:47:25.3752618240	2037	./schemas/venv/lib/python3.13/site-packages/markdown_it/rules_inline/backticks.py
2025-12-03 20:47:25.3752618240	2065	./schemas/venv/lib/python3.13/site-packages/markdown_it/rules_inline/autolink.py
2025-12-03 20:47:25.3752618240	3123	./schemas/venv/lib/python3.13/site-packages/markdown_it/rules_inline/emphasis.py
2025-12-03 20:47:25.3752618240	325	./schemas/venv/lib/python3.13/site-packages/markdown_it/rules_core/inline.py
2025-12-03 20:47:25.3752618240	3471	./schemas/venv/lib/python3.13/site-packages/markdown_it/rules_core/replacements.py
2025-12-03 20:47:25.3752618240	372	./schemas/venv/lib/python3.13/site-packages/markdown_it/rules_core/block.py
2025-12-03 20:47:25.3752618240	394	./schemas/venv/lib/python3.13/site-packages/markdown_it/rules_core/__init__.py
2025-12-03 20:47:25.3752618240	403	./schemas/venv/lib/python3.13/site-packages/markdown_it/rules_core/normalize.py
2025-12-03 20:47:25.3752618240	4852	./schemas/venv/lib/python3.13/site-packages/markdown_it/rules_inline/balance_pairs.py
2025-12-03 20:47:25.3752618240	5141	./schemas/venv/lib/python3.13/site-packages/markdown_it/rules_core/linkify.py
2025-12-03 20:47:25.3752618240	570	./schemas/venv/lib/python3.13/site-packages/markdown_it/rules_core/state_core.py
2025-12-03 20:47:25.3752618240	696	./schemas/venv/lib/python3.13/site-packages/markdown_it/rules_inline/__init__.py
2025-12-03 20:47:25.3752618240	6983	./schemas/venv/lib/python3.13/site-packages/markdown_it/rules_block/reference.py
2025-12-03 20:47:25.3752618240	7443	./schemas/venv/lib/python3.13/site-packages/markdown_it/rules_core/smartquotes.py
2025-12-03 20:47:25.3752618240	7682	./schemas/venv/lib/python3.13/site-packages/markdown_it/rules_block/table.py
2025-12-03 20:47:25.3752618240	8422	./schemas/venv/lib/python3.13/site-packages/markdown_it/rules_block/state_block.py
2025-12-03 20:47:25.3792618230	1073	./schemas/venv/lib/python3.13/site-packages/markdown_it_py-4.0.0.dist-info/licenses/LICENSE.markdown-it
2025-12-03 20:47:25.3792618230	1078	./schemas/venv/lib/python3.13/site-packages/markdown_it_py-4.0.0.dist-info/licenses/LICENSE
2025-12-03 20:47:25.3792618230	1119	./schemas/venv/lib/python3.13/site-packages/markdown_it/rules_inline/text.py
2025-12-03 20:47:25.3792618230	1130	./schemas/venv/lib/python3.13/site-packages/markdown_it/rules_inline/html_inline.py
2025-12-03 20:47:25.3792618230	1297	./schemas/venv/lib/python3.13/site-packages/markdown_it/rules_inline/newline.py
2025-12-03 20:47:25.3792618230	1493	./schemas/venv/lib/python3.13/site-packages/markdown_it/rules_inline/fragments_join.py
2025-12-03 20:47:25.3792618230	1659	./schemas/venv/lib/python3.13/site-packages/markdown_it/rules_inline/escape.py
2025-12-03 20:47:25.3792618230	1706	./schemas/venv/lib/python3.13/site-packages/markdown_it/rules_inline/linkify.py
2025-12-03 20:47:25.3792618230	3214	./schemas/venv/lib/python3.13/site-packages/markdown_it/rules_inline/strikethrough.py
2025-12-03 20:47:25.3792618230	4141	./schemas/venv/lib/python3.13/site-packages/markdown_it/rules_inline/image.py
2025-12-03 20:47:25.3792618230	4258	./schemas/venv/lib/python3.13/site-packages/markdown_it/rules_inline/link.py
2025-12-03 20:47:25.3792618230	5003	./schemas/venv/lib/python3.13/site-packages/markdown_it/rules_inline/state_inline.py
2025-12-03 20:47:25.3792618230	58	./schemas/venv/lib/python3.13/site-packages/markdown_it_py-4.0.0.dist-info/entry_points.txt
2025-12-03 20:47:25.3792618230	7288	./schemas/venv/lib/python3.13/site-packages/markdown_it_py-4.0.0.dist-info/METADATA
2025-12-03 20:47:25.3792618230	82	./schemas/venv/lib/python3.13/site-packages/markdown_it_py-4.0.0.dist-info/WHEEL
2025-12-03 20:47:25.4592617940	254	./schemas/venv/bin/markdown-it
2025-12-03 20:47:25.4592617940	4	./schemas/venv/lib/python3.13/site-packages/markdown_it_py-4.0.0.dist-info/INSTALLER
2025-12-03 20:47:25.4632617920	10844	./schemas/venv/lib/python3.13/site-packages/markdown_it_py-4.0.0.dist-info/RECORD
2025-12-03 20:47:25.4712617900	10209	./schemas/venv/lib/python3.13/site-packages/rich/_cell_widths.py
2025-12-03 20:47:25.4712617900	140235	./schemas/venv/lib/python3.13/site-packages/rich/_emoji_codes.py
2025-12-03 20:47:25.4712617900	6066	./schemas/venv/lib/python3.13/site-packages/rich/__init__.py
2025-12-03 20:47:25.4712617900	7752	./schemas/venv/lib/python3.13/site-packages/rich/__main__.py
2025-12-03 20:47:25.4752617880	10288	./schemas/venv/lib/python3.13/site-packages/rich/align.py
2025-12-03 20:47:25.4752617880	1064	./schemas/venv/lib/python3.13/site-packages/rich/_emoji_replace.py
2025-12-03 20:47:25.4752617880	1236	./schemas/venv/lib/python3.13/site-packages/rich/_loop.py
2025-12-03 20:47:25.4752617880	1394	./schemas/venv/lib/python3.13/site-packages/rich/_null_file.py
2025-12-03 20:47:25.4752617880	1901	./schemas/venv/lib/python3.13/site-packages/rich/_windows.py
2025-12-03 20:47:25.4752617880	19919	./schemas/venv/lib/python3.13/site-packages/rich/_spinners.py
2025-12-03 20:47:25.4752617880	2128	./schemas/venv/lib/python3.13/site-packages/rich/_export_format.py
2025-12-03 20:47:25.4752617880	22719	./schemas/venv/lib/python3.13/site-packages/rich/_win32_console.py
2025-12-03 20:47:25.4752617880	241	./schemas/venv/lib/python3.13/site-packages/rich/_extension.py
2025-12-03 20:47:25.4752617880	2759	./schemas/venv/lib/python3.13/site-packages/rich/_windows_renderer.py
2025-12-03 20:47:25.4752617880	3213	./schemas/venv/lib/python3.13/site-packages/rich/_log_render.py
2025-12-03 20:47:25.4752617880	3263	./schemas/venv/lib/python3.13/site-packages/rich/bar.py
2025-12-03 20:47:25.4752617880	3404	./schemas/venv/lib/python3.13/site-packages/rich/_wrap.py
2025-12-03 20:47:25.4752617880	351	./schemas/venv/lib/python3.13/site-packages/rich/_stack.py
2025-12-03 20:47:25.4752617880	417	./schemas/venv/lib/python3.13/site-packages/rich/_timer.py
2025-12-03 20:47:25.4752617880	423	./schemas/venv/lib/python3.13/site-packages/rich/_pick.py
2025-12-03 20:47:25.4752617880	5325	./schemas/venv/lib/python3.13/site-packages/rich/_ratio.py
2025-12-03 20:47:25.4752617880	6921	./schemas/venv/lib/python3.13/site-packages/rich/ansi.py
2025-12-03 20:47:25.4752617880	7063	./schemas/venv/lib/python3.13/site-packages/rich/_palettes.py
2025-12-03 20:47:25.4752617880	799	./schemas/venv/lib/python3.13/site-packages/rich/_fileno.py
2025-12-03 20:47:25.4752617880	878	./schemas/venv/lib/python3.13/site-packages/rich/abc.py
2025-12-03 20:47:25.4752617880	9656	./schemas/venv/lib/python3.13/site-packages/rich/_inspect.py
2025-12-03 20:47:25.4792617870	100789	./schemas/venv/lib/python3.13/site-packages/rich/console.py
2025-12-03 20:47:25.4792617870	1054	./schemas/venv/lib/python3.13/site-packages/rich/color_triplet.py
2025-12-03 20:47:25.4792617870	10650	./schemas/venv/lib/python3.13/site-packages/rich/box.py
2025-12-03 20:47:25.4792617870	12456	./schemas/venv/lib/python3.13/site-packages/rich/logging.py
2025-12-03 20:47:25.4792617870	1288	./schemas/venv/lib/python3.13/site-packages/rich/constrain.py
2025-12-03 20:47:25.4792617870	13944	./schemas/venv/lib/python3.13/site-packages/rich/layout.py
2025-12-03 20:47:25.4792617870	15180	./schemas/venv/lib/python3.13/site-packages/rich/live.py
2025-12-03 20:47:25.4792617870	1683	./schemas/venv/lib/python3.13/site-packages/rich/file_proxy.py
2025-12-03 20:47:25.4792617870	18211	./schemas/venv/lib/python3.13/site-packages/rich/color.py
2025-12-03 20:47:25.4792617870	2343	./schemas/venv/lib/python3.13/site-packages/rich/emoji.py
2025-12-03 20:47:25.4792617870	2484	./schemas/venv/lib/python3.13/site-packages/rich/filesize.py
2025-12-03 20:47:25.4792617870	25846	./schemas/venv/lib/python3.13/site-packages/rich/markdown.py
2025-12-03 20:47:25.4792617870	3228	./schemas/venv/lib/python3.13/site-packages/rich/jupyter.py
2025-12-03 20:47:25.4792617870	3521	./schemas/venv/lib/python3.13/site-packages/rich/live_render.py
2025-12-03 20:47:25.4792617870	4896	./schemas/venv/lib/python3.13/site-packages/rich/padding.py
2025-12-03 20:47:25.4792617870	5019	./schemas/venv/lib/python3.13/site-packages/rich/json.py
2025-12-03 20:47:25.4792617870	5130	./schemas/venv/lib/python3.13/site-packages/rich/cells.py
2025-12-03 20:47:25.4792617870	5305	./schemas/venv/lib/python3.13/site-packages/rich/measure.py
2025-12-03 20:47:25.4792617870	5502	./schemas/venv/lib/python3.13/site-packages/rich/containers.py
2025-12-03 20:47:25.4792617870	642	./schemas/venv/lib/python3.13/site-packages/rich/errors.py
2025-12-03 20:47:25.4792617870	6475	./schemas/venv/lib/python3.13/site-packages/rich/control.py
2025-12-03 20:47:25.4792617870	7131	./schemas/venv/lib/python3.13/site-packages/rich/columns.py
2025-12-03 20:47:25.4792617870	8221	./schemas/venv/lib/python3.13/site-packages/rich/default_styles.py
2025-12-03 20:47:25.4792617870	8427	./schemas/venv/lib/python3.13/site-packages/rich/markup.py
2025-12-03 20:47:25.4792617870	9586	./schemas/venv/lib/python3.13/site-packages/rich/highlighter.py
2025-12-03 20:47:25.4792617870	977	./schemas/venv/lib/python3.13/site-packages/rich/diagnose.py
2025-12-03 20:47:25.4832617850	0	./schemas/venv/lib/python3.13/site-packages/rich/py.typed
2025-12-03 20:47:25.4832617850	102	./schemas/venv/lib/python3.13/site-packages/rich/themes.py
2025-12-03 20:47:25.4832617850	11157	./schemas/venv/lib/python3.13/site-packages/rich/panel.py
2025-12-03 20:47:25.4832617850	1234	./schemas/venv/lib/python3.13/site-packages/rich/styled.py
2025-12-03 20:47:25.4832617850	12435	./schemas/venv/lib/python3.13/site-packages/rich/prompt.py
2025-12-03 20:47:25.4832617850	1367	./schemas/venv/lib/python3.13/site-packages/rich/protocol.py
2025-12-03 20:47:25.4832617850	1579	./schemas/venv/lib/python3.13/site-packages/rich/screen.py
2025-12-03 20:47:25.4832617850	166	./schemas/venv/lib/python3.13/site-packages/rich/region.py
2025-12-03 20:47:25.4832617850	24707	./schemas/venv/lib/python3.13/site-packages/rich/segment.py
2025-12-03 20:47:25.4832617850	26990	./schemas/venv/lib/python3.13/site-packages/rich/style.py
2025-12-03 20:47:25.4832617850	2831	./schemas/venv/lib/python3.13/site-packages/rich/scope.py
2025-12-03 20:47:25.4832617850	3288	./schemas/venv/lib/python3.13/site-packages/rich/palette.py
2025-12-03 20:47:25.4832617850	3370	./schemas/venv/lib/python3.13/site-packages/rich/terminal_theme.py
2025-12-03 20:47:25.4832617850	36263	./schemas/venv/lib/python3.13/site-packages/rich/syntax.py
2025-12-03 20:47:25.4832617850	36355	./schemas/venv/lib/python3.13/site-packages/rich/pretty.py
2025-12-03 20:47:25.4832617850	3771	./schemas/venv/lib/python3.13/site-packages/rich/theme.py
2025-12-03 20:47:25.4832617850	40025	./schemas/venv/lib/python3.13/site-packages/rich/table.py
2025-12-03 20:47:25.4832617850	4214	./schemas/venv/lib/python3.13/site-packages/rich/spinner.py
2025-12-03 20:47:25.4832617850	4419	./schemas/venv/lib/python3.13/site-packages/rich/repr.py
2025-12-03 20:47:25.4832617850	4424	./schemas/venv/lib/python3.13/site-packages/rich/status.py
2025-12-03 20:47:25.4832617850	4590	./schemas/venv/lib/python3.13/site-packages/rich/rule.py
2025-12-03 20:47:25.4832617850	47540	./schemas/venv/lib/python3.13/site-packages/rich/text.py
2025-12-03 20:47:25.4832617850	60408	./schemas/venv/lib/python3.13/site-packages/rich/progress.py
2025-12-03 20:47:25.4832617850	8162	./schemas/venv/lib/python3.13/site-packages/rich/progress_bar.py
2025-12-03 20:47:25.4832617850	828	./schemas/venv/lib/python3.13/site-packages/rich/pager.py
2025-12-03 20:47:25.4872617840	1056	./schemas/venv/lib/python3.13/site-packages/rich-14.2.0.dist-info/LICENSE
2025-12-03 20:47:25.4872617840	18257	./schemas/venv/lib/python3.13/site-packages/rich-14.2.0.dist-info/METADATA
2025-12-03 20:47:25.4872617840	35789	./schemas/venv/lib/python3.13/site-packages/rich/traceback.py
2025-12-03 20:47:25.4872617840	88	./schemas/venv/lib/python3.13/site-packages/rich-14.2.0.dist-info/WHEEL
2025-12-03 20:47:25.4872617840	9391	./schemas/venv/lib/python3.13/site-packages/rich/tree.py
2025-12-03 20:47:25.7112617030	4	./schemas/venv/lib/python3.13/site-packages/rich-14.2.0.dist-info/INSTALLER
2025-12-03 20:47:25.7152617010	0	./schemas/venv/lib/python3.13/site-packages/rich-14.2.0.dist-info/REQUESTED
2025-12-03 20:47:25.7152617010	9738	./schemas/venv/lib/python3.13/site-packages/rich-14.2.0.dist-info/RECORD
2025-12-04 10:41:21.0000000000	252	./src/gedcom_parser/normalization/__init__.py
2025-12-04 19:07:43.6655744290	519	./logs/gedcom_parser.log.1
2025-12-04 19:07:43.6655744290	6997545	./logs/gedcom_parser.log.2
2025-12-05 10:52:05.9011185040	12311	./schemas/venv/lib/python3.13/site-packages/yaml/__init__.py
2025-12-05 10:52:05.9011185040	1402	./schemas/venv/lib/python3.13/site-packages/_yaml/__init__.py
2025-12-05 10:52:05.9131184980	14190	./schemas/venv/lib/python3.13/site-packages/yaml/representer.py
2025-12-05 10:52:05.9131184980	1440	./schemas/venv/lib/python3.13/site-packages/yaml/nodes.py
2025-12-05 10:52:05.9131184980	2061	./schemas/venv/lib/python3.13/site-packages/yaml/loader.py
2025-12-05 10:52:05.9131184980	2445	./schemas/venv/lib/python3.13/site-packages/yaml/events.py
2025-12-05 10:52:05.9131184980	2533	./schemas/venv/lib/python3.13/site-packages/yaml/error.py
2025-12-05 10:52:05.9131184980	25495	./schemas/venv/lib/python3.13/site-packages/yaml/parser.py
2025-12-05 10:52:05.9131184980	2666184	./schemas/venv/lib/python3.13/site-packages/yaml/_yaml.cpython-313-aarch64-linux-gnu.so
2025-12-05 10:52:05.9131184980	2837	./schemas/venv/lib/python3.13/site-packages/yaml/dumper.py
2025-12-05 10:52:05.9131184980	28639	./schemas/venv/lib/python3.13/site-packages/yaml/constructor.py
2025-12-05 10:52:05.9131184980	3851	./schemas/venv/lib/python3.13/site-packages/yaml/cyaml.py
2025-12-05 10:52:05.9131184980	43006	./schemas/venv/lib/python3.13/site-packages/yaml/emitter.py
2025-12-05 10:52:05.9131184980	4883	./schemas/venv/lib/python3.13/site-packages/yaml/composer.py
2025-12-05 10:52:05.9131184980	51279	./schemas/venv/lib/python3.13/site-packages/yaml/scanner.py
2025-12-05 10:52:05.9131184980	6794	./schemas/venv/lib/python3.13/site-packages/yaml/reader.py
2025-12-05 10:52:05.9131184980	9004	./schemas/venv/lib/python3.13/site-packages/yaml/resolver.py
2025-12-05 10:52:05.9171184960	1101	./schemas/venv/lib/python3.13/site-packages/pyyaml-6.0.3.dist-info/licenses/LICENSE
2025-12-05 10:52:05.9171184960	11	./schemas/venv/lib/python3.13/site-packages/pyyaml-6.0.3.dist-info/top_level.txt
2025-12-05 10:52:05.9171184960	193	./schemas/venv/lib/python3.13/site-packages/pyyaml-6.0.3.dist-info/WHEEL
2025-12-05 10:52:05.9171184960	2351	./schemas/venv/lib/python3.13/site-packages/pyyaml-6.0.3.dist-info/METADATA
2025-12-05 10:52:05.9171184960	2573	./schemas/venv/lib/python3.13/site-packages/yaml/tokens.py
2025-12-05 10:52:05.9171184960	4165	./schemas/venv/lib/python3.13/site-packages/yaml/serializer.py
2025-12-05 10:52:05.9691184700	4	./schemas/venv/lib/python3.13/site-packages/pyyaml-6.0.3.dist-info/INSTALLER
2025-12-05 10:52:05.9731184680	0	./schemas/venv/lib/python3.13/site-packages/pyyaml-6.0.3.dist-info/REQUESTED
2025-12-05 10:52:05.9731184680	2794	./schemas/venv/lib/python3.13/site-packages/pyyaml-6.0.3.dist-info/RECORD
2025-12-05 10:52:40.1131008850	1573	./logs/exporter.log
2025-12-05 15:47:13.0827276680	169	./docs/clear_prompt.txt
2025-12-05 15:47:45.9106525180	178395	./docs/legacy/GEDCOM Parser Project – Comprehensive Audit & Upgrade Plan.pdf
2025-12-05 16:05:39.8482113650	105	./me.pub
2025-12-05 16:05:39.8482113650	464	./me
2025-12-06 08:22:58.5720329250	1374	./.git/hooks/pre-push.sample
2025-12-06 08:22:58.5720329250	1492	./.git/hooks/prepare-commit-msg.sample
2025-12-06 08:22:58.5720329250	1649	./.git/hooks/pre-commit.sample
2025-12-06 08:22:58.5720329250	189	./.git/hooks/post-update.sample
2025-12-06 08:22:58.5720329250	2308	./.git/hooks/sendemail-validate.sample
2025-12-06 08:22:58.5720329250	240	./.git/info/exclude
2025-12-06 08:22:58.5720329250	2783	./.git/hooks/push-to-checkout.sample
2025-12-06 08:22:58.5720329250	3650	./.git/hooks/update.sample
2025-12-06 08:22:58.5720329250	416	./.git/hooks/pre-merge-commit.sample
2025-12-06 08:22:58.5720329250	424	./.git/hooks/pre-applypatch.sample
2025-12-06 08:22:58.5720329250	4726	./.git/hooks/fsmonitor-watchman.sample
2025-12-06 08:22:58.5720329250	478	./.git/hooks/applypatch-msg.sample
2025-12-06 08:22:58.5720329250	4898	./.git/hooks/pre-rebase.sample
2025-12-06 08:22:58.5720329250	544	./.git/hooks/pre-receive.sample
2025-12-06 08:22:58.5720329250	73	./.git/description
2025-12-06 08:22:58.5720329250	896	./.git/hooks/commit-msg.sample
2025-12-06 08:23:38.9441074890	70	./.git/objects/e4/9cc56bfe9a40d22201022c31fb18600cf20614
2025-12-06 08:23:39.0801077340	11663	./.git/objects/dd/90d4ed36beeb63911f65b8d27c2ca4cc3d014c
2025-12-06 08:23:39.0801077340	135	./.git/objects/6b/70ea8a8055f0c6489a64e92170a33653c71f95
2025-12-06 08:23:39.0801077340	1873072	./.git/objects/5b/612e38fe3751891ef0ba8e728135ebe42d2c0f
2025-12-06 08:23:39.0801077340	227	./.git/objects/99/1595372b6d306276c175ed85a1a9bac3a653d4
2025-12-06 08:23:39.0801077340	640	./.git/objects/cd/5c66407b6d23adc53e73199a89d5523d9ad3ad
2025-12-06 08:23:39.0801077340	7179	./.git/objects/f9/93021a53b5e947dba0854eb63e6972bbc928f3
2025-12-06 08:23:39.0801077340	891	./.git/objects/79/38fb17a2f716878770ce1cb57f6fdff21a1b2b
2025-12-06 08:23:39.0841077410	1018	./.git/objects/8c/9da7c04c66936e32898c6b1a4f4050294ef518
2025-12-06 08:23:39.0841077410	1128	./.git/objects/58/536fdb478fb755c39e9e0d634959070c595723
2025-12-06 08:23:39.0841077410	1149	./.git/objects/3d/77b3c3f70c61a5c07e7fd4c2c9dd1bf0e3be05
2025-12-06 08:23:39.0841077410	1316	./.git/objects/ac/9d20acc00461abc2a1ef8fb1061ef446ce4556
2025-12-06 08:23:39.0841077410	1328	./.git/objects/71/57df14cd0281fa6117e6a03547837a9a768acd
2025-12-06 08:23:39.0841077410	1652	./.git/objects/73/d48925f2cede4a3f3cbbd059e4b51faa0cb7f8
2025-12-06 08:23:39.0841077410	3425	./.git/objects/a0/a14824e3f8a3b793d9765eceff60e7e67e3ed6
2025-12-06 08:23:39.0841077410	445	./.git/objects/92/520d7b54c4ede392268bcb1c37986803d9b544
2025-12-06 08:23:39.0841077410	640	./.git/objects/0b/c0e03ed9b430766bc29f59d6ef83d1f23caad5
2025-12-06 08:23:39.0841077410	9001	./.git/objects/49/ebba7f574802950c966ea9879c3648026071d5
2025-12-06 08:23:39.0841077410	932	./.git/objects/1a/ba0a1f27691cad0c74c921a17278836cd01a48
2025-12-06 08:23:39.0881077480	1247	./.git/objects/16/5680de2c5ccd08047902adc5eb052492be7fdc
2025-12-06 08:23:39.0881077480	1543	./.git/objects/c7/e349a6a961cb86402392aa9cd28dd3b8435458
2025-12-06 08:23:39.0881077480	1728	./.git/objects/b7/44eedeed69d258f8a4d886500b489427b8ff2f
2025-12-06 08:23:39.0881077480	1993	./.git/objects/94/7b4d455842a652a650b4d85ef916dc333bf50d
2025-12-06 08:23:39.0881077480	2413	./.git/objects/33/414e7935395485f37c10eefed61fe78c89fc3a
2025-12-06 08:23:39.0881077480	31995	./.git/objects/ee/8bb7a135aebdbb5e3289f8514e37ce4087efa1
2025-12-06 08:23:39.0881077480	707	./.git/objects/b4/30c17de46e560da337df8af430b9718abaafa4
2025-12-06 08:23:39.0881077480	748	./.git/objects/41/6b874bb580c1e998f1cbee9239c9007b205669
2025-12-06 08:23:39.0881077480	976	./.git/objects/6d/63d87dff54acdb8f2a50f8a8dfc2ceb30c0418
2025-12-06 08:23:39.0921077550	2590	./.git/objects/ba/ec73f2d711373bcc6a3e3bfb2fe3f47862d89f
2025-12-06 08:23:39.0921077550	475	./.git/objects/6f/d1ab84c95a905636a5c62eec7d40f74e20800b
2025-12-06 08:23:39.0921077550	516	./.git/objects/34/41cadb32fead8047a1a85a5d705be9f6530f94
2025-12-06 08:23:39.0921077550	628	./.git/objects/11/34d2e229508dd99c876459993dd52bd2645f36
2025-12-06 08:23:39.0961077620	107133	./.git/objects/0f/0e08a47f21d149b96456bfd8ff5c3d2a5900f2
2025-12-06 08:23:39.1041077770	167943	./.git/objects/8d/26ae2d61361f1efff3033db027643f84f5445c
2025-12-06 08:23:39.1361078340	1973	./.git/objects/17/0c79d76e957bd2ca10fc651226a76fa3ff0d7a
2025-12-06 08:23:39.1361078340	43257	./.git/objects/c4/a6e334ce90ae6b1deb98a7996e1f5ad58d0b43
2025-12-06 08:23:39.1361078340	747143	./.git/objects/5f/bdfa082eb690aad8afd8cf52c05c9e010c99cf
2025-12-06 08:23:39.1441078480	201838	./.git/objects/e2/f7b1e82a0546d0e77288d915564b2b90f4c12c
2025-12-06 08:23:39.1481078560	89490	./.git/objects/58/0fd038139da25e2742f7d0f1260ae8b01a029f
2025-12-06 08:23:39.1521078630	2501	./.git/objects/b1/1a2de899b3bd86be9567df37e99cbb94ace5e3
2025-12-06 08:23:39.1521078630	2928	./.git/objects/bc/808f55133a62b4e3d02f7add4ab5fd29da9ccc
2025-12-06 08:23:39.1521078630	3347	./.git/objects/46/6776b60129c376ea4e5f9c6ca2d89238bbd2d2
2025-12-06 08:23:39.1521078630	789	./.git/objects/7c/75a171ea17147066b8220ec3364aff430cf45a
2025-12-06 08:23:39.1601078770	219000	./.git/objects/01/a0c7417d6c51110cdad12840734eb9074e34ab
2025-12-06 08:23:39.1961079420	1797	./.git/objects/a9/b98f1a7b2f4a5ea1553d573d375e32a24fb23b
2025-12-06 08:23:39.1961079420	1983	./.git/objects/f2/9a304dca7cd412e7e77120a76d88d47ce708eb
2025-12-06 08:23:39.1961079420	2075	./.git/objects/5d/3a3c365238415719e4c933e3b60408e0c44ba2
2025-12-06 08:23:39.1961079420	2118	./.git/objects/5b/aa784da41527141e692c417c94a7b0c6946dcd
2025-12-06 08:23:39.1961079420	2192	./.git/objects/f6/3da48806e910f0f7c554a349af38772d41bb0a
2025-12-06 08:23:39.1961079420	2535	./.git/objects/d8/9953e91ed60b8b9b9c4adebaa840c352f71d44
2025-12-06 08:23:39.1961079420	2989	./.git/objects/cd/10e64569ed5dd02d16e73fd8ad99765f21db92
2025-12-06 08:23:39.1961079420	3124	./.git/objects/7f/d915bdef60c4d3b69b3b7d192064b16407f4b3
2025-12-06 08:23:39.1961079420	681461	./.git/objects/96/8f4fe3f8e53b7f9a9044cbe89b919a722bc004
2025-12-06 08:23:39.1961079420	937	./.git/objects/be/da45a699845d7d0bd5d7a862e44a3bfab300d4
2025-12-06 08:23:39.2081079630	1309	./.git/objects/46/fee0f81138695ce18744f240d410b75a4457cc
2025-12-06 08:23:39.2081079630	1786	./.git/objects/df/193124d5fae48a60cab29976a056801c9f994f
2025-12-06 08:23:39.2081079630	5713	./.git/objects/03/88759e4895210fc05ca6c813fd6c1c0bfa159d
2025-12-06 08:23:39.2081079630	720	./.git/objects/84/7fa934c9bd06dcd0e25d31441d13b9f63a78bd
2025-12-06 08:23:39.2081079630	97262	./.git/objects/1a/aa24c09726ede42b81112cac0b641bfb7048b5
2025-12-06 08:23:39.2201079850	78502	./.git/objects/99/d51b82c71eae56f6f7cbcb045e3e026e233964
2025-12-06 08:23:39.2281079990	40119	./.git/objects/42/7370b3f96e46cf3cdc9aac314f00c6433f18e4
2025-12-06 08:23:39.2401080210	49269	./.git/objects/97/a4a698c3fea92e78f2c975b0265b8efffbda2a
2025-12-06 08:23:39.2441080280	58486	./.git/objects/44/cb040d5d1b8c95b573dcd83fcb5cd113893568
2025-12-06 08:23:39.2481080350	260	./.git/objects/4a/17365c26ffd0360ef4b59a3aba663ea970887b
2025-12-06 08:23:39.3321081860	123	./.git/objects/56/f220e7f1de53edd2fec4269389e09019ff0d7c
2025-12-06 08:23:39.3321081860	274	./.git/objects/9b/80ec6f9b3cfc15be9bc31267998cb0bef3edd8
2025-12-06 08:23:39.3321081860	555940	./.git/objects/67/9ad37e3826000d66f78922a31f873f6ae7ebea
2025-12-06 08:23:39.4321083660	1099338	./.git/objects/79/3aa3afb95f7a1b9de484c8b374935217beb0b3
2025-12-06 08:23:39.4321083660	18	./.git/objects/b2/8b04f643122b019e912540f228c8ed20be9eeb
2025-12-06 08:23:39.8521091200	3428250	./.git/objects/bf/1143c926a9dc01cc2ca1fadebe23e96343f1ab
2025-12-06 08:23:39.8561091280	118	./.git/objects/8e/fb3f6f157c619516b48d118e991acb18476d76
2025-12-06 08:23:39.8561091280	1535	./.git/objects/cc/45fe96949c840ba06239ff664ae35b08174df0
2025-12-06 08:23:39.8561091280	167	./.git/objects/bb/c84f5aff09f7212b06fadd298580e088581c58
2025-12-06 08:23:39.8561091280	18489	./.git/objects/04/56e64ac39a7b5660460316bd69b986c6bc73d0
2025-12-06 08:23:39.8561091280	369	./.git/objects/92/8f55af7421d426053697f00307af705fb366d5
2025-12-06 08:23:39.8561091280	441	./.git/objects/71/511a4806f0d2448bd73006c5c2ffdddea27e63
2025-12-06 08:23:39.9881093650	1643458	./.git/objects/24/46567bf8f7aa7157c258125744a3c0b46e45d5
2025-12-06 08:23:39.9921093720	10530	./.git/objects/97/f278e96de3b5db246239346c3afc3665a71728
2025-12-06 08:23:39.9921093720	1714	./.git/objects/6d/db8d8b3fd75663e3552673a87ff7b9991be3f9
2025-12-06 08:23:39.9921093720	9724	./.git/objects/07/e0d4cbb02bb60de1b6e29caacdc389fff4840c
2025-12-06 08:23:40.0641095010	3979	./.git/objects/8c/b9772c4d60ab0c017dfc5adb716b86fcbc3189
2025-12-06 08:23:40.0641095010	863034	./.git/objects/16/97c3f6e90e2eb5bbd688076b0049260599a549
2025-12-06 08:23:40.1161095940	638447	./.git/objects/2e/5383edd5d7ef8fdbe1af4f2567e33146f7a20e
2025-12-06 08:23:40.1841097160	829912	./.git/objects/7e/ebfde7db9328e35a3a1c4278d34f869cccdf7d
2025-12-06 08:23:40.2361098100	675662	./.git/objects/24/da56e0df160f45d413a2357d3d27818b546727
2025-12-06 08:23:40.2681098670	377792	./.git/objects/68/8a3fa1eb286b4bea647eae06e5bdb50f58f363
2025-12-06 08:23:40.2721098740	1047	./.git/objects/2c/ee01ae9cea38e27aa3ea30b161f1ae8380560d
2025-12-06 08:23:40.2721098740	1222	./.git/objects/60/9b2733c8e27001a73b6f85035d7b77fa614ad2
2025-12-06 08:23:40.2721098740	18	./.git/objects/5f/282702bb03ef11d7184d19c80927b47f919764
2025-12-06 08:23:40.2721098740	22265	./.git/objects/61/2c1bee8a4bbb633fc109a2f21ce42345404c0d
2025-12-06 08:23:40.2721098740	740	./.git/objects/f4/28fd6c300305a321a29b86950a75f91ed379a0
2025-12-06 08:23:40.2721098740	933	./.git/objects/ec/5789a6c78ee366c6d9a5c3ed1f39ab56f392df
2025-12-06 08:23:40.2721098740	937	./.git/objects/10/8599134cff7a8850046637dfcf7f9d9d851971
2025-12-06 08:23:40.2761098810	209	./.git/objects/bd/dc16c2de7d5d23ca7ecc6a1eddff647a07d610
2025-12-06 08:23:40.2761098810	210	./.git/objects/b9/2e47042a72fec16f86c22dcc2b59386cb91d0a
2025-12-06 08:23:40.2801098890	1005	./.git/objects/3b/d809eac5583aba7d6ba089727cfec2801223ce
2025-12-06 08:23:40.2801098890	1046	./.git/objects/0e/0be85f1404a89ec7772a54eab2890cea1049f0
2025-12-06 08:23:40.2801098890	1081	./.git/objects/82/15e0310fc5213bb69d1e64251ae8b9e2c06ed5
2025-12-06 08:23:40.2801098890	1134	./.git/objects/cb/7bfc1fed914d36a733aea5c6d2e4c33449f8d7
2025-12-06 08:23:40.2801098890	1221	./.git/objects/4e/7f5aee89a33ba863b7779302dd8b9c89ef5611
2025-12-06 08:23:40.2801098890	1276	./.git/objects/06/5d3b2a80591e4dd6a122464b16dc696af27157
2025-12-06 08:23:40.2801098890	1393	./.git/objects/c0/1f60a8ce8981e37c7ef05302117af1960e008b
2025-12-06 08:23:40.2801098890	1645	./.git/objects/b2/829463ec636dfd639d84715be61c598a24193d
2025-12-06 08:23:40.2801098890	1652	./.git/objects/b4/2fdbcaa7e9a700555c91b659b49a1c83321499
2025-12-06 08:23:40.2801098890	1755	./.git/objects/94/78ee411aa91f76d92377dcb94f3017486adb28
2025-12-06 08:23:40.2801098890	208	./.git/objects/8e/757ffa9f5ef916de4e4d373ebad6fa22cc1b8c
2025-12-06 08:23:40.2801098890	2310	./.git/objects/66/1e35c9ccbce64825c58e729116adedb24c1431
2025-12-06 08:23:40.2801098890	236	./.git/objects/a5/8192a9258c903b9c57e661b65ad2281d8d63be
2025-12-06 08:23:40.2801098890	263	./.git/objects/fb/4a965e26cdf5622857f5bbe1863173a29a563c
2025-12-06 08:23:40.2801098890	2772	./.git/objects/ac/c0e0fc472022eb8cc8b7b2e4538f5c2084f6bf
2025-12-06 08:23:40.2801098890	401	./.git/objects/17/9194541d66519af8537bc1c88682ac6f399254
2025-12-06 08:23:40.2801098890	813	./.git/objects/8a/7bff20fd9958e00860fb98140d4db33056360a
2025-12-06 08:23:40.2801098890	837	./.git/objects/58/a28e947bfcaa4d4b87bbb11ec72f7f6ef20537
2025-12-06 08:23:40.2841098960	102	./.git/objects/e9/426a4996e62ae24eb8786e30819ad7456b9855
2025-12-06 08:23:40.2841098960	1145	./.git/objects/14/7f424bcd9fd46c9ff7cf0360bddd5f7a5a3596
2025-12-06 08:23:40.2841098960	1187	./.git/objects/24/990dc5bae7f7a4150fb382d911565bde89b69e
2025-12-06 08:23:40.2841098960	1242	./.git/objects/36/6573e18562242ea348949b4fe01deb0d67eeac
2025-12-06 08:23:40.2841098960	147	./.git/objects/98/2677bab67c8c5510709e2951bc84db75d57879
2025-12-06 08:23:40.2841098960	175	./.git/objects/04/e4fd165a6a744b78bafe14f85d1dc035524bef
2025-12-06 08:23:40.2841098960	175	./.git/objects/73/1fa5c07390841d0fc68cd94e7d60ac6e651ed3
2025-12-06 08:23:40.2841098960	1814	./.git/objects/97/b422963bb0f8593db6ef4c6a79908428684693
2025-12-06 08:23:40.2841098960	212	./.git/objects/2f/aea18894934523e1605fe484554b80ec07e08f
2025-12-06 08:23:40.2841098960	222	./.git/objects/9a/c179a3a14c8c03c1153f0af6ce332c3cca4a9e
2025-12-06 08:23:40.2841098960	249	./.git/objects/c5/1b01f396d98f7f0cb65a4daa9e1e48e180fd24
2025-12-06 08:23:40.2841098960	254	./.git/objects/b0/14a16a62b06b3617775faf60bb4c7f130aa570
2025-12-06 08:23:40.2841098960	454	./.git/objects/0b/be358cda04080d87b0fb5fde6b42ac4646327b
2025-12-06 08:23:40.2841098960	505	./.git/objects/7e/accadf43d799759569d369e92c994b5d12ef26
2025-12-06 08:23:40.2841098960	5135	./.git/objects/07/704fca1eff8c08c1175c61eef2b60df66e2cd6
2025-12-06 08:23:40.2841098960	623	./.git/objects/37/6a799430bea3696e310725b95a68eddceacc56
2025-12-06 08:23:40.2841098960	684	./.git/objects/d1/f804b3eb286a3a1825f5a8f284cc26f12e6062
2025-12-06 08:23:40.2841098960	721	./.git/objects/69/69d2c3d9a0940235bb273162576b9c39530097
2025-12-06 08:23:40.2841098960	772	./.git/objects/5c/32d5eb2ab25252dd4e631fc9e850a7e1252ba1
2025-12-06 08:23:40.2841098960	881	./.git/objects/31/26afbf28c31e7c779609d82ae6c63c6acfdb56
2025-12-06 08:23:40.2881099030	1019	./.git/objects/cc/dea9b4d090615425eb23375f9ca6afd4a2e55c
2025-12-06 08:23:40.2881099030	1247	./.git/objects/19/4b3366059297bb6d0fce604fca43f07183dc7d
2025-12-06 08:23:40.2881099030	1404	./.git/objects/94/eb8679d01fe24f2d7f2468b14018606d5f8b99
2025-12-06 08:23:40.2881099030	153	./.git/objects/96/9f6fc7f448d6f7688f5a3d762849f218eb201b
2025-12-06 08:23:40.2881099030	1646	./.git/objects/96/d89c9964115aaf4b9e13e16a08d37e95941d70
2025-12-06 08:23:40.2881099030	170	./.git/objects/ee/66aec4e875d112de996d2397417547b382c68e
2025-12-06 08:23:40.2881099030	1844	./.git/objects/c5/e17c6b4dc033a9a7af2ef90ec3b6f868353464
2025-12-06 08:23:40.2881099030	2424	./.git/objects/ec/68a3ea273b5383eefda6a6a93e8b4f5598931a
2025-12-06 08:23:40.2881099030	2464	./.git/objects/28/24bb89610177085b26793b0d75cbef6b1cb6be
2025-12-06 08:23:40.2881099030	284	./.git/objects/d4/68fe26cdb84333119990d4b8764a06e235d147
2025-12-06 08:23:40.2881099030	317	./.git/objects/26/132f5d2cd4188abbac7bc0bec64e7d623f55e6
2025-12-06 08:23:40.2881099030	3593	./.git/objects/e5/41e873612bbc2f199be99c00949f49ffbb485d
2025-12-06 08:23:40.2881099030	390	./.git/objects/34/145f507e0dfa24a2796dde8dbe6c5e4b829db7
2025-12-06 08:23:40.2881099030	439	./.git/objects/81/5723582f650471209b80b945b6da004af4b47f
2025-12-06 08:23:40.2881099030	5074	./.git/objects/b2/b7b43df5e3ce918f781301d92f2c0dc8b729b1
2025-12-06 08:23:40.2881099030	530	./.git/objects/28/8caacc29a6d81544aa43b651d698ea0bccb2c6
2025-12-06 08:23:40.2881099030	54	./.git/objects/3a/da1ee4e585a4b2664b66ace385ea172f9e769e
2025-12-06 08:23:40.2881099030	7742	./.git/objects/c2/31556eee978921cb004a9a06dec45ffeeedf39
2025-12-06 08:23:40.2881099030	985	./.git/objects/ce/daf1985898d22c07daf6c1912072c80b83144c
2025-12-06 08:23:40.2921099100	103	./.git/objects/f3/5650d93279c5c7da272266efce4e4ffa47658f
2025-12-06 08:23:40.2921099100	120	./.git/objects/31/542ef5991909dec37802ea3150cc0fddafe66f
2025-12-06 08:23:40.2921099100	184	./.git/objects/17/9589c48e186c61418edfe2b8e6007a3d508f46
2025-12-06 08:23:40.2921099100	257	./.git/objects/20/7d6fa7c665cf81b625eff12cde35357ec3e109
2025-12-06 08:23:40.2921099100	258	./.git/objects/80/d9cfce9a9f14f9818db62132621b0729d07cb1
2025-12-06 08:23:40.2921099100	260	./.git/objects/20/2937b3b37a60e6f94c9b77edc454f1684aeb98
2025-12-06 08:23:40.2921099100	386	./.git/objects/a6/dabe74ef20ba3341b36ec3ee8fdac4b297a9c5
2025-12-06 08:23:40.2921099100	576	./.git/objects/e0/04f4b4a7fa4cfe78bee5300447863dd2625003
2025-12-06 08:23:40.2921099100	67	./.git/objects/73/33d25a2b733495924ab8068a81c4d886fffbde
2025-12-06 08:23:40.2921099100	69	./.git/objects/0c/a283b68f47fedaddf94706161627038f95844f
2025-12-06 08:23:40.2921099100	87	./.git/objects/2c/a2f525b18b63c01d8435d685f2242f663d7d5a
2025-12-06 08:23:40.2921099100	90	./.git/objects/77/ad700d34e9554d680931534c7975864abefd87
2025-12-06 08:23:40.2921099100	91	./.git/objects/c2/94950d368c7fa857aa7620a5ad71c38b2cf701
2025-12-06 08:23:40.2921099100	926	./.git/objects/ae/f8ad3da900b3feb359ebff2e25e683aebcc25f
2025-12-06 08:23:40.2921099100	937	./.git/objects/ca/efd784ac93d779cc5f3f0800d37d16a173fc32
2025-12-06 08:23:40.2921099100	93	./.git/objects/e7/424df306a274e7942cb34ed1fa3c25d30246b3
2025-12-06 08:23:40.2921099100	99	./.git/objects/83/512033d5be8f8417cf530b4d180f839578efb4
2025-12-06 08:23:40.2961099170	159	./.git/objects/9d/8560ffb7732c2b8c236f552ed4c5741f6e42b5
2025-12-06 08:23:40.2961099170	290	./.git/objects/4f/5af725f909b02a6caf078fbe53bc5a75f7cb4b
2025-12-06 08:23:40.2961099170	344	./.git/objects/4d/95bc6daf616ee40834cabd909804ae7e860465
2025-12-06 08:23:40.2961099170	55	./.git/objects/6c/5778d527c379807c235645e55d3a31a58c3390
2025-12-06 08:23:40.2961099170	610	./.git/objects/6c/b696375c727251c7ef935f5657d4460d9d39fd
2025-12-06 08:23:40.2961099170	794	./.git/objects/a3/48c83af4688a87fa406b1600d3de0bc3e0f9ee
2025-12-06 08:23:40.5681104050	21	./.git/HEAD
2025-12-06 08:27:34.9164748010	402	./.git/objects/65/3aa2bd4ee1674d2c32f70a03ee37e5e497b261
2025-12-06 08:27:34.9204748060	794	./.git/objects/a5/938af8f3821f0e61be5b7ebea2275bb0cff373
2025-12-06 08:27:34.9244748110	182	./.git/objects/b2/ef63101842b34c19ae007b815f1af0e8bfb201
2025-12-06 08:32:31.9248208690	1057	./.git/workflows/python-ci.yml
2025-12-06 08:37:51.6327937460	266	./.git/objects/86/1ec1943ccd8961242f595fb8241eb1a41cccec
2025-12-06 08:37:51.6367937110	795	./.git/objects/b6/55631ac5c1319cea3db55eeb2a0acdcf460cdc
2025-12-06 08:37:51.6407936750	186	./.git/objects/35/a893d05ee6c649cc8ef82f19e6f7b3cc6bab3b
2025-12-06 12:57:18.0000000000	391	./src/gedcom_parser/entities/__init__.py
2025-12-06 12:58:03.2907562140	0	./logs/entities.entity_base.log
2025-12-07 15:09:58.0000000000	1652	./src/gedcom_parser/exporter/exporter.py
2025-12-07 15:10:41.0000000000	215	./src/gedcom_parser/exporter/__init__.py
2025-12-07 17:21:32.5356099290	158	./.git/objects/9f/bea11c32d7389bb8e3c623b21b023a7a7d74b1
2025-12-07 17:21:32.5356099290	1952	./.git/objects/43/1a47f73efbf9397c43d2696eb4299f72d54af7
2025-12-07 17:21:32.5356099290	2484	./.git/objects/5d/a180c03584860138e6e49bd7655c1b934f2506
2025-12-07 17:21:32.5356099290	267	./.git/objects/8a/eb80832cb5381c85b8fb6c4f106dc74129ff56
2025-12-07 17:21:32.5356099290	716	./.git/objects/2f/59dfd4c0a18781da4d7d6c790798b29fd78f4c
2025-12-07 17:21:32.5396099120	120	./.git/objects/aa/6bfae3a32fef2814cf22128857fef5215d4652
2025-12-07 17:21:32.5396099120	196	./.git/objects/8a/8997fb753e28b53bf646b571fe9f59f1ac34c4
2025-12-07 17:21:32.5396099120	257	./.git/objects/32/b9c64641c895926826d598226530a5787a4047
2025-12-07 17:21:32.5396099120	55	./.git/objects/6a/82da76515a7956382eaa859adf44003c711d4e
2025-12-07 17:21:32.5396099120	609	./.git/objects/aa/0e50193d503c257267af11a0adff84344939a7
2025-12-07 17:21:32.5396099120	794	./.git/objects/bc/c78ff00202621bf02da8f3e5190a545ae8a741
2025-12-07 17:24:41.3949020940	157	./.git/objects/94/956618a956ed56c32cdca5bd113105ae9b6f7f
2025-12-07 17:24:41.3949020940	41	./.git/refs/tags/baseline-stable
2025-12-07 17:41:21.8528324860	240	./docs/legacy/codex_prompt.txt
2025-12-07 17:43:43.0000000000	6005	./src/gedcom_parser/entities/entity_base.py
2025-12-07 17:56:39.0802480050	175	./.git/objects/87/8e302af885f4c9a6ccb84bf3fceb91901200fe
2025-12-07 17:56:39.0802480050	41	./.git/refs/tags/groupA-baseline
2025-12-09 09:40:00.0000000000	35838	./src/gedcom_parser/postprocess/entity_resolution.py
2025-12-09 09:40:38.4390481200	130	./outputs/summary.json
2025-12-09 09:40:38.4390481200	57	./outputs/candidates.json
2025-12-09 09:40:43.3430458240	11357	./logs/entity_resolution.log
2025-12-09 15:38:12.4606976730	2340	./logs/entities.registry.log
2025-12-10 10:11:26.0000000000	6635	./src/gedcom_parser/postprocess/place_standardizer.py
2025-12-10 12:01:35.0915445230	3685	./docs/legacy/course of actions.txt
2025-12-10 12:31:16.7034851170	0	./schemas/venv/lib/python3.13/site-packages/pluggy/py.typed
2025-12-10 12:31:16.7034851170	1110	./schemas/venv/lib/python3.13/site-packages/pluggy-1.6.0.dist-info/licenses/LICENSE
2025-12-10 12:31:16.7034851170	20219	./schemas/venv/lib/python3.13/site-packages/pluggy/_manager.py
2025-12-10 12:31:16.7034851170	2073	./schemas/venv/lib/python3.13/site-packages/pluggy/_tracing.py
2025-12-10 12:31:16.7034851170	25218	./schemas/venv/lib/python3.13/site-packages/pluggy/_hooks.py
2025-12-10 12:31:16.7034851170	3098	./schemas/venv/lib/python3.13/site-packages/pluggy/_result.py
2025-12-10 12:31:16.7034851170	4811	./schemas/venv/lib/python3.13/site-packages/pluggy-1.6.0.dist-info/METADATA
2025-12-10 12:31:16.7034851170	5991	./schemas/venv/lib/python3.13/site-packages/pluggy/_callers.py
2025-12-10 12:31:16.7034851170	704	./schemas/venv/lib/python3.13/site-packages/pluggy/_version.py
2025-12-10 12:31:16.7034851170	7	./schemas/venv/lib/python3.13/site-packages/pluggy-1.6.0.dist-info/top_level.txt
2025-12-10 12:31:16.7034851170	811	./schemas/venv/lib/python3.13/site-packages/pluggy/__init__.py
2025-12-10 12:31:16.7034851170	828	./schemas/venv/lib/python3.13/site-packages/pluggy/_warnings.py
2025-12-10 12:31:16.7034851170	91	./schemas/venv/lib/python3.13/site-packages/pluggy-1.6.0.dist-info/WHEEL
2025-12-10 12:31:16.7194850890	4	./schemas/venv/lib/python3.13/site-packages/pluggy-1.6.0.dist-info/INSTALLER
2025-12-10 12:31:16.7234850820	1530	./schemas/venv/lib/python3.13/site-packages/pluggy-1.6.0.dist-info/RECORD
2025-12-10 12:31:16.7274850750	494	./schemas/venv/lib/python3.13/site-packages/packaging/__init__.py
2025-12-10 12:31:16.7314850680	0	./schemas/venv/lib/python3.13/site-packages/packaging/py.typed
2025-12-10 12:31:16.7314850680	10174	./schemas/venv/lib/python3.13/site-packages/packaging-25.0.dist-info/licenses/LICENSE.APACHE
2025-12-10 12:31:16.7314850680	10221	./schemas/venv/lib/python3.13/site-packages/packaging/_parser.py
2025-12-10 12:31:16.7314850680	12049	./schemas/venv/lib/python3.13/site-packages/packaging/markers.py
2025-12-10 12:31:16.7314850680	1344	./schemas/venv/lib/python3.13/site-packages/packaging-25.0.dist-info/licenses/LICENSE.BSD
2025-12-10 12:31:16.7314850680	1431	./schemas/venv/lib/python3.13/site-packages/packaging/_structures.py
2025-12-10 12:31:16.7314850680	16676	./schemas/venv/lib/python3.13/site-packages/packaging/version.py
2025-12-10 12:31:16.7314850680	197	./schemas/venv/lib/python3.13/site-packages/packaging-25.0.dist-info/licenses/LICENSE
2025-12-10 12:31:16.7314850680	22745	./schemas/venv/lib/python3.13/site-packages/packaging/tags.py
2025-12-10 12:31:16.7314850680	2694	./schemas/venv/lib/python3.13/site-packages/packaging/_musllinux.py
2025-12-10 12:31:16.7314850680	2947	./schemas/venv/lib/python3.13/site-packages/packaging/requirements.py
2025-12-10 12:31:16.7314850680	3281	./schemas/venv/lib/python3.13/site-packages/packaging-25.0.dist-info/METADATA
2025-12-10 12:31:16.7314850680	3286	./schemas/venv/lib/python3.13/site-packages/packaging/_elffile.py
2025-12-10 12:31:16.7314850680	34739	./schemas/venv/lib/python3.13/site-packages/packaging/metadata.py
2025-12-10 12:31:16.7314850680	40055	./schemas/venv/lib/python3.13/site-packages/packaging/specifiers.py
2025-12-10 12:31:16.7314850680	48398	./schemas/venv/lib/python3.13/site-packages/packaging/licenses/_spdx.py
2025-12-10 12:31:16.7314850680	5050	./schemas/venv/lib/python3.13/site-packages/packaging/utils.py
2025-12-10 12:31:16.7314850680	5310	./schemas/venv/lib/python3.13/site-packages/packaging/_tokenizer.py
2025-12-10 12:31:16.7314850680	5715	./schemas/venv/lib/python3.13/site-packages/packaging/licenses/__init__.py
2025-12-10 12:31:16.7314850680	82	./schemas/venv/lib/python3.13/site-packages/packaging-25.0.dist-info/WHEEL
2025-12-10 12:31:16.7314850680	9596	./schemas/venv/lib/python3.13/site-packages/packaging/_manylinux.py
2025-12-10 12:31:16.7794849850	4	./schemas/venv/lib/python3.13/site-packages/packaging-25.0.dist-info/INSTALLER
2025-12-10 12:31:16.7834849780	2792	./schemas/venv/lib/python3.13/site-packages/packaging-25.0.dist-info/RECORD
2025-12-10 12:31:16.7874849710	0	./schemas/venv/lib/python3.13/site-packages/iniconfig/py.typed
2025-12-10 12:31:16.7874849710	1098	./schemas/venv/lib/python3.13/site-packages/iniconfig-2.3.0.dist-info/licenses/LICENSE
2025-12-10 12:31:16.7874849710	10	./schemas/venv/lib/python3.13/site-packages/iniconfig-2.3.0.dist-info/top_level.txt
2025-12-10 12:31:16.7874849710	2526	./schemas/venv/lib/python3.13/site-packages/iniconfig-2.3.0.dist-info/METADATA
2025-12-10 12:31:16.7874849710	399	./schemas/venv/lib/python3.13/site-packages/iniconfig/exceptions.py
2025-12-10 12:31:16.7874849710	5223	./schemas/venv/lib/python3.13/site-packages/iniconfig/_parse.py
2025-12-10 12:31:16.7874849710	704	./schemas/venv/lib/python3.13/site-packages/iniconfig/_version.py
2025-12-10 12:31:16.7874849710	7497	./schemas/venv/lib/python3.13/site-packages/iniconfig/__init__.py
2025-12-10 12:31:16.7874849710	91	./schemas/venv/lib/python3.13/site-packages/iniconfig-2.3.0.dist-info/WHEEL
2025-12-10 12:31:16.7954849570	4	./schemas/venv/lib/python3.13/site-packages/iniconfig-2.3.0.dist-info/INSTALLER
2025-12-10 12:31:16.7994849500	1087	./schemas/venv/lib/python3.13/site-packages/iniconfig-2.3.0.dist-info/RECORD
2025-12-10 12:31:16.8034849430	10254	./schemas/venv/lib/python3.13/site-packages/_pytest/compat.py
2025-12-10 12:31:16.8034849430	1300	./schemas/venv/lib/python3.13/site-packages/_pytest/freeze_support.py
2025-12-10 12:31:16.8034849430	13947	./schemas/venv/lib/python3.13/site-packages/_pytest/debugging.py
2025-12-10 12:31:16.8034849430	23149	./schemas/venv/lib/python3.13/site-packages/_pytest/cacheprovider.py
2025-12-10 12:31:16.8034849430	25478	./schemas/venv/lib/python3.13/site-packages/_pytest/doctest.py
2025-12-10 12:31:16.8034849430	329	./schemas/venv/lib/python3.13/site-packages/py.py
2025-12-10 12:31:16.8034849430	3611	./schemas/venv/lib/python3.13/site-packages/_pytest/deprecated.py
2025-12-10 12:31:16.8034849430	36829	./schemas/venv/lib/python3.13/site-packages/_pytest/capture.py
2025-12-10 12:31:16.8034849430	3776	./schemas/venv/lib/python3.13/site-packages/_pytest/_argcomplete.py
2025-12-10 12:31:16.8034849430	391	./schemas/venv/lib/python3.13/site-packages/_pytest/__init__.py
2025-12-10 12:31:16.8034849430	4250	./schemas/venv/lib/python3.13/site-packages/_pytest/faulthandler.py
2025-12-10 12:31:16.8034849430	704	./schemas/venv/lib/python3.13/site-packages/_pytest/_version.py
2025-12-10 12:31:16.8034849430	78681	./schemas/venv/lib/python3.13/site-packages/_pytest/fixtures.py
2025-12-10 12:31:16.8074849360	0	./schemas/venv/lib/python3.13/site-packages/_pytest/py.typed
2025-12-10 12:31:16.8074849360	10019	./schemas/venv/lib/python3.13/site-packages/_pytest/helpconfig.py
2025-12-10 12:31:16.8074849360	10108	./schemas/venv/lib/python3.13/site-packages/_pytest/outcomes.py
2025-12-10 12:31:16.8074849360	13386	./schemas/venv/lib/python3.13/site-packages/_pytest/recwarn.py
2025-12-10 12:31:16.8074849360	15500	./schemas/venv/lib/python3.13/site-packages/_pytest/monkeypatch.py
2025-12-10 12:31:16.8074849360	16588	./schemas/venv/lib/python3.13/site-packages/_pytest/legacypath.py
2025-12-10 12:31:16.8074849360	2253	./schemas/venv/lib/python3.13/site-packages/_pytest/pytester_assertions.py
2025-12-10 12:31:16.8074849360	25522	./schemas/venv/lib/python3.13/site-packages/_pytest/junitxml.py
2025-12-10 12:31:16.8074849360	26540	./schemas/venv/lib/python3.13/site-packages/_pytest/nodes.py
2025-12-10 12:31:16.8074849360	31744	./schemas/venv/lib/python3.13/site-packages/_pytest/python_api.py
2025-12-10 12:31:16.8074849360	35234	./schemas/venv/lib/python3.13/site-packages/_pytest/logging.py
2025-12-10 12:31:16.8074849360	37879	./schemas/venv/lib/python3.13/site-packages/_pytest/pathlib.py
2025-12-10 12:31:16.8074849360	4155	./schemas/venv/lib/python3.13/site-packages/_pytest/pastebin.py
2025-12-10 12:31:16.8074849360	42435	./schemas/venv/lib/python3.13/site-packages/_pytest/main.py
2025-12-10 12:31:16.8074849360	43019	./schemas/venv/lib/python3.13/site-packages/_pytest/hookspec.py
2025-12-10 12:31:16.8074849360	60082	./schemas/venv/lib/python3.13/site-packages/_pytest/raises.py
2025-12-10 12:31:16.8074849360	62389	./schemas/venv/lib/python3.13/site-packages/_pytest/pytester.py
2025-12-10 12:31:16.8074849360	68754	./schemas/venv/lib/python3.13/site-packages/_pytest/python.py
2025-12-10 12:31:16.8114849290	10810	./schemas/venv/lib/python3.13/site-packages/_pytest/skipping.py
2025-12-10 12:31:16.8114849290	11387	./schemas/venv/lib/python3.13/site-packages/_pytest/tmpdir.py
2025-12-10 12:31:16.8114849290	1153	./schemas/venv/lib/python3.13/site-packages/_pytest/terminalprogress.py
2025-12-10 12:31:16.8114849290	1184	./schemas/venv/lib/python3.13/site-packages/_pytest/setupplan.py
2025-12-10 12:31:16.8114849290	13241	./schemas/venv/lib/python3.13/site-packages/_pytest/subtests.py
2025-12-10 12:31:16.8114849290	190	./schemas/venv/lib/python3.13/site-packages/_pytest/_io/__init__.py
2025-12-10 12:31:16.8114849290	19622	./schemas/venv/lib/python3.13/site-packages/_pytest/_io/pprint.py
2025-12-10 12:31:16.8114849290	19785	./schemas/venv/lib/python3.13/site-packages/_pytest/runner.py
2025-12-10 12:31:16.8114849290	23230	./schemas/venv/lib/python3.13/site-packages/_pytest/reports.py
2025-12-10 12:31:16.8114849290	24155	./schemas/venv/lib/python3.13/site-packages/_pytest/unittest.py
2025-12-10 12:31:16.8114849290	2738	./schemas/venv/lib/python3.13/site-packages/_pytest/scope.py
2025-12-10 12:31:16.8114849290	3090	./schemas/venv/lib/python3.13/site-packages/_pytest/stash.py
2025-12-10 12:31:16.8114849290	3108	./schemas/venv/lib/python3.13/site-packages/_pytest/timing.py
2025-12-10 12:31:16.8114849290	3167	./schemas/venv/lib/python3.13/site-packages/_pytest/setuponly.py
2025-12-10 12:31:16.8114849290	4398	./schemas/venv/lib/python3.13/site-packages/_pytest/warning_types.py
2025-12-10 12:31:16.8114849290	4953	./schemas/venv/lib/python3.13/site-packages/_pytest/threadexception.py
2025-12-10 12:31:16.8114849290	5179	./schemas/venv/lib/python3.13/site-packages/_pytest/unraisableexception.py
2025-12-10 12:31:16.8114849290	5194	./schemas/venv/lib/python3.13/site-packages/_pytest/warnings.py
2025-12-10 12:31:16.8114849290	521	./schemas/venv/lib/python3.13/site-packages/_pytest/_code/__init__.py
2025-12-10 12:31:16.8114849290	55836	./schemas/venv/lib/python3.13/site-packages/_pytest/_code/code.py
2025-12-10 12:31:16.8114849290	64444	./schemas/venv/lib/python3.13/site-packages/_pytest/terminal.py
2025-12-10 12:31:16.8114849290	7689	./schemas/venv/lib/python3.13/site-packages/_pytest/stepwise.py
2025-12-10 12:31:16.8114849290	7772	./schemas/venv/lib/python3.13/site-packages/_pytest/_code/source.py
2025-12-10 12:31:16.8114849290	778	./schemas/venv/lib/python3.13/site-packages/_pytest/tracemalloc.py
2025-12-10 12:31:16.8154849220	0	./schemas/venv/lib/python3.13/site-packages/_pytest/_py/__init__.py
2025-12-10 12:31:16.8154849220	0	./schemas/venv/lib/python3.13/site-packages/pytest/py.typed
2025-12-10 12:31:16.8154849220	1091	./schemas/venv/lib/python3.13/site-packages/pytest-9.0.2.dist-info/licenses/LICENSE
2025-12-10 12:31:16.8154849220	11244	./schemas/venv/lib/python3.13/site-packages/_pytest/mark/expression.py
2025-12-10 12:31:16.8154849220	12878	./schemas/venv/lib/python3.13/site-packages/_pytest/config/findpaths.py
2025-12-10 12:31:16.8154849220	1289	./schemas/venv/lib/python3.13/site-packages/_pytest/_io/wcwidth.py
2025-12-10 12:31:16.8154849220	154	./schemas/venv/lib/python3.13/site-packages/pytest/__main__.py
2025-12-10 12:31:16.8154849220	20439	./schemas/venv/lib/python3.13/site-packages/_pytest/config/argparsing.py
2025-12-10 12:31:16.8154849220	20561	./schemas/venv/lib/python3.13/site-packages/_pytest/assertion/util.py
2025-12-10 12:31:16.8154849220	23074	./schemas/venv/lib/python3.13/site-packages/_pytest/mark/structures.py
2025-12-10 12:31:16.8154849220	2947	./schemas/venv/lib/python3.13/site-packages/_pytest/config/compat.py
2025-12-10 12:31:16.8154849220	315	./schemas/venv/lib/python3.13/site-packages/_pytest/config/exceptions.py
2025-12-10 12:31:16.8154849220	3475	./schemas/venv/lib/python3.13/site-packages/_pytest/_py/error.py
2025-12-10 12:31:16.8154849220	4082	./schemas/venv/lib/python3.13/site-packages/_pytest/_io/saferepr.py
2025-12-10 12:31:16.8154849220	48206	./schemas/venv/lib/python3.13/site-packages/_pytest/assertion/rewrite.py
2025-12-10 12:31:16.8154849220	49220	./schemas/venv/lib/python3.13/site-packages/_pytest/_py/path.py
2025-12-10 12:31:16.8154849220	5438	./schemas/venv/lib/python3.13/site-packages/_pytest/assertion/truncate.py
2025-12-10 12:31:16.8154849220	5582	./schemas/venv/lib/python3.13/site-packages/pytest/__init__.py
2025-12-10 12:31:16.8154849220	7120	./schemas/venv/lib/python3.13/site-packages/_pytest/assertion/__init__.py
2025-12-10 12:31:16.8154849220	7558	./schemas/venv/lib/python3.13/site-packages/pytest-9.0.2.dist-info/METADATA
2025-12-10 12:31:16.8154849220	79024	./schemas/venv/lib/python3.13/site-packages/_pytest/config/__init__.py
2025-12-10 12:31:16.8154849220	8994	./schemas/venv/lib/python3.13/site-packages/_pytest/_io/terminalwriter.py
2025-12-10 12:31:16.8154849220	9870	./schemas/venv/lib/python3.13/site-packages/_pytest/mark/__init__.py
2025-12-10 12:31:16.8194849150	18	./schemas/venv/lib/python3.13/site-packages/pytest-9.0.2.dist-info/top_level.txt
2025-12-10 12:31:16.8194849150	77	./schemas/venv/lib/python3.13/site-packages/pytest-9.0.2.dist-info/entry_points.txt
2025-12-10 12:31:16.8194849150	91	./schemas/venv/lib/python3.13/site-packages/pytest-9.0.2.dist-info/WHEEL
2025-12-10 12:31:17.1434843520	255	./schemas/venv/bin/py.test
2025-12-10 12:31:17.1434843520	255	./schemas/venv/bin/pytest
2025-12-10 12:31:17.1434843520	4	./schemas/venv/lib/python3.13/site-packages/pytest-9.0.2.dist-info/INSTALLER
2025-12-10 12:31:17.1554843320	0	./schemas/venv/lib/python3.13/site-packages/pytest-9.0.2.dist-info/REQUESTED
2025-12-10 12:31:17.1554843320	10561	./schemas/venv/lib/python3.13/site-packages/pytest-9.0.2.dist-info/RECORD
2025-12-10 12:31:41.3874423330	191	./.pytest_cache/CACHEDIR.TAG
2025-12-10 12:31:41.3874423330	302	./.pytest_cache/README.md
2025-12-10 12:31:41.3874423330	37	./.pytest_cache/.gitignore
2025-12-10 13:38:31.3249755810	66	./tests/test_basic.py
2025-12-10 16:27:32.0000000000	2173	./src/gedcom_parser/loader/reconstruct.py
2025-12-10 17:20:38.2999568190	620340	./inventories/project_inventory.md
2025-12-10 17:34:08.0000000000	308	./src/gedcom_parser/events/__init__.py
2025-12-11 17:24:53.7305748020	1595	./src/gedcom_parser/utils/pathing.py
2025-12-11 17:25:04.8023343240	257	./src/gedcom_parser/utils/__init__.py
2025-12-11 17:45:03.2409669760	5311	./src/gedcom_parser/loader/tokenizer.py
2025-12-11 17:45:43.9687147500	1864	./tests/test_tokenizer.py
2025-12-11 17:50:36.5310254240	4057	./src/gedcom_parser/loader/segmenter.py
2025-12-11 17:54:08.0418990060	1153	./tests/test_segmenter.py
2025-12-11 20:59:19.0062656080	4726	./src/gedcom_parser/loader/tree_builder.py
2025-12-11 21:00:11.1701724310	2118	./tests/test_tree_builder.py
2025-12-11 21:06:07.5135510690	2318	./src/gedcom_parser/loader/value_reconstructor.py
2025-12-11 21:06:44.7334873080	1088	./src/gedcom_parser/loader/__init__.py
2025-12-11 21:07:02.3654571590	2138	./tests/test_reconstruct_values.py
2025-12-12 07:17:28.3249466360	13695	./src/gedcom_parser/dates/normalizer.py
2025-12-12 07:18:17.7208703390	2481	./tests/test_dates.py
2025-12-12 08:11:23.1578759910	1576	./tests/test_events.py
2025-12-12 10:21:32.7430509720	2814	./tests/test_events_extended.py
2025-12-12 12:34:04.2387355310	17830	./src/gedcom_parser/events/event.py
2025-12-12 12:34:47.5226863420	3241	./tests/test_events_enriched.py
2025-12-12 12:50:19.6286114500	1505	./tests/test_registry_entities.py
2025-12-12 12:55:00.9680519250	177	./venv/pyvenv.cfg
2025-12-12 12:55:00.9680519250	69	./venv/.gitignore
2025-12-12 12:55:03.7320468680	2186	./venv/bin/activate
2025-12-12 12:55:03.7320468680	2198	./venv/bin/activate.fish
2025-12-12 12:55:03.7320468680	927	./venv/bin/activate.csh
2025-12-12 12:55:06.5080417950	1005	./venv/lib/python3.13/site-packages/pygments/modeline.py
2025-12-12 12:55:06.5080417950	1718	./venv/lib/python3.13/site-packages/pygments/console.py
2025-12-12 12:55:06.5080417950	1891	./venv/lib/python3.13/site-packages/pygments/plugin.py
2025-12-12 12:55:06.5080417950	1910	./venv/lib/python3.13/site-packages/pygments/filter.py
2025-12-12 12:55:06.5080417950	23536	./venv/lib/python3.13/site-packages/pygments/cmdline.py
2025-12-12 12:55:06.5080417950	2959	./venv/lib/python3.13/site-packages/pygments/__init__.py
2025-12-12 12:55:06.5080417950	3072	./venv/lib/python3.13/site-packages/pygments/regexopt.py
2025-12-12 12:55:06.5080417950	3092	./venv/lib/python3.13/site-packages/pygments/scanner.py
2025-12-12 12:55:06.5080417950	348	./venv/lib/python3.13/site-packages/pygments/__main__.py
2025-12-12 12:55:06.5080417950	35109	./venv/lib/python3.13/site-packages/pygments/lexer.py
2025-12-12 12:55:06.5080417950	4366	./venv/lib/python3.13/site-packages/pygments/formatter.py
2025-12-12 12:55:06.5080417950	6408	./venv/lib/python3.13/site-packages/pygments/style.py
2025-12-12 12:55:06.5080417950	7898	./venv/lib/python3.13/site-packages/pygments/sphinxext.py
2025-12-12 12:55:06.5120417880	10031	./venv/lib/python3.13/site-packages/pygments/util.py
2025-12-12 12:55:06.5120417880	11717	./venv/lib/python3.13/site-packages/pygments/formatters/terminal256.py
2025-12-12 12:55:06.5120417880	11921	./venv/lib/python3.13/site-packages/pygments/formatters/rtf.py
2025-12-12 12:55:06.5120417880	12067	./venv/lib/python3.13/site-packages/pygments/lexers/__init__.py
2025-12-12 12:55:06.5120417880	13994	./venv/lib/python3.13/site-packages/pygments/lexers/_cl_builtins.py
2025-12-12 12:55:06.5120417880	1543	./venv/lib/python3.13/site-packages/pygments/lexers/_ada_builtins.py
2025-12-12 12:55:06.5120417880	19258	./venv/lib/python3.13/site-packages/pygments/formatters/latex.py
2025-12-12 12:55:06.5120417880	2206	./venv/lib/python3.13/site-packages/pygments/formatters/pangomarkup.py
2025-12-12 12:55:06.5120417880	23301	./venv/lib/python3.13/site-packages/pygments/formatters/img.py
2025-12-12 12:55:06.5120417880	27287	./venv/lib/python3.13/site-packages/pygments/lexers/_asy_builtins.py
2025-12-12 12:55:06.5120417880	3296	./venv/lib/python3.13/site-packages/pygments/formatters/bbcode.py
2025-12-12 12:55:06.5120417880	35953	./venv/lib/python3.13/site-packages/pygments/formatters/html.py
2025-12-12 12:55:06.5120417880	40344	./venv/lib/python3.13/site-packages/pygments/filters/__init__.py
2025-12-12 12:55:06.5120417880	4176	./venv/lib/python3.13/site-packages/pygments/formatters/_mapping.py
2025-12-12 12:55:06.5120417880	4626	./venv/lib/python3.13/site-packages/pygments/formatters/terminal.py
2025-12-12 12:55:06.5120417880	4945	./venv/lib/python3.13/site-packages/pygments/formatters/irc.py
2025-12-12 12:55:06.5120417880	4986	./venv/lib/python3.13/site-packages/pygments/formatters/other.py
2025-12-12 12:55:06.5120417880	5082	./venv/lib/python3.13/site-packages/pygments/formatters/groff.py
2025-12-12 12:55:06.5120417880	5349	./venv/lib/python3.13/site-packages/pygments/formatters/__init__.py
2025-12-12 12:55:06.5120417880	6226	./venv/lib/python3.13/site-packages/pygments/token.py
2025-12-12 12:55:06.5120417880	63208	./venv/lib/python3.13/site-packages/pygments/unistring.py
2025-12-12 12:55:06.5120417880	7138	./venv/lib/python3.13/site-packages/pygments/formatters/svg.py
2025-12-12 12:55:06.5160417810	105173	./venv/lib/python3.13/site-packages/pygments/lexers/_cocoa_builtins.py
2025-12-12 12:55:06.5160417810	107922	./venv/lib/python3.13/site-packages/pygments/lexers/_php_builtins.py
2025-12-12 12:55:06.5160417810	108094	./venv/lib/python3.13/site-packages/pygments/lexers/_lilypond_builtins.py
2025-12-12 12:55:06.5160417810	11883	./venv/lib/python3.13/site-packages/pygments/lexers/_julia_builtins.py
2025-12-12 12:55:06.5160417810	12446	./venv/lib/python3.13/site-packages/pygments/lexers/_css_builtins.py
2025-12-12 12:55:06.5160417810	12595	./venv/lib/python3.13/site-packages/pygments/lexers/_qlik_builtins.py
2025-12-12 12:55:06.5160417810	13343	./venv/lib/python3.13/site-packages/pygments/lexers/_postgres_builtins.py
2025-12-12 12:55:06.5160417810	134510	./venv/lib/python3.13/site-packages/pygments/lexers/_lasso_builtins.py
2025-12-12 12:55:06.5160417810	16132	./venv/lib/python3.13/site-packages/pygments/lexers/_googlesql_builtins.py
2025-12-12 12:55:06.5160417810	18414	./venv/lib/python3.13/site-packages/pygments/lexers/_csound_builtins.py
2025-12-12 12:55:06.5160417810	24713	./venv/lib/python3.13/site-packages/pygments/lexers/_mql_builtins.py
2025-12-12 12:55:06.5160417810	25838	./venv/lib/python3.13/site-packages/pygments/lexers/_mysql_builtins.py
2025-12-12 12:55:06.5160417810	49398	./venv/lib/python3.13/site-packages/pygments/lexers/_openedge_builtins.py
2025-12-12 12:55:06.5160417810	70438	./venv/lib/python3.13/site-packages/pygments/lexers/_mapping.py
2025-12-12 12:55:06.5160417810	8108	./venv/lib/python3.13/site-packages/pygments/lexers/_lua_builtins.py
2025-12-12 12:55:06.5160417810	955	./venv/lib/python3.13/site-packages/pygments/lexers/_luau_builtins.py
2025-12-12 12:55:06.5200417730	11414	./venv/lib/python3.13/site-packages/pygments/lexers/arturo.py
2025-12-12 12:55:06.5200417730	11538	./venv/lib/python3.13/site-packages/pygments/lexers/archetype.py
2025-12-12 12:55:06.5200417730	11727	./venv/lib/python3.13/site-packages/pygments/lexers/actionscript.py
2025-12-12 12:55:06.5200417730	13445	./venv/lib/python3.13/site-packages/pygments/lexers/_stan_builtins.py
2025-12-12 12:55:06.5200417730	15460	./venv/lib/python3.13/site-packages/pygments/lexers/_tsql_builtins.py
2025-12-12 12:55:06.5200417730	1658	./venv/lib/python3.13/site-packages/pygments/lexers/_usd_builtins.py
2025-12-12 12:55:06.5200417730	1693	./venv/lib/python3.13/site-packages/pygments/lexers/asc.py
2025-12-12 12:55:06.5200417730	1723	./venv/lib/python3.13/site-packages/pygments/lexers/amdgpu.py
2025-12-12 12:55:06.5200417730	2605	./venv/lib/python3.13/site-packages/pygments/lexers/ambient.py
2025-12-12 12:55:06.5200417730	26777	./venv/lib/python3.13/site-packages/pygments/lexers/_sourcemod_builtins.py
2025-12-12 12:55:06.5200417730	27227	./venv/lib/python3.13/site-packages/pygments/lexers/_stata_builtins.py
2025-12-12 12:55:06.5200417730	30800	./venv/lib/python3.13/site-packages/pygments/lexers/apdlexer.py
2025-12-12 12:55:06.5200417730	32564	./venv/lib/python3.13/site-packages/pygments/lexers/_scheme_builtins.py
2025-12-12 12:55:06.5200417730	3404	./venv/lib/python3.13/site-packages/pygments/lexers/apl.py
2025-12-12 12:55:06.5200417730	3564	./venv/lib/python3.13/site-packages/pygments/lexers/arrow.py
2025-12-12 12:55:06.5200417730	4176	./venv/lib/python3.13/site-packages/pygments/lexers/ampl.py
2025-12-12 12:55:06.5200417730	41967	./venv/lib/python3.13/site-packages/pygments/lexers/asm.py
2025-12-12 12:55:06.5200417730	4225	./venv/lib/python3.13/site-packages/pygments/lexers/_vbscript_builtins.py
2025-12-12 12:55:06.5200417730	4262	./venv/lib/python3.13/site-packages/pygments/lexers/asn1.py
2025-12-12 12:55:06.5200417730	52411	./venv/lib/python3.13/site-packages/pygments/lexers/_scilab_builtins.py
2025-12-12 12:55:06.5200417730	5353	./venv/lib/python3.13/site-packages/pygments/lexers/ada.py
2025-12-12 12:55:06.5200417730	57066	./venv/lib/python3.13/site-packages/pygments/lexers/_vim_builtins.py
2025-12-12 12:55:06.5200417730	6767	./venv/lib/python3.13/site-packages/pygments/lexers/_sql_builtins.py
2025-12-12 12:55:06.5200417730	896	./venv/lib/python3.13/site-packages/pygments/lexers/agile.py
2025-12-12 12:55:06.5200417730	9952	./venv/lib/python3.13/site-packages/pygments/lexers/algebra.py
2025-12-12 12:55:06.5240417660	1389	./venv/lib/python3.13/site-packages/pygments/lexers/cplint.py
2025-12-12 12:55:06.5240417660	1426	./venv/lib/python3.13/site-packages/pygments/lexers/compiled.py
2025-12-12 12:55:06.5240417660	15754	./venv/lib/python3.13/site-packages/pygments/lexers/crystal.py
2025-12-12 12:55:06.5240417660	1641	./venv/lib/python3.13/site-packages/pygments/lexers/bdd.py
2025-12-12 12:55:06.5240417660	16998	./venv/lib/python3.13/site-packages/pygments/lexers/csound.py
2025-12-12 12:55:06.5240417660	18059	./venv/lib/python3.13/site-packages/pygments/lexers/c_cpp.py
2025-12-12 12:55:06.5240417660	19831	./venv/lib/python3.13/site-packages/pygments/lexers/automation.py
2025-12-12 12:55:06.5240417660	2174	./venv/lib/python3.13/site-packages/pygments/lexers/capnproto.py
2025-12-12 12:55:06.5240417660	25376	./venv/lib/python3.13/site-packages/pygments/lexers/css.py
2025-12-12 12:55:06.5240417660	2576	./venv/lib/python3.13/site-packages/pygments/lexers/codeql.py
2025-12-12 12:55:06.5240417660	27026	./venv/lib/python3.13/site-packages/pygments/lexers/data.py
2025-12-12 12:55:06.5240417660	27989	./venv/lib/python3.13/site-packages/pygments/lexers/basic.py
2025-12-12 12:55:06.5240417660	28345	./venv/lib/python3.13/site-packages/pygments/lexers/business.py
2025-12-12 12:55:06.5240417660	3020	./venv/lib/python3.13/site-packages/pygments/lexers/bare.py
2025-12-12 12:55:06.5240417660	3179	./venv/lib/python3.13/site-packages/pygments/lexers/comal.py
2025-12-12 12:55:06.5240417660	32021	./venv/lib/python3.13/site-packages/pygments/lexers/c_like.py
2025-12-12 12:55:06.5240417660	3209	./venv/lib/python3.13/site-packages/pygments/lexers/berry.py
2025-12-12 12:55:06.5240417660	3211	./venv/lib/python3.13/site-packages/pygments/lexers/carbon.py
2025-12-12 12:55:06.5240417660	3671	./venv/lib/python3.13/site-packages/pygments/lexers/bqn.py
2025-12-12 12:55:06.5240417660	3921	./venv/lib/python3.13/site-packages/pygments/lexers/boa.py
2025-12-12 12:55:06.5240417660	4180	./venv/lib/python3.13/site-packages/pygments/lexers/console.py
2025-12-12 12:55:06.5240417660	4606	./venv/lib/python3.13/site-packages/pygments/lexers/dalvik.py
2025-12-12 12:55:06.5240417660	4811	./venv/lib/python3.13/site-packages/pygments/lexers/bibtex.py
2025-12-12 12:55:06.5240417660	5076	./venv/lib/python3.13/site-packages/pygments/lexers/cddl.py
2025-12-12 12:55:06.5240417660	50913	./venv/lib/python3.13/site-packages/pygments/lexers/configs.py
2025-12-12 12:55:06.5240417660	5156	./venv/lib/python3.13/site-packages/pygments/lexers/chapel.py
2025-12-12 12:55:06.5240417660	6188	./venv/lib/python3.13/site-packages/pygments/lexers/blueprint.py
2025-12-12 12:55:06.5240417660	6418	./venv/lib/python3.13/site-packages/pygments/lexers/clean.py
2025-12-12 12:55:06.5240417660	9920	./venv/lib/python3.13/site-packages/pygments/lexers/d.py
2025-12-12 12:55:06.5280417590	10231	./venv/lib/python3.13/site-packages/pygments/lexers/fantom.py
2025-12-12 12:55:06.5280417590	10382	./venv/lib/python3.13/site-packages/pygments/lexers/fortran.py
2025-12-12 12:55:06.5280417590	10409	./venv/lib/python3.13/site-packages/pygments/lexers/dylan.py
2025-12-12 12:55:06.5280417590	10500	./venv/lib/python3.13/site-packages/pygments/lexers/esoteric.py
2025-12-12 12:55:06.5280417590	1644	./venv/lib/python3.13/site-packages/pygments/lexers/fift.py
2025-12-12 12:55:06.5280417590	19147	./venv/lib/python3.13/site-packages/pygments/lexers/erlang.py
2025-12-12 12:55:06.5280417590	19530	./venv/lib/python3.13/site-packages/pygments/lexers/factor.py
2025-12-12 12:55:06.5280417590	26295	./venv/lib/python3.13/site-packages/pygments/lexers/foxpro.py
2025-12-12 12:55:06.5280417590	2667	./venv/lib/python3.13/site-packages/pygments/lexers/floscript.py
2025-12-12 12:55:06.5280417590	2690	./venv/lib/python3.13/site-packages/pygments/lexers/eiffel.py
2025-12-12 12:55:06.5280417590	26913	./venv/lib/python3.13/site-packages/pygments/lexers/freefem.py
2025-12-12 12:55:06.5280417590	3152	./venv/lib/python3.13/site-packages/pygments/lexers/elm.py
2025-12-12 12:55:06.5280417590	3272	./venv/lib/python3.13/site-packages/pygments/lexers/ezhil.py
2025-12-12 12:55:06.5280417590	36746	./venv/lib/python3.13/site-packages/pygments/lexers/dsls.py
2025-12-12 12:55:06.5280417590	3700	./venv/lib/python3.13/site-packages/pygments/lexers/func.py
2025-12-12 12:55:06.5280417590	3743	./venv/lib/python3.13/site-packages/pygments/lexers/futhark.py
2025-12-12 12:55:06.5280417590	3891	./venv/lib/python3.13/site-packages/pygments/lexers/dns.py
2025-12-12 12:55:06.5280417590	39441	./venv/lib/python3.13/site-packages/pygments/lexers/dotnet.py
2025-12-12 12:55:06.5280417590	4019	./venv/lib/python3.13/site-packages/pygments/lexers/devicetree.py
2025-12-12 12:55:06.5280417590	4804	./venv/lib/python3.13/site-packages/pygments/lexers/email.py
2025-12-12 12:55:06.5280417590	5382	./venv/lib/python3.13/site-packages/pygments/lexers/diff.py
2025-12-12 12:55:06.5280417590	6371	./venv/lib/python3.13/site-packages/pygments/lexers/ecl.py
2025-12-12 12:55:06.5280417590	6877	./venv/lib/python3.13/site-packages/pygments/lexers/elpi.py
2025-12-12 12:55:06.5280417590	693	./venv/lib/python3.13/site-packages/pygments/lexers/functional.py
2025-12-12 12:55:06.5280417590	7193	./venv/lib/python3.13/site-packages/pygments/lexers/forth.py
2025-12-12 12:55:06.5280417590	8098	./venv/lib/python3.13/site-packages/pygments/lexers/dax.py
2025-12-12 12:55:06.5280417590	874	./venv/lib/python3.13/site-packages/pygments/lexers/gcodelexer.py
2025-12-12 12:55:06.5280417590	9655	./venv/lib/python3.13/site-packages/pygments/lexers/felix.py
2025-12-12 12:55:06.5320417510	14435	./venv/lib/python3.13/site-packages/pygments/lexers/installers.py
2025-12-12 12:55:06.5320417510	15449	./venv/lib/python3.13/site-packages/pygments/lexers/idl.py
2025-12-12 12:55:06.5320417510	1905	./venv/lib/python3.13/site-packages/pygments/lexers/iolang.py
2025-12-12 12:55:06.5320417510	1934	./venv/lib/python3.13/site-packages/pygments/lexers/graphviz.py
2025-12-12 12:55:06.5320417510	21977	./venv/lib/python3.13/site-packages/pygments/lexers/html.py
2025-12-12 12:55:06.5320417510	22738	./venv/lib/python3.13/site-packages/pygments/lexers/hdl.py
2025-12-12 12:55:06.5320417510	2392	./venv/lib/python3.13/site-packages/pygments/lexers/gleam.py
2025-12-12 12:55:06.5320417510	2649	./venv/lib/python3.13/site-packages/pygments/lexers/hare.py
2025-12-12 12:55:06.5320417510	30974	./venv/lib/python3.13/site-packages/pygments/lexers/haxe.py
2025-12-12 12:55:06.5320417510	3135	./venv/lib/python3.13/site-packages/pygments/lexers/inferno.py
2025-12-12 12:55:06.5320417510	31633	./venv/lib/python3.13/site-packages/pygments/lexers/igor.py
2025-12-12 12:55:06.5320417510	33262	./venv/lib/python3.13/site-packages/pygments/lexers/haskell.py
2025-12-12 12:55:06.5320417510	3653	./venv/lib/python3.13/site-packages/pygments/lexers/hexdump.py
2025-12-12 12:55:06.5320417510	3783	./venv/lib/python3.13/site-packages/pygments/lexers/go.py
2025-12-12 12:55:06.5320417510	39145	./venv/lib/python3.13/site-packages/pygments/lexers/graphics.py
2025-12-12 12:55:06.5320417510	3990	./venv/lib/python3.13/site-packages/pygments/lexers/gsql.py
2025-12-12 12:55:06.5320417510	4108	./venv/lib/python3.13/site-packages/pygments/lexers/graph.py
2025-12-12 12:55:06.5320417510	4853	./venv/lib/python3.13/site-packages/pygments/lexers/j.py
2025-12-12 12:55:06.5320417510	5601	./venv/lib/python3.13/site-packages/pygments/lexers/graphql.py
2025-12-12 12:55:06.5320417510	56544	./venv/lib/python3.13/site-packages/pygments/lexers/int_fiction.py
2025-12-12 12:55:06.5320417510	63243	./venv/lib/python3.13/site-packages/pygments/lexers/javascript.py
2025-12-12 12:55:06.5320417510	7566	./venv/lib/python3.13/site-packages/pygments/lexers/gdscript.py
2025-12-12 12:55:06.5320417510	8043	./venv/lib/python3.13/site-packages/pygments/lexers/grammar_notation.py
2025-12-12 12:55:06.5360417440	11405	./venv/lib/python3.13/site-packages/pygments/lexers/kuin.py
2025-12-12 12:55:06.5360417440	11710	./venv/lib/python3.13/site-packages/pygments/lexers/julia.py
2025-12-12 12:55:06.5360417440	133027	./venv/lib/python3.13/site-packages/pygments/lexers/matlab.py
2025-12-12 12:55:06.5360417440	157668	./venv/lib/python3.13/site-packages/pygments/lexers/lisp.py
2025-12-12 12:55:06.5360417440	2082	./venv/lib/python3.13/site-packages/pygments/lexers/jmespath.py
2025-12-12 12:55:06.5360417440	2502	./venv/lib/python3.13/site-packages/pygments/lexers/json5.py
2025-12-12 12:55:06.5360417440	2693	./venv/lib/python3.13/site-packages/pygments/lexers/jsx.py
2025-12-12 12:55:06.5360417440	2715	./venv/lib/python3.13/site-packages/pygments/lexers/maxima.py
2025-12-12 12:55:06.5360417440	33366	./venv/lib/python3.13/site-packages/pygments/lexers/macaulay2.py
2025-12-12 12:55:06.5360417440	3477	./venv/lib/python3.13/site-packages/pygments/lexers/kusto.py
2025-12-12 12:55:06.5360417440	3700	./venv/lib/python3.13/site-packages/pygments/lexers/jslt.py
2025-12-12 12:55:06.5360417440	5636	./venv/lib/python3.13/site-packages/pygments/lexers/jsonnet.py
2025-12-12 12:55:06.5360417440	65088	./venv/lib/python3.13/site-packages/pygments/lexers/markup.py
2025-12-12 12:55:06.5360417440	6551	./venv/lib/python3.13/site-packages/pygments/lexers/ldap.py
2025-12-12 12:55:06.5360417440	695	./venv/lib/python3.13/site-packages/pygments/lexers/math.py
2025-12-12 12:55:06.5360417440	72667	./venv/lib/python3.13/site-packages/pygments/lexers/jvm.py
2025-12-12 12:55:06.5360417440	7831	./venv/lib/python3.13/site-packages/pygments/lexers/make.py
2025-12-12 12:55:06.5360417440	7960	./venv/lib/python3.13/site-packages/pygments/lexers/maple.py
2025-12-12 12:55:06.5360417440	8570	./venv/lib/python3.13/site-packages/pygments/lexers/lean.py
2025-12-12 12:55:06.5360417440	9752	./venv/lib/python3.13/site-packages/pygments/lexers/lilypond.py
2025-12-12 12:55:06.5400417370	13683	./venv/lib/python3.13/site-packages/pygments/lexers/modeling.py
2025-12-12 12:55:06.5400417370	13696	./venv/lib/python3.13/site-packages/pygments/lexers/minecraft.py
2025-12-12 12:55:06.5400417370	1758	./venv/lib/python3.13/site-packages/pygments/lexers/numbair.py
2025-12-12 12:55:06.5400417370	1763	./venv/lib/python3.13/site-packages/pygments/lexers/other.py
2025-12-12 12:55:06.5400417370	23297	./venv/lib/python3.13/site-packages/pygments/lexers/objective.py
2025-12-12 12:55:06.5400417370	24233	./venv/lib/python3.13/site-packages/pygments/lexers/mojo.py
2025-12-12 12:55:06.5400417370	26596	./venv/lib/python3.13/site-packages/pygments/lexers/parsers.py
2025-12-12 12:55:06.5400417370	2719	./venv/lib/python3.13/site-packages/pygments/lexers/parasail.py
2025-12-12 12:55:06.5400417370	2725	./venv/lib/python3.13/site-packages/pygments/lexers/nit.py
2025-12-12 12:55:06.5400417370	2989	./venv/lib/python3.13/site-packages/pygments/lexers/pddl.py
2025-12-12 12:55:06.5400417370	3002	./venv/lib/python3.13/site-packages/pygments/lexers/ooc.py
2025-12-12 12:55:06.5400417370	30989	./venv/lib/python3.13/site-packages/pygments/lexers/pascal.py
2025-12-12 12:55:06.5400417370	35390	./venv/lib/python3.13/site-packages/pygments/lexers/ml.py
2025-12-12 12:55:06.5400417370	3700	./venv/lib/python3.13/site-packages/pygments/lexers/openscad.py
2025-12-12 12:55:06.5400417370	39192	./venv/lib/python3.13/site-packages/pygments/lexers/perl.py
2025-12-12 12:55:06.5400417370	4210	./venv/lib/python3.13/site-packages/pygments/lexers/oberon.py
2025-12-12 12:55:06.5400417370	4336	./venv/lib/python3.13/site-packages/pygments/lexers/meson.py
2025-12-12 12:55:06.5400417370	4421	./venv/lib/python3.13/site-packages/pygments/lexers/nix.py
2025-12-12 12:55:06.5400417370	4656	./venv/lib/python3.13/site-packages/pygments/lexers/mips.py
2025-12-12 12:55:06.5400417370	53072	./venv/lib/python3.13/site-packages/pygments/lexers/modula2.py
2025-12-12 12:55:06.5400417370	6289	./venv/lib/python3.13/site-packages/pygments/lexers/monte.py
2025-12-12 12:55:06.5400417370	63999	./venv/lib/python3.13/site-packages/pygments/lexers/ncl.py
2025-12-12 12:55:06.5400417370	6413	./venv/lib/python3.13/site-packages/pygments/lexers/nimrod.py
2025-12-12 12:55:06.5400417370	7582	./venv/lib/python3.13/site-packages/pygments/lexers/mime.py
2025-12-12 12:55:06.5400417370	8253	./venv/lib/python3.13/site-packages/pygments/lexers/pawn.py
2025-12-12 12:55:06.5400417370	9297	./venv/lib/python3.13/site-packages/pygments/lexers/mosel.py
2025-12-12 12:55:06.5440417300	1127	./venv/lib/python3.13/site-packages/pygments/lexers/rita.py
2025-12-12 12:55:06.5440417300	1155	./venv/lib/python3.13/site-packages/pygments/lexers/procfile.py
2025-12-12 12:55:06.5440417300	12676	./venv/lib/python3.13/site-packages/pygments/lexers/praat.py
2025-12-12 12:55:06.5440417300	12866	./venv/lib/python3.13/site-packages/pygments/lexers/prolog.py
2025-12-12 12:55:06.5440417300	13061	./venv/lib/python3.13/site-packages/pygments/lexers/php.py
2025-12-12 12:55:06.5440417300	16056	./venv/lib/python3.13/site-packages/pygments/lexers/rdf.py
2025-12-12 12:55:06.5440417300	1748	./venv/lib/python3.13/site-packages/pygments/lexers/rego.py
2025-12-12 12:55:06.5440417300	18259	./venv/lib/python3.13/site-packages/pygments/lexers/rebol.py
2025-12-12 12:55:06.5440417300	18448	./venv/lib/python3.13/site-packages/pygments/lexers/robotframework.py
2025-12-12 12:55:06.5440417300	1972	./venv/lib/python3.13/site-packages/pygments/lexers/rnc.py
2025-12-12 12:55:06.5440417300	1974	./venv/lib/python3.13/site-packages/pygments/lexers/pointless.py
2025-12-12 12:55:06.5440417300	2074	./venv/lib/python3.13/site-packages/pygments/lexers/roboconf.py
2025-12-12 12:55:06.5440417300	22753	./venv/lib/python3.13/site-packages/pygments/lexers/ruby.py
2025-12-12 12:55:06.5440417300	23249	./venv/lib/python3.13/site-packages/pygments/lexers/phix.py
2025-12-12 12:55:06.5440417300	2524	./venv/lib/python3.13/site-packages/pygments/lexers/scdoc.py
2025-12-12 12:55:06.5440417300	2927	./venv/lib/python3.13/site-packages/pygments/lexers/resource.py
2025-12-12 12:55:06.5440417300	3279	./venv/lib/python3.13/site-packages/pygments/lexers/pony.py
2025-12-12 12:55:06.5440417300	3693	./venv/lib/python3.13/site-packages/pygments/lexers/qlik.py
2025-12-12 12:55:06.5440417300	4501	./venv/lib/python3.13/site-packages/pygments/lexers/ptx.py
2025-12-12 12:55:06.5440417300	4738	./venv/lib/python3.13/site-packages/pygments/lexers/promql.py
2025-12-12 12:55:06.5440417300	4878	./venv/lib/python3.13/site-packages/pygments/lexers/savi.py
2025-12-12 12:55:06.5440417300	5035	./venv/lib/python3.13/site-packages/pygments/lexers/ride.py
2025-12-12 12:55:06.5440417300	53805	./venv/lib/python3.13/site-packages/pygments/lexers/python.py
2025-12-12 12:55:06.5440417300	6103	./venv/lib/python3.13/site-packages/pygments/lexers/qvt.py
2025-12-12 12:55:06.5440417300	6474	./venv/lib/python3.13/site-packages/pygments/lexers/r.py
2025-12-12 12:55:06.5440417300	6936	./venv/lib/python3.13/site-packages/pygments/lexers/q.py
2025-12-12 12:55:06.5440417300	8260	./venv/lib/python3.13/site-packages/pygments/lexers/rust.py
2025-12-12 12:55:06.5440417300	8747	./venv/lib/python3.13/site-packages/pygments/lexers/prql.py
2025-12-12 12:55:06.5440417300	9456	./venv/lib/python3.13/site-packages/pygments/lexers/sas.py
2025-12-12 12:55:06.5480417220	1068	./venv/lib/python3.13/site-packages/pygments/lexers/text.py
2025-12-12 12:55:06.5480417220	10809	./venv/lib/python3.13/site-packages/pygments/lexers/tact.py
2025-12-12 12:55:06.5480417220	10810	./venv/lib/python3.13/site-packages/pygments/lexers/testing.py
2025-12-12 12:55:06.5480417220	15524	./venv/lib/python3.13/site-packages/pygments/lexers/textfmts.py
2025-12-12 12:55:06.5480417220	1746	./venv/lib/python3.13/site-packages/pygments/lexers/srcinfo.py
2025-12-12 12:55:06.5480417220	1985	./venv/lib/python3.13/site-packages/pygments/lexers/sgf.py
2025-12-12 12:55:06.5480417220	2339	./venv/lib/python3.13/site-packages/pygments/lexers/soong.py
2025-12-12 12:55:06.5480417220	2514	./venv/lib/python3.13/site-packages/pygments/lexers/sieve.py
2025-12-12 12:55:06.5480417220	2659	./venv/lib/python3.13/site-packages/pygments/lexers/smithy.py
2025-12-12 12:55:06.5480417220	2778	./venv/lib/python3.13/site-packages/pygments/lexers/snobol.py
2025-12-12 12:55:06.5480417220	2790	./venv/lib/python3.13/site-packages/pygments/lexers/spice.py
2025-12-12 12:55:06.5480417220	2805	./venv/lib/python3.13/site-packages/pygments/lexers/smv.py
2025-12-12 12:55:06.5480417220	2904	./venv/lib/python3.13/site-packages/pygments/lexers/tal.py
2025-12-12 12:55:06.5480417220	3163	./venv/lib/python3.13/site-packages/pygments/lexers/solidity.py
2025-12-12 12:55:06.5480417220	3376	./venv/lib/python3.13/site-packages/pygments/lexers/sophia.py
2025-12-12 12:55:06.5480417220	3522	./venv/lib/python3.13/site-packages/pygments/lexers/teal.py
2025-12-12 12:55:06.5480417220	3585	./venv/lib/python3.13/site-packages/pygments/lexers/special.py
2025-12-12 12:55:06.5480417220	36381	./venv/lib/python3.13/site-packages/pygments/lexers/shell.py
2025-12-12 12:55:06.5480417220	3697	./venv/lib/python3.13/site-packages/pygments/lexers/supercollider.py
2025-12-12 12:55:06.5480417220	3987	./venv/lib/python3.13/site-packages/pygments/lexers/tablegen.py
2025-12-12 12:55:06.5480417220	41476	./venv/lib/python3.13/site-packages/pygments/lexers/sql.py
2025-12-12 12:55:06.5480417220	5512	./venv/lib/python3.13/site-packages/pygments/lexers/tcl.py
2025-12-12 12:55:06.5480417220	6415	./venv/lib/python3.13/site-packages/pygments/lexers/stata.py
2025-12-12 12:55:06.5480417220	7204	./venv/lib/python3.13/site-packages/pygments/lexers/smalltalk.py
2025-12-12 12:55:06.5480417220	75731	./venv/lib/python3.13/site-packages/pygments/lexers/templates.py
2025-12-12 12:55:06.5480417220	7760	./venv/lib/python3.13/site-packages/pygments/lexers/textedit.py
2025-12-12 12:55:06.5480417220	81814	./venv/lib/python3.13/site-packages/pygments/lexers/scripting.py
2025-12-12 12:55:06.5480417220	8484	./venv/lib/python3.13/site-packages/pygments/lexers/slash.py
2025-12-12 12:55:06.5480417220	9718	./venv/lib/python3.13/site-packages/pygments/lexers/teraterm.py
2025-12-12 12:55:06.5520417150	10456	./venv/lib/python3.13/site-packages/pygments/lexers/tnt.py
2025-12-12 12:55:06.5520417150	10499	./venv/lib/python3.13/site-packages/pygments/lexers/ul4.py
2025-12-12 12:55:06.5520417150	10516	./venv/lib/python3.13/site-packages/pygments/lexers/webidl.py
2025-12-12 12:55:06.5520417150	11880	./venv/lib/python3.13/site-packages/pygments/lexers/wgsl.py
2025-12-12 12:55:06.5520417150	1450	./venv/lib/python3.13/site-packages/pygments/lexers/tlb.py
2025-12-12 12:55:06.5520417150	1506	./venv/lib/python3.13/site-packages/pygments/lexers/trafficscript.py
2025-12-12 12:55:06.5520417150	1540	./venv/lib/python3.13/site-packages/pygments/lexers/tls.py
2025-12-12 12:55:06.5520417150	17855	./venv/lib/python3.13/site-packages/pygments/lexers/theorem.py
2025-12-12 12:55:06.5520417150	18625	./venv/lib/python3.13/site-packages/pygments/lexers/unicon.py
2025-12-12 12:55:06.5520417150	1943	./venv/lib/python3.13/site-packages/pygments/lexers/x10.py
2025-12-12 12:55:06.5520417150	2006	./venv/lib/python3.13/site-packages/pygments/styles/__init__.py
2025-12-12 12:55:06.5520417150	2262	./venv/lib/python3.13/site-packages/pygments/styles/algol.py
2025-12-12 12:55:06.5520417150	2427	./venv/lib/python3.13/site-packages/pygments/lexers/yara.py
2025-12-12 12:55:06.5520417150	2661	./venv/lib/python3.13/site-packages/pygments/lexers/verifpal.py
2025-12-12 12:55:06.5520417150	3229	./venv/lib/python3.13/site-packages/pygments/lexers/wren.py
2025-12-12 12:55:06.5520417150	3304	./venv/lib/python3.13/site-packages/pygments/lexers/usd.py
2025-12-12 12:55:06.5520417150	3312	./venv/lib/python3.13/site-packages/pygments/styles/_mapping.py
2025-12-12 12:55:06.5520417150	3934	./venv/lib/python3.13/site-packages/pygments/lexers/verification.py
2025-12-12 12:55:06.5520417150	3976	./venv/lib/python3.13/site-packages/pygments/lexers/zig.py
2025-12-12 12:55:06.5520417150	4017	./venv/lib/python3.13/site-packages/pygments/lexers/whiley.py
2025-12-12 12:55:06.5520417150	40564	./venv/lib/python3.13/site-packages/pygments/lexers/webmisc.py
2025-12-12 12:55:06.5520417150	4076	./venv/lib/python3.13/site-packages/pygments/lexers/wowtoc.py
2025-12-12 12:55:06.5520417150	4499	./venv/lib/python3.13/site-packages/pygments/lexers/yang.py
2025-12-12 12:55:06.5520417150	5615	./venv/lib/python3.13/site-packages/pygments/lexers/vyper.py
2025-12-12 12:55:06.5520417150	5698	./venv/lib/python3.13/site-packages/pygments/lexers/webassembly.py
2025-12-12 12:55:06.5520417150	5711	./venv/lib/python3.13/site-packages/pygments/lexers/vip.py
2025-12-12 12:55:06.5520417150	6017	./venv/lib/python3.13/site-packages/pygments/lexers/thingsdb.py
2025-12-12 12:55:06.5520417150	6082	./venv/lib/python3.13/site-packages/pygments/lexers/urbi.py
2025-12-12 12:55:06.5520417150	7167	./venv/lib/python3.13/site-packages/pygments/lexers/typst.py
2025-12-12 12:55:06.5520417150	7473	./venv/lib/python3.13/site-packages/pygments/lexers/varnish.py
2025-12-12 12:55:06.5520417150	749	./venv/lib/python3.13/site-packages/pygments/styles/abap.py
2025-12-12 12:55:06.5520417150	8332	./venv/lib/python3.13/site-packages/pygments/lexers/typoscript.py
2025-12-12 12:55:06.5520417150	913	./venv/lib/python3.13/site-packages/pygments/lexers/web.py
2025-12-12 12:55:06.5520417150	925	./venv/lib/python3.13/site-packages/pygments/lexers/xorg.py
2025-12-12 12:55:06.5560417080	1006	./venv/lib/python3.13/site-packages/pygments/styles/rrt.py
2025-12-12 12:55:06.5560417080	1257	./venv/lib/python3.13/site-packages/pygments/styles/stata_dark.py
2025-12-12 12:55:06.5560417080	1289	./venv/lib/python3.13/site-packages/pygments/styles/stata_light.py
2025-12-12 12:55:06.5560417080	1324	./venv/lib/python3.13/site-packages/pygments/styles/fruity.py
2025-12-12 12:55:06.5560417080	1406	./venv/lib/python3.13/site-packages/pygments/styles/bw.py
2025-12-12 12:55:06.5560417080	1440	./venv/lib/python3.13/site-packages/pygments/styles/sas.py
2025-12-12 12:55:06.5560417080	1611	./venv/lib/python3.13/site-packages/pygments/styles/borland.py
2025-12-12 12:55:06.5560417080	1719	./venv/lib/python3.13/site-packages/pygments/styles/onedark.py
2025-12-12 12:55:06.5560417080	1981	./venv/lib/python3.13/site-packages/pygments/styles/trac.py
2025-12-12 12:55:06.5560417080	2019	./venv/lib/python3.13/site-packages/pygments/styles/vim.py
2025-12-12 12:55:06.5560417080	2043	./venv/lib/python3.13/site-packages/pygments/styles/native.py
2025-12-12 12:55:06.5560417080	2066	./venv/lib/python3.13/site-packages/pygments/styles/lilypond.py
2025-12-12 12:55:06.5560417080	2182	./venv/lib/python3.13/site-packages/pygments/styles/dracula.py
2025-12-12 12:55:06.5560417080	2195	./venv/lib/python3.13/site-packages/pygments/styles/autumn.py
2025-12-12 12:55:06.5560417080	2230	./venv/lib/python3.13/site-packages/pygments/styles/perldoc.py
2025-12-12 12:55:06.5560417080	2283	./venv/lib/python3.13/site-packages/pygments/styles/algol_nu.py
2025-12-12 12:55:06.5560417080	2308	./venv/lib/python3.13/site-packages/pygments/styles/coffee.py
2025-12-12 12:55:06.5560417080	2390	./venv/lib/python3.13/site-packages/pygments/styles/rainbow_dash.py
2025-12-12 12:55:06.5560417080	2404	./venv/lib/python3.13/site-packages/pygments/styles/inkpot.py
2025-12-12 12:55:06.5560417080	2443	./venv/lib/python3.13/site-packages/pygments/styles/manni.py
2025-12-12 12:55:06.5560417080	2525	./venv/lib/python3.13/site-packages/pygments/styles/pastie.py
2025-12-12 12:55:06.5560417080	2535	./venv/lib/python3.13/site-packages/pygments/styles/emacs.py
2025-12-12 12:55:06.5560417080	2588	./venv/lib/python3.13/site-packages/pygments/styles/default.py
2025-12-12 12:55:06.5560417080	2604	./venv/lib/python3.13/site-packages/pygments/styles/friendly.py
2025-12-12 12:55:06.5560417080	2805	./venv/lib/python3.13/site-packages/pygments/styles/murphy.py
2025-12-12 12:55:06.5560417080	2828	./venv/lib/python3.13/site-packages/pygments/styles/friendly_grayscale.py
2025-12-12 12:55:06.5560417080	2832	./venv/lib/python3.13/site-packages/pygments/styles/colorful.py
2025-12-12 12:55:06.5560417080	3172	./venv/lib/python3.13/site-packages/pygments/styles/lightbulb.py
2025-12-12 12:55:06.5560417080	3178	./venv/lib/python3.13/site-packages/pygments/styles/lovelace.py
2025-12-12 12:55:06.5560417080	3387	./venv/lib/python3.13/site-packages/pygments/styles/gruvbox.py
2025-12-12 12:55:06.5560417080	3590	./venv/lib/python3.13/site-packages/pygments/styles/gh_dark.py
2025-12-12 12:55:06.5560417080	4201	./venv/lib/python3.13/site-packages/pygments/styles/material.py
2025-12-12 12:55:06.5560417080	4247	./venv/lib/python3.13/site-packages/pygments/styles/solarized.py
2025-12-12 12:55:06.5560417080	4557	./venv/lib/python3.13/site-packages/pygments/styles/arduino.py
2025-12-12 12:55:06.5560417080	5184	./venv/lib/python3.13/site-packages/pygments/styles/monokai.py
2025-12-12 12:55:06.5560417080	5391	./venv/lib/python3.13/site-packages/pygments/styles/nord.py
2025-12-12 12:55:06.5560417080	5662	./venv/lib/python3.13/site-packages/pygments/styles/paraiso_dark.py
2025-12-12 12:55:06.5560417080	5668	./venv/lib/python3.13/site-packages/pygments/styles/paraiso_light.py
2025-12-12 12:55:06.5560417080	7137	./venv/lib/python3.13/site-packages/pygments/styles/tango.py
2025-12-12 12:55:06.5560417080	737	./venv/lib/python3.13/site-packages/pygments/styles/igor.py
2025-12-12 12:55:06.5560417080	831	./venv/lib/python3.13/site-packages/pygments/styles/staroffice.py
2025-12-12 12:55:06.5600417000	10824	./venv/lib/python3.13/site-packages/pygments-2.19.2.dist-info/licenses/AUTHORS
2025-12-12 12:55:06.5600417000	1130	./venv/lib/python3.13/site-packages/pygments/styles/vs.py
2025-12-12 12:55:06.5600417000	1331	./venv/lib/python3.13/site-packages/pygments-2.19.2.dist-info/licenses/LICENSE
2025-12-12 12:55:06.5600417000	1504	./venv/lib/python3.13/site-packages/pygments/styles/xcode.py
2025-12-12 12:55:06.5600417000	2203	./venv/lib/python3.13/site-packages/pygments/styles/zenburn.py
2025-12-12 12:55:06.5600417000	2512	./venv/lib/python3.13/site-packages/pygments-2.19.2.dist-info/METADATA
2025-12-12 12:55:06.5600417000	53	./venv/lib/python3.13/site-packages/pygments-2.19.2.dist-info/entry_points.txt
2025-12-12 12:55:06.5600417000	87	./venv/lib/python3.13/site-packages/pygments-2.19.2.dist-info/WHEEL
2025-12-12 12:55:07.3480402620	249	./venv/bin/pygmentize
2025-12-12 12:55:07.3480402620	4	./venv/lib/python3.13/site-packages/pygments-2.19.2.dist-info/INSTALLER
2025-12-12 12:55:07.3600402400	47428	./venv/lib/python3.13/site-packages/pygments-2.19.2.dist-info/RECORD
2025-12-12 12:55:07.3640402330	811	./venv/lib/python3.13/site-packages/pluggy/__init__.py
2025-12-12 12:55:07.3680402250	0	./venv/lib/python3.13/site-packages/pluggy/py.typed
2025-12-12 12:55:07.3680402250	1110	./venv/lib/python3.13/site-packages/pluggy-1.6.0.dist-info/licenses/LICENSE
2025-12-12 12:55:07.3680402250	20219	./venv/lib/python3.13/site-packages/pluggy/_manager.py
2025-12-12 12:55:07.3680402250	2073	./venv/lib/python3.13/site-packages/pluggy/_tracing.py
2025-12-12 12:55:07.3680402250	25218	./venv/lib/python3.13/site-packages/pluggy/_hooks.py
2025-12-12 12:55:07.3680402250	3098	./venv/lib/python3.13/site-packages/pluggy/_result.py
2025-12-12 12:55:07.3680402250	4811	./venv/lib/python3.13/site-packages/pluggy-1.6.0.dist-info/METADATA
2025-12-12 12:55:07.3680402250	5991	./venv/lib/python3.13/site-packages/pluggy/_callers.py
2025-12-12 12:55:07.3680402250	704	./venv/lib/python3.13/site-packages/pluggy/_version.py
2025-12-12 12:55:07.3680402250	7	./venv/lib/python3.13/site-packages/pluggy-1.6.0.dist-info/top_level.txt
2025-12-12 12:55:07.3680402250	828	./venv/lib/python3.13/site-packages/pluggy/_warnings.py
2025-12-12 12:55:07.3680402250	91	./venv/lib/python3.13/site-packages/pluggy-1.6.0.dist-info/WHEEL
2025-12-12 12:55:07.3840401960	4	./venv/lib/python3.13/site-packages/pluggy-1.6.0.dist-info/INSTALLER
2025-12-12 12:55:07.3880401890	1530	./venv/lib/python3.13/site-packages/pluggy-1.6.0.dist-info/RECORD
2025-12-12 12:55:07.3920401820	0	./venv/lib/python3.13/site-packages/packaging/py.typed
2025-12-12 12:55:07.3920401820	10174	./venv/lib/python3.13/site-packages/packaging-25.0.dist-info/licenses/LICENSE.APACHE
2025-12-12 12:55:07.3920401820	10221	./venv/lib/python3.13/site-packages/packaging/_parser.py
2025-12-12 12:55:07.3920401820	12049	./venv/lib/python3.13/site-packages/packaging/markers.py
2025-12-12 12:55:07.3920401820	1344	./venv/lib/python3.13/site-packages/packaging-25.0.dist-info/licenses/LICENSE.BSD
2025-12-12 12:55:07.3920401820	1431	./venv/lib/python3.13/site-packages/packaging/_structures.py
2025-12-12 12:55:07.3920401820	16676	./venv/lib/python3.13/site-packages/packaging/version.py
2025-12-12 12:55:07.3920401820	197	./venv/lib/python3.13/site-packages/packaging-25.0.dist-info/licenses/LICENSE
2025-12-12 12:55:07.3920401820	22745	./venv/lib/python3.13/site-packages/packaging/tags.py
2025-12-12 12:55:07.3920401820	2694	./venv/lib/python3.13/site-packages/packaging/_musllinux.py
2025-12-12 12:55:07.3920401820	2947	./venv/lib/python3.13/site-packages/packaging/requirements.py
2025-12-12 12:55:07.3920401820	3281	./venv/lib/python3.13/site-packages/packaging-25.0.dist-info/METADATA
2025-12-12 12:55:07.3920401820	3286	./venv/lib/python3.13/site-packages/packaging/_elffile.py
2025-12-12 12:55:07.3920401820	34739	./venv/lib/python3.13/site-packages/packaging/metadata.py
2025-12-12 12:55:07.3920401820	40055	./venv/lib/python3.13/site-packages/packaging/specifiers.py
2025-12-12 12:55:07.3920401820	48398	./venv/lib/python3.13/site-packages/packaging/licenses/_spdx.py
2025-12-12 12:55:07.3920401820	494	./venv/lib/python3.13/site-packages/packaging/__init__.py
2025-12-12 12:55:07.3920401820	5050	./venv/lib/python3.13/site-packages/packaging/utils.py
2025-12-12 12:55:07.3920401820	5310	./venv/lib/python3.13/site-packages/packaging/_tokenizer.py
2025-12-12 12:55:07.3920401820	5715	./venv/lib/python3.13/site-packages/packaging/licenses/__init__.py
2025-12-12 12:55:07.3920401820	82	./venv/lib/python3.13/site-packages/packaging-25.0.dist-info/WHEEL
2025-12-12 12:55:07.3920401820	9596	./venv/lib/python3.13/site-packages/packaging/_manylinux.py
2025-12-12 12:55:07.4360401010	4	./venv/lib/python3.13/site-packages/packaging-25.0.dist-info/INSTALLER
2025-12-12 12:55:07.4400400940	2792	./venv/lib/python3.13/site-packages/packaging-25.0.dist-info/RECORD
2025-12-12 12:55:07.4440400870	0	./venv/lib/python3.13/site-packages/iniconfig/py.typed
2025-12-12 12:55:07.4440400870	1098	./venv/lib/python3.13/site-packages/iniconfig-2.3.0.dist-info/licenses/LICENSE
2025-12-12 12:55:07.4440400870	10	./venv/lib/python3.13/site-packages/iniconfig-2.3.0.dist-info/top_level.txt
2025-12-12 12:55:07.4440400870	2526	./venv/lib/python3.13/site-packages/iniconfig-2.3.0.dist-info/METADATA
2025-12-12 12:55:07.4440400870	399	./venv/lib/python3.13/site-packages/iniconfig/exceptions.py
2025-12-12 12:55:07.4440400870	5223	./venv/lib/python3.13/site-packages/iniconfig/_parse.py
2025-12-12 12:55:07.4440400870	704	./venv/lib/python3.13/site-packages/iniconfig/_version.py
2025-12-12 12:55:07.4440400870	7497	./venv/lib/python3.13/site-packages/iniconfig/__init__.py
2025-12-12 12:55:07.4440400870	91	./venv/lib/python3.13/site-packages/iniconfig-2.3.0.dist-info/WHEEL
2025-12-12 12:55:07.4480400790	4	./venv/lib/python3.13/site-packages/iniconfig-2.3.0.dist-info/INSTALLER
2025-12-12 12:55:07.4520400720	1087	./venv/lib/python3.13/site-packages/iniconfig-2.3.0.dist-info/RECORD
2025-12-12 12:55:07.4600400570	10019	./venv/lib/python3.13/site-packages/_pytest/helpconfig.py
2025-12-12 12:55:07.4600400570	10108	./venv/lib/python3.13/site-packages/_pytest/outcomes.py
2025-12-12 12:55:07.4600400570	10254	./venv/lib/python3.13/site-packages/_pytest/compat.py
2025-12-12 12:55:07.4600400570	1300	./venv/lib/python3.13/site-packages/_pytest/freeze_support.py
2025-12-12 12:55:07.4600400570	13947	./venv/lib/python3.13/site-packages/_pytest/debugging.py
2025-12-12 12:55:07.4600400570	15500	./venv/lib/python3.13/site-packages/_pytest/monkeypatch.py
2025-12-12 12:55:07.4600400570	16588	./venv/lib/python3.13/site-packages/_pytest/legacypath.py
2025-12-12 12:55:07.4600400570	23149	./venv/lib/python3.13/site-packages/_pytest/cacheprovider.py
2025-12-12 12:55:07.4600400570	25478	./venv/lib/python3.13/site-packages/_pytest/doctest.py
2025-12-12 12:55:07.4600400570	25522	./venv/lib/python3.13/site-packages/_pytest/junitxml.py
2025-12-12 12:55:07.4600400570	26540	./venv/lib/python3.13/site-packages/_pytest/nodes.py
2025-12-12 12:55:07.4600400570	329	./venv/lib/python3.13/site-packages/py.py
2025-12-12 12:55:07.4600400570	35234	./venv/lib/python3.13/site-packages/_pytest/logging.py
2025-12-12 12:55:07.4600400570	3611	./venv/lib/python3.13/site-packages/_pytest/deprecated.py
2025-12-12 12:55:07.4600400570	36829	./venv/lib/python3.13/site-packages/_pytest/capture.py
2025-12-12 12:55:07.4600400570	3776	./venv/lib/python3.13/site-packages/_pytest/_argcomplete.py
2025-12-12 12:55:07.4600400570	391	./venv/lib/python3.13/site-packages/_pytest/__init__.py
2025-12-12 12:55:07.4600400570	42435	./venv/lib/python3.13/site-packages/_pytest/main.py
2025-12-12 12:55:07.4600400570	4250	./venv/lib/python3.13/site-packages/_pytest/faulthandler.py
2025-12-12 12:55:07.4600400570	43019	./venv/lib/python3.13/site-packages/_pytest/hookspec.py
2025-12-12 12:55:07.4600400570	704	./venv/lib/python3.13/site-packages/_pytest/_version.py
2025-12-12 12:55:07.4600400570	78681	./venv/lib/python3.13/site-packages/_pytest/fixtures.py
2025-12-12 12:55:07.4640400500	0	./venv/lib/python3.13/site-packages/_pytest/py.typed
2025-12-12 12:55:07.4640400500	10810	./venv/lib/python3.13/site-packages/_pytest/skipping.py
2025-12-12 12:55:07.4640400500	1153	./venv/lib/python3.13/site-packages/_pytest/terminalprogress.py
2025-12-12 12:55:07.4640400500	1184	./venv/lib/python3.13/site-packages/_pytest/setupplan.py
2025-12-12 12:55:07.4640400500	13241	./venv/lib/python3.13/site-packages/_pytest/subtests.py
2025-12-12 12:55:07.4640400500	13386	./venv/lib/python3.13/site-packages/_pytest/recwarn.py
2025-12-12 12:55:07.4640400500	19785	./venv/lib/python3.13/site-packages/_pytest/runner.py
2025-12-12 12:55:07.4640400500	2253	./venv/lib/python3.13/site-packages/_pytest/pytester_assertions.py
2025-12-12 12:55:07.4640400500	23230	./venv/lib/python3.13/site-packages/_pytest/reports.py
2025-12-12 12:55:07.4640400500	2738	./venv/lib/python3.13/site-packages/_pytest/scope.py
2025-12-12 12:55:07.4640400500	3090	./venv/lib/python3.13/site-packages/_pytest/stash.py
2025-12-12 12:55:07.4640400500	3108	./venv/lib/python3.13/site-packages/_pytest/timing.py
2025-12-12 12:55:07.4640400500	3167	./venv/lib/python3.13/site-packages/_pytest/setuponly.py
2025-12-12 12:55:07.4640400500	31744	./venv/lib/python3.13/site-packages/_pytest/python_api.py
2025-12-12 12:55:07.4640400500	37879	./venv/lib/python3.13/site-packages/_pytest/pathlib.py
2025-12-12 12:55:07.4640400500	4155	./venv/lib/python3.13/site-packages/_pytest/pastebin.py
2025-12-12 12:55:07.4640400500	4953	./venv/lib/python3.13/site-packages/_pytest/threadexception.py
2025-12-12 12:55:07.4640400500	60082	./venv/lib/python3.13/site-packages/_pytest/raises.py
2025-12-12 12:55:07.4640400500	62389	./venv/lib/python3.13/site-packages/_pytest/pytester.py
2025-12-12 12:55:07.4640400500	64444	./venv/lib/python3.13/site-packages/_pytest/terminal.py
2025-12-12 12:55:07.4640400500	68754	./venv/lib/python3.13/site-packages/_pytest/python.py
2025-12-12 12:55:07.4640400500	7689	./venv/lib/python3.13/site-packages/_pytest/stepwise.py
2025-12-12 12:55:07.4680400430	0	./venv/lib/python3.13/site-packages/_pytest/_py/__init__.py
2025-12-12 12:55:07.4680400430	11387	./venv/lib/python3.13/site-packages/_pytest/tmpdir.py
2025-12-12 12:55:07.4680400430	1289	./venv/lib/python3.13/site-packages/_pytest/_io/wcwidth.py
2025-12-12 12:55:07.4680400430	190	./venv/lib/python3.13/site-packages/_pytest/_io/__init__.py
2025-12-12 12:55:07.4680400430	19622	./venv/lib/python3.13/site-packages/_pytest/_io/pprint.py
2025-12-12 12:55:07.4680400430	20439	./venv/lib/python3.13/site-packages/_pytest/config/argparsing.py
2025-12-12 12:55:07.4680400430	20561	./venv/lib/python3.13/site-packages/_pytest/assertion/util.py
2025-12-12 12:55:07.4680400430	24155	./venv/lib/python3.13/site-packages/_pytest/unittest.py
2025-12-12 12:55:07.4680400430	3475	./venv/lib/python3.13/site-packages/_pytest/_py/error.py
2025-12-12 12:55:07.4680400430	4082	./venv/lib/python3.13/site-packages/_pytest/_io/saferepr.py
2025-12-12 12:55:07.4680400430	4398	./venv/lib/python3.13/site-packages/_pytest/warning_types.py
2025-12-12 12:55:07.4680400430	48206	./venv/lib/python3.13/site-packages/_pytest/assertion/rewrite.py
2025-12-12 12:55:07.4680400430	49220	./venv/lib/python3.13/site-packages/_pytest/_py/path.py
2025-12-12 12:55:07.4680400430	5179	./venv/lib/python3.13/site-packages/_pytest/unraisableexception.py
2025-12-12 12:55:07.4680400430	5194	./venv/lib/python3.13/site-packages/_pytest/warnings.py
2025-12-12 12:55:07.4680400430	521	./venv/lib/python3.13/site-packages/_pytest/_code/__init__.py
2025-12-12 12:55:07.4680400430	5438	./venv/lib/python3.13/site-packages/_pytest/assertion/truncate.py
2025-12-12 12:55:07.4680400430	55836	./venv/lib/python3.13/site-packages/_pytest/_code/code.py
2025-12-12 12:55:07.4680400430	7120	./venv/lib/python3.13/site-packages/_pytest/assertion/__init__.py
2025-12-12 12:55:07.4680400430	7772	./venv/lib/python3.13/site-packages/_pytest/_code/source.py
2025-12-12 12:55:07.4680400430	778	./venv/lib/python3.13/site-packages/_pytest/tracemalloc.py
2025-12-12 12:55:07.4680400430	79024	./venv/lib/python3.13/site-packages/_pytest/config/__init__.py
2025-12-12 12:55:07.4680400430	8994	./venv/lib/python3.13/site-packages/_pytest/_io/terminalwriter.py
2025-12-12 12:55:07.4720400360	0	./venv/lib/python3.13/site-packages/pytest/py.typed
2025-12-12 12:55:07.4720400360	1091	./venv/lib/python3.13/site-packages/pytest-9.0.2.dist-info/licenses/LICENSE
2025-12-12 12:55:07.4720400360	11244	./venv/lib/python3.13/site-packages/_pytest/mark/expression.py
2025-12-12 12:55:07.4720400360	12878	./venv/lib/python3.13/site-packages/_pytest/config/findpaths.py
2025-12-12 12:55:07.4720400360	154	./venv/lib/python3.13/site-packages/pytest/__main__.py
2025-12-12 12:55:07.4720400360	18	./venv/lib/python3.13/site-packages/pytest-9.0.2.dist-info/top_level.txt
2025-12-12 12:55:07.4720400360	23074	./venv/lib/python3.13/site-packages/_pytest/mark/structures.py
2025-12-12 12:55:07.4720400360	2947	./venv/lib/python3.13/site-packages/_pytest/config/compat.py
2025-12-12 12:55:07.4720400360	315	./venv/lib/python3.13/site-packages/_pytest/config/exceptions.py
2025-12-12 12:55:07.4720400360	5582	./venv/lib/python3.13/site-packages/pytest/__init__.py
2025-12-12 12:55:07.4720400360	7558	./venv/lib/python3.13/site-packages/pytest-9.0.2.dist-info/METADATA
2025-12-12 12:55:07.4720400360	77	./venv/lib/python3.13/site-packages/pytest-9.0.2.dist-info/entry_points.txt
2025-12-12 12:55:07.4720400360	91	./venv/lib/python3.13/site-packages/pytest-9.0.2.dist-info/WHEEL
2025-12-12 12:55:07.4720400360	9870	./venv/lib/python3.13/site-packages/_pytest/mark/__init__.py
2025-12-12 12:55:07.7640395030	255	./venv/bin/py.test
2025-12-12 12:55:07.7640395030	255	./venv/bin/pytest
2025-12-12 12:55:07.7640395030	4	./venv/lib/python3.13/site-packages/pytest-9.0.2.dist-info/INSTALLER
2025-12-12 12:55:07.7720394880	0	./venv/lib/python3.13/site-packages/pytest-9.0.2.dist-info/REQUESTED
2025-12-12 12:55:07.7760394810	10561	./venv/lib/python3.13/site-packages/pytest-9.0.2.dist-info/RECORD
2025-12-12 13:01:42.8073746540	12311	./venv/lib/python3.13/site-packages/yaml/__init__.py
2025-12-12 13:01:42.8073746540	1402	./venv/lib/python3.13/site-packages/_yaml/__init__.py
2025-12-12 13:01:42.8193746350	2666184	./venv/lib/python3.13/site-packages/yaml/_yaml.cpython-313-aarch64-linux-gnu.so
2025-12-12 13:01:42.8233746290	1101	./venv/lib/python3.13/site-packages/pyyaml-6.0.3.dist-info/licenses/LICENSE
2025-12-12 13:01:42.8233746290	11	./venv/lib/python3.13/site-packages/pyyaml-6.0.3.dist-info/top_level.txt
2025-12-12 13:01:42.8233746290	14190	./venv/lib/python3.13/site-packages/yaml/representer.py
2025-12-12 13:01:42.8233746290	1440	./venv/lib/python3.13/site-packages/yaml/nodes.py
2025-12-12 13:01:42.8233746290	193	./venv/lib/python3.13/site-packages/pyyaml-6.0.3.dist-info/WHEEL
2025-12-12 13:01:42.8233746290	2061	./venv/lib/python3.13/site-packages/yaml/loader.py
2025-12-12 13:01:42.8233746290	2351	./venv/lib/python3.13/site-packages/pyyaml-6.0.3.dist-info/METADATA
2025-12-12 13:01:42.8233746290	2445	./venv/lib/python3.13/site-packages/yaml/events.py
2025-12-12 13:01:42.8233746290	2533	./venv/lib/python3.13/site-packages/yaml/error.py
2025-12-12 13:01:42.8233746290	25495	./venv/lib/python3.13/site-packages/yaml/parser.py
2025-12-12 13:01:42.8233746290	2573	./venv/lib/python3.13/site-packages/yaml/tokens.py
2025-12-12 13:01:42.8233746290	2837	./venv/lib/python3.13/site-packages/yaml/dumper.py
2025-12-12 13:01:42.8233746290	28639	./venv/lib/python3.13/site-packages/yaml/constructor.py
2025-12-12 13:01:42.8233746290	3851	./venv/lib/python3.13/site-packages/yaml/cyaml.py
2025-12-12 13:01:42.8233746290	4165	./venv/lib/python3.13/site-packages/yaml/serializer.py
2025-12-12 13:01:42.8233746290	43006	./venv/lib/python3.13/site-packages/yaml/emitter.py
2025-12-12 13:01:42.8233746290	4883	./venv/lib/python3.13/site-packages/yaml/composer.py
2025-12-12 13:01:42.8233746290	51279	./venv/lib/python3.13/site-packages/yaml/scanner.py
2025-12-12 13:01:42.8233746290	6794	./venv/lib/python3.13/site-packages/yaml/reader.py
2025-12-12 13:01:42.8233746290	9004	./venv/lib/python3.13/site-packages/yaml/resolver.py
2025-12-12 13:01:42.8713745530	0	./venv/lib/python3.13/site-packages/pyyaml-6.0.3.dist-info/REQUESTED
2025-12-12 13:01:42.8713745530	4	./venv/lib/python3.13/site-packages/pyyaml-6.0.3.dist-info/INSTALLER
2025-12-12 13:01:42.8753745470	2794	./venv/lib/python3.13/site-packages/pyyaml-6.0.3.dist-info/RECORD
2025-12-12 13:33:24.2368508080	2958	./tests/test_uuid_identity.py
2025-12-12 13:33:47.8368201080	1393	./tests/test_entities.py
2025-12-12 14:15:37.5924929830	1351	./tests/test_build_individual.py
2025-12-12 18:30:37.3587682810	1017	./src/gedcom_parser/registry/utils.py
2025-12-12 18:34:42.1389740280	1296	./tests/test_build_family.py
2025-12-12 19:30:40.2170066590	1349	./src/gedcom_parser/entities/registry.py
2025-12-15 14:04:06.2792569070	1422	./tests/test_build_note.py
2025-12-15 14:04:37.5072421040	1203	./tests/test_build_source.py
2025-12-15 14:05:04.7912286270	191	./tests/.pytest_cache/CACHEDIR.TAG
2025-12-15 14:05:04.7912286270	302	./tests/.pytest_cache/README.md
2025-12-15 14:05:04.7912286270	37	./tests/.pytest_cache/.gitignore
2025-12-15 14:05:07.1112274590	39	./tests/.pytest_cache/v/cache/nodeids
2025-12-15 14:05:07.1112274590	479	./tests/.pytest_cache/v/cache/lastfailed
2025-12-15 16:16:30.7785106020	492	./src/gedcom_parser/tree_builder.py
2025-12-15 17:13:53.6790497470	2275	./src/gedcom_parser/registry/build_note.py
2025-12-15 17:47:47.9849746430	1258	./venv/lib/python3.13/site-packages/gedcom/__init__.py
2025-12-15 17:47:47.9849746430	1821	./venv/lib/python3.13/site-packages/gedcom/helpers.py
2025-12-15 17:47:47.9849746430	22049	./venv/lib/python3.13/site-packages/gedcom/parser.py
2025-12-15 17:47:47.9889746390	0	./venv/lib/python3.13/site-packages/tests/element/__init__.py
2025-12-15 17:47:47.9889746390	10229	./venv/lib/python3.13/site-packages/gedcom/element/element.py
2025-12-15 17:47:47.9889746390	110	./venv/lib/python3.13/site-packages/python_gedcom-1.0.0.dist-info/WHEEL
2025-12-15 17:47:47.9889746390	1255	./venv/lib/python3.13/site-packages/gedcom/element/__init__.py
2025-12-15 17:47:47.9889746390	13	./venv/lib/python3.13/site-packages/python_gedcom-1.0.0.dist-info/top_level.txt
2025-12-15 17:47:47.9889746390	1469	./venv/lib/python3.13/site-packages/gedcom/element/file.py
2025-12-15 17:47:47.9889746390	1479	./venv/lib/python3.13/site-packages/gedcom/element/family.py
2025-12-15 17:47:47.9889746390	1479	./venv/lib/python3.13/site-packages/gedcom/element/object.py
2025-12-15 17:47:47.9889746390	1496	./venv/lib/python3.13/site-packages/gedcom/element/root.py
2025-12-15 17:47:47.9889746390	15618	./venv/lib/python3.13/site-packages/python_gedcom-1.0.0.dist-info/METADATA
2025-12-15 17:47:47.9889746390	16773	./venv/lib/python3.13/site-packages/gedcom/element/individual.py
2025-12-15 17:47:47.9889746390	174	./venv/lib/python3.13/site-packages/tests/element/test_element.py
2025-12-15 17:47:47.9889746390	18092	./venv/lib/python3.13/site-packages/python_gedcom-1.0.0.dist-info/LICENSE.txt
2025-12-15 17:47:47.9889746390	285	./venv/lib/python3.13/site-packages/tests/element/test_root.py
2025-12-15 17:47:47.9889746390	325	./venv/lib/python3.13/site-packages/tests/element/test_file.py
2025-12-15 17:47:47.9889746390	341	./venv/lib/python3.13/site-packages/tests/element/test_family.py
2025-12-15 17:47:47.9889746390	341	./venv/lib/python3.13/site-packages/tests/element/test_object.py
2025-12-15 17:47:47.9889746390	373	./venv/lib/python3.13/site-packages/tests/element/test_individual.py
2025-12-15 17:47:47.9889746390	5207	./venv/lib/python3.13/site-packages/gedcom/tags.py
2025-12-15 17:47:48.0129746120	4	./venv/lib/python3.13/site-packages/python_gedcom-1.0.0.dist-info/INSTALLER
2025-12-15 17:47:48.0169746070	0	./venv/lib/python3.13/site-packages/python_gedcom-1.0.0.dist-info/REQUESTED
2025-12-15 17:47:48.0169746070	3036	./venv/lib/python3.13/site-packages/python_gedcom-1.0.0.dist-info/RECORD
2025-12-15 17:48:17.7129412810	184	./parse_gedcom.py
2025-12-15 18:15:44.8043226460	1444	./tests/test_build_media_object.py
2025-12-17 11:53:40.0334629050	5740	./src/gedcom_parser/generated_entities.py
2025-12-17 11:53:43.3177900060	9957	./src/gedcom_parser/generated_attachments.py
2025-12-17 11:53:46.0220579230	3011	./src/gedcom_parser/registry/generated_build_registry.py
2025-12-18 12:39:10.3640295000	4250	./src/gedcom_parser/registry/build_individual.py
2025-12-18 13:20:56.3120046730	2338	./src/gedcom_parser/registry/build_source.py
2025-12-18 15:40:40.9892590530	4554	./src/gedcom_parser/registry/build_media_object.py
2025-12-18 16:48:08.3633617970	3768	./src/gedcom_parser/registry/build_family.py
2025-12-18 19:44:14.0178938220	4660	./src/gedcom_parser/identity/uuid_factory.py
2025-12-18 22:53:10.0000000000	8831570	./mock_files/Menzies Dempsey.ged
2025-12-19 12:20:48.4102138710	1912	./src/gedcom_parser/registry/link_entities.py
2025-12-19 12:20:58.1742009610	1377	./tests/test_entity_linking.py
2025-12-19 12:55:06.8118296260	1	./src/gedcom_parser/registry/promote_media.py
2025-12-19 17:06:05.5152645850	5764	./src/gedcom_parser/registry/build_registry.py
2025-12-20 12:28:20.1155873540	482	./src/gedcom_parser/cli/app.py
2025-12-20 12:28:32.3156350650	1413	./src/gedcom_parser/cli/utils.py
2025-12-20 12:28:45.3476847080	1765	./src/gedcom_parser/cli/commands/export.py
2025-12-20 12:29:05.5237589500	1013	./src/gedcom_parser/cli/commands/stats.py
2025-12-20 15:47:15.1562613990	192	./src/gedcom_parser/cli/__init__.py
2025-12-20 15:47:42.1683214850	300	./src/gedcom_parser/cli/commands/__init__.py
2025-12-20 17:26:33.8412168640	160429	./venv/lib/python3.13/site-packages/typing_extensions.py
2025-12-20 17:26:33.8452168680	13936	./venv/lib/python3.13/site-packages/typing_extensions-4.15.0.dist-info/licenses/LICENSE
2025-12-20 17:26:33.8452168680	3259	./venv/lib/python3.13/site-packages/typing_extensions-4.15.0.dist-info/METADATA
2025-12-20 17:26:33.8452168680	82	./venv/lib/python3.13/site-packages/typing_extensions-4.15.0.dist-info/WHEEL
2025-12-20 17:26:33.8772169080	4	./venv/lib/python3.13/site-packages/typing_extensions-4.15.0.dist-info/INSTALLER
2025-12-20 17:26:33.8812169130	580	./venv/lib/python3.13/site-packages/typing_extensions-4.15.0.dist-info/RECORD
2025-12-20 17:26:33.8852169180	110	./venv/lib/python3.13/site-packages/shellingham-1.5.4.dist-info/WHEEL
2025-12-20 17:26:33.8852169180	12	./venv/lib/python3.13/site-packages/shellingham-1.5.4.dist-info/top_level.txt
2025-12-20 17:26:33.8852169180	1770	./venv/lib/python3.13/site-packages/shellingham/posix/ps.py
2025-12-20 17:26:33.8852169180	1	./venv/lib/python3.13/site-packages/shellingham-1.5.4.dist-info/zip-safe
2025-12-20 17:26:33.8852169180	2659	./venv/lib/python3.13/site-packages/shellingham/posix/proc.py
2025-12-20 17:26:33.8852169180	300	./venv/lib/python3.13/site-packages/shellingham/_core.py
2025-12-20 17:26:33.8852169180	3129	./venv/lib/python3.13/site-packages/shellingham/posix/__init__.py
2025-12-20 17:26:33.8852169180	3461	./venv/lib/python3.13/site-packages/shellingham-1.5.4.dist-info/METADATA
2025-12-20 17:26:33.8852169180	4516	./venv/lib/python3.13/site-packages/shellingham/nt.py
2025-12-20 17:26:33.8852169180	635	./venv/lib/python3.13/site-packages/shellingham/__init__.py
2025-12-20 17:26:33.8852169180	751	./venv/lib/python3.13/site-packages/shellingham-1.5.4.dist-info/LICENSE
2025-12-20 17:26:33.8852169180	81	./venv/lib/python3.13/site-packages/shellingham/posix/_core.py
2025-12-20 17:26:33.8892169230	4	./venv/lib/python3.13/site-packages/shellingham-1.5.4.dist-info/INSTALLER
2025-12-20 17:26:33.8932169280	1525	./venv/lib/python3.13/site-packages/shellingham-1.5.4.dist-info/RECORD
2025-12-20 17:26:33.8972169330	2602	./venv/lib/python3.13/site-packages/mdurl/_encode.py
2025-12-20 17:26:33.8972169330	3004	./venv/lib/python3.13/site-packages/mdurl/_decode.py
2025-12-20 17:26:33.8972169330	547	./venv/lib/python3.13/site-packages/mdurl/__init__.py
2025-12-20 17:26:33.8972169330	626	./venv/lib/python3.13/site-packages/mdurl/_format.py
2025-12-20 17:26:33.9012169380	11374	./venv/lib/python3.13/site-packages/mdurl/_parse.py
2025-12-20 17:26:33.9012169380	1638	./venv/lib/python3.13/site-packages/mdurl-0.1.2.dist-info/METADATA
2025-12-20 17:26:33.9012169380	2338	./venv/lib/python3.13/site-packages/mdurl-0.1.2.dist-info/LICENSE
2025-12-20 17:26:33.9012169380	26	./venv/lib/python3.13/site-packages/mdurl/py.typed
2025-12-20 17:26:33.9012169380	284	./venv/lib/python3.13/site-packages/mdurl/_url.py
2025-12-20 17:26:33.9012169380	81	./venv/lib/python3.13/site-packages/mdurl-0.1.2.dist-info/WHEEL
2025-12-20 17:26:33.9052169430	4	./venv/lib/python3.13/site-packages/mdurl-0.1.2.dist-info/INSTALLER
2025-12-20 17:26:33.9092169470	1152	./venv/lib/python3.13/site-packages/mdurl-0.1.2.dist-info/RECORD
2025-12-20 17:26:33.9132169520	0	./venv/lib/python3.13/site-packages/click/py.typed
2025-12-20 17:26:33.9132169520	132105	./venv/lib/python3.13/site-packages/click/core.py
2025-12-20 17:26:33.9132169520	1400	./venv/lib/python3.13/site-packages/click/_textwrap.py
2025-12-20 17:26:33.9132169520	18461	./venv/lib/python3.13/site-packages/click/decorators.py
2025-12-20 17:26:33.9132169520	18693	./venv/lib/python3.13/site-packages/click/_compat.py
2025-12-20 17:26:33.9132169520	19010	./venv/lib/python3.13/site-packages/click/parser.py
2025-12-20 17:26:33.9132169520	1923	./venv/lib/python3.13/site-packages/click/globals.py
2025-12-20 17:26:33.9132169520	20994	./venv/lib/python3.13/site-packages/click/shell_completion.py
2025-12-20 17:26:33.9132169520	27093	./venv/lib/python3.13/site-packages/click/_termui_impl.py
2025-12-20 17:26:33.9132169520	31037	./venv/lib/python3.13/site-packages/click/termui.py
2025-12-20 17:26:33.9132169520	4473	./venv/lib/python3.13/site-packages/click/__init__.py
2025-12-20 17:26:33.9132169520	8465	./venv/lib/python3.13/site-packages/click/_winconsole.py
2025-12-20 17:26:33.9132169520	943	./venv/lib/python3.13/site-packages/click/_utils.py
2025-12-20 17:26:33.9132169520	9730	./venv/lib/python3.13/site-packages/click/formatting.py
2025-12-20 17:26:33.9132169520	9954	./venv/lib/python3.13/site-packages/click/exceptions.py
2025-12-20 17:26:33.9172169570	1475	./venv/lib/python3.13/site-packages/click-8.3.1.dist-info/licenses/LICENSE.txt
2025-12-20 17:26:33.9172169570	19102	./venv/lib/python3.13/site-packages/click/testing.py
2025-12-20 17:26:33.9172169570	20257	./venv/lib/python3.13/site-packages/click/utils.py
2025-12-20 17:26:33.9172169570	2621	./venv/lib/python3.13/site-packages/click-8.3.1.dist-info/METADATA
2025-12-20 17:26:33.9172169570	39927	./venv/lib/python3.13/site-packages/click/types.py
2025-12-20 17:26:33.9172169570	82	./venv/lib/python3.13/site-packages/click-8.3.1.dist-info/WHEEL
2025-12-20 17:26:33.9852170410	4	./venv/lib/python3.13/site-packages/click-8.3.1.dist-info/INSTALLER
2025-12-20 17:26:33.9892170460	2531	./venv/lib/python3.13/site-packages/click-8.3.1.dist-info/RECORD
2025-12-20 17:26:33.9932170510	1016	./venv/lib/python3.13/site-packages/markdown_it/parser_core.py
2025-12-20 17:26:33.9932170510	114	./venv/lib/python3.13/site-packages/markdown_it/__init__.py
2025-12-20 17:26:33.9932170510	12732	./venv/lib/python3.13/site-packages/markdown_it/main.py
2025-12-20 17:26:33.9932170510	2373	./venv/lib/python3.13/site-packages/markdown_it/_punycode.py
2025-12-20 17:26:33.9932170510	35	./venv/lib/python3.13/site-packages/markdown_it/_compat.py
2025-12-20 17:26:33.9932170510	3939	./venv/lib/python3.13/site-packages/markdown_it/parser_block.py
2025-12-20 17:26:33.9972170560	0	./venv/lib/python3.13/site-packages/markdown_it/cli/__init__.py
2025-12-20 17:26:33.9972170560	0	./venv/lib/python3.13/site-packages/markdown_it/common/__init__.py
2025-12-20 17:26:33.9972170560	1037	./venv/lib/python3.13/site-packages/markdown_it/helpers/parse_link_label.py
2025-12-20 17:26:33.9972170560	11111	./venv/lib/python3.13/site-packages/markdown_it/tree.py
2025-12-20 17:26:33.9972170560	1227	./venv/lib/python3.13/site-packages/markdown_it/rules_block/hr.py
2025-12-20 17:26:33.9972170560	157	./venv/lib/python3.13/site-packages/markdown_it/common/entities.py
2025-12-20 17:26:33.9972170560	1745	./venv/lib/python3.13/site-packages/markdown_it/rules_block/heading.py
2025-12-20 17:26:33.9972170560	1811	./venv/lib/python3.13/site-packages/markdown_it/presets/default.py
2025-12-20 17:26:33.9972170560	1819	./venv/lib/python3.13/site-packages/markdown_it/rules_block/paragraph.py
2025-12-20 17:26:33.9972170560	1906	./venv/lib/python3.13/site-packages/markdown_it/helpers/parse_link_destination.py
2025-12-20 17:26:33.9972170560	2113	./venv/lib/python3.13/site-packages/markdown_it/presets/zero.py
2025-12-20 17:26:33.9972170560	2273	./venv/lib/python3.13/site-packages/markdown_it/helpers/parse_link_title.py
2025-12-20 17:26:33.9972170560	2447	./venv/lib/python3.13/site-packages/markdown_it/port.yaml
2025-12-20 17:26:33.9972170560	2537	./venv/lib/python3.13/site-packages/markdown_it/rules_block/fence.py
2025-12-20 17:26:33.9972170560	253	./venv/lib/python3.13/site-packages/markdown_it/helpers/__init__.py
2025-12-20 17:26:33.9972170560	2568	./venv/lib/python3.13/site-packages/markdown_it/common/normalize_url.py
2025-12-20 17:26:33.9972170560	2625	./venv/lib/python3.13/site-packages/markdown_it/rules_block/lheading.py
2025-12-20 17:26:33.9972170560	26	./venv/lib/python3.13/site-packages/markdown_it/py.typed
2025-12-20 17:26:33.9972170560	2721	./venv/lib/python3.13/site-packages/markdown_it/rules_block/html_block.py
2025-12-20 17:26:33.9972170560	2869	./venv/lib/python3.13/site-packages/markdown_it/presets/commonmark.py
2025-12-20 17:26:33.9972170560	2881	./venv/lib/python3.13/site-packages/markdown_it/cli/parse.py
2025-12-20 17:26:33.9972170560	394	./venv/lib/python3.13/site-packages/markdown_it/rules_core/__init__.py
2025-12-20 17:26:33.9972170560	5024	./venv/lib/python3.13/site-packages/markdown_it/parser_inline.py
2025-12-20 17:26:33.9972170560	553	./venv/lib/python3.13/site-packages/markdown_it/rules_block/__init__.py
2025-12-20 17:26:33.9972170560	5687	./venv/lib/python3.13/site-packages/markdown_it/utils.py
2025-12-20 17:26:33.9972170560	6381	./venv/lib/python3.13/site-packages/markdown_it/token.py
2025-12-20 17:26:33.9972170560	6983	./venv/lib/python3.13/site-packages/markdown_it/rules_block/reference.py
2025-12-20 17:26:33.9972170560	7682	./venv/lib/python3.13/site-packages/markdown_it/rules_block/table.py
2025-12-20 17:26:33.9972170560	8422	./venv/lib/python3.13/site-packages/markdown_it/rules_block/state_block.py
2025-12-20 17:26:33.9972170560	860	./venv/lib/python3.13/site-packages/markdown_it/rules_block/code.py
2025-12-20 17:26:33.9972170560	8734	./venv/lib/python3.13/site-packages/markdown_it/common/utils.py
2025-12-20 17:26:33.9972170560	8887	./venv/lib/python3.13/site-packages/markdown_it/rules_block/blockquote.py
2025-12-20 17:26:33.9972170560	9142	./venv/lib/python3.13/site-packages/markdown_it/ruler.py
2025-12-20 17:26:33.9972170560	926	./venv/lib/python3.13/site-packages/markdown_it/common/html_re.py
2025-12-20 17:26:33.9972170560	9668	./venv/lib/python3.13/site-packages/markdown_it/rules_block/list.py
2025-12-20 17:26:33.9972170560	970	./venv/lib/python3.13/site-packages/markdown_it/presets/__init__.py
2025-12-20 17:26:33.9972170560	986	./venv/lib/python3.13/site-packages/markdown_it/common/html_blocks.py
2025-12-20 17:26:33.9972170560	9947	./venv/lib/python3.13/site-packages/markdown_it/renderer.py
2025-12-20 17:26:34.0012170610	1073	./venv/lib/python3.13/site-packages/markdown_it_py-4.0.0.dist-info/licenses/LICENSE.markdown-it
2025-12-20 17:26:34.0012170610	1078	./venv/lib/python3.13/site-packages/markdown_it_py-4.0.0.dist-info/licenses/LICENSE
2025-12-20 17:26:34.0012170610	1119	./venv/lib/python3.13/site-packages/markdown_it/rules_inline/text.py
2025-12-20 17:26:34.0012170610	1130	./venv/lib/python3.13/site-packages/markdown_it/rules_inline/html_inline.py
2025-12-20 17:26:34.0012170610	1173	./venv/lib/python3.13/site-packages/markdown_it/rules_core/text_join.py
2025-12-20 17:26:34.0012170610	1297	./venv/lib/python3.13/site-packages/markdown_it/rules_inline/newline.py
2025-12-20 17:26:34.0012170610	1493	./venv/lib/python3.13/site-packages/markdown_it/rules_inline/fragments_join.py
2025-12-20 17:26:34.0012170610	1651	./venv/lib/python3.13/site-packages/markdown_it/rules_inline/entity.py
2025-12-20 17:26:34.0012170610	1659	./venv/lib/python3.13/site-packages/markdown_it/rules_inline/escape.py
2025-12-20 17:26:34.0012170610	1706	./venv/lib/python3.13/site-packages/markdown_it/rules_inline/linkify.py
2025-12-20 17:26:34.0012170610	2037	./venv/lib/python3.13/site-packages/markdown_it/rules_inline/backticks.py
2025-12-20 17:26:34.0012170610	2065	./venv/lib/python3.13/site-packages/markdown_it/rules_inline/autolink.py
2025-12-20 17:26:34.0012170610	3123	./venv/lib/python3.13/site-packages/markdown_it/rules_inline/emphasis.py
2025-12-20 17:26:34.0012170610	3214	./venv/lib/python3.13/site-packages/markdown_it/rules_inline/strikethrough.py
2025-12-20 17:26:34.0012170610	325	./venv/lib/python3.13/site-packages/markdown_it/rules_core/inline.py
2025-12-20 17:26:34.0012170610	3471	./venv/lib/python3.13/site-packages/markdown_it/rules_core/replacements.py
2025-12-20 17:26:34.0012170610	372	./venv/lib/python3.13/site-packages/markdown_it/rules_core/block.py
2025-12-20 17:26:34.0012170610	403	./venv/lib/python3.13/site-packages/markdown_it/rules_core/normalize.py
2025-12-20 17:26:34.0012170610	4141	./venv/lib/python3.13/site-packages/markdown_it/rules_inline/image.py
2025-12-20 17:26:34.0012170610	4258	./venv/lib/python3.13/site-packages/markdown_it/rules_inline/link.py
2025-12-20 17:26:34.0012170610	4852	./venv/lib/python3.13/site-packages/markdown_it/rules_inline/balance_pairs.py
2025-12-20 17:26:34.0012170610	5003	./venv/lib/python3.13/site-packages/markdown_it/rules_inline/state_inline.py
2025-12-20 17:26:34.0012170610	5141	./venv/lib/python3.13/site-packages/markdown_it/rules_core/linkify.py
2025-12-20 17:26:34.0012170610	570	./venv/lib/python3.13/site-packages/markdown_it/rules_core/state_core.py
2025-12-20 17:26:34.0012170610	58	./venv/lib/python3.13/site-packages/markdown_it_py-4.0.0.dist-info/entry_points.txt
2025-12-20 17:26:34.0012170610	696	./venv/lib/python3.13/site-packages/markdown_it/rules_inline/__init__.py
2025-12-20 17:26:34.0012170610	7288	./venv/lib/python3.13/site-packages/markdown_it_py-4.0.0.dist-info/METADATA
2025-12-20 17:26:34.0012170610	7443	./venv/lib/python3.13/site-packages/markdown_it/rules_core/smartquotes.py
2025-12-20 17:26:34.0012170610	82	./venv/lib/python3.13/site-packages/markdown_it_py-4.0.0.dist-info/WHEEL
2025-12-20 17:26:34.0572171300	254	./venv/bin/markdown-it
2025-12-20 17:26:34.0572171300	4	./venv/lib/python3.13/site-packages/markdown_it_py-4.0.0.dist-info/INSTALLER
2025-12-20 17:26:34.0612171350	10844	./venv/lib/python3.13/site-packages/markdown_it_py-4.0.0.dist-info/RECORD
2025-12-20 17:26:34.0652171400	10209	./venv/lib/python3.13/site-packages/rich/_cell_widths.py
2025-12-20 17:26:34.0652171400	1064	./venv/lib/python3.13/site-packages/rich/_emoji_replace.py
2025-12-20 17:26:34.0652171400	140235	./venv/lib/python3.13/site-packages/rich/_emoji_codes.py
2025-12-20 17:26:34.0652171400	6066	./venv/lib/python3.13/site-packages/rich/__init__.py
2025-12-20 17:26:34.0652171400	7752	./venv/lib/python3.13/site-packages/rich/__main__.py
2025-12-20 17:26:34.0692171450	100789	./venv/lib/python3.13/site-packages/rich/console.py
2025-12-20 17:26:34.0692171450	10288	./venv/lib/python3.13/site-packages/rich/align.py
2025-12-20 17:26:34.0692171450	1054	./venv/lib/python3.13/site-packages/rich/color_triplet.py
2025-12-20 17:26:34.0692171450	10650	./venv/lib/python3.13/site-packages/rich/box.py
2025-12-20 17:26:34.0692171450	1236	./venv/lib/python3.13/site-packages/rich/_loop.py
2025-12-20 17:26:34.0692171450	1288	./venv/lib/python3.13/site-packages/rich/constrain.py
2025-12-20 17:26:34.0692171450	1394	./venv/lib/python3.13/site-packages/rich/_null_file.py
2025-12-20 17:26:34.0692171450	18211	./venv/lib/python3.13/site-packages/rich/color.py
2025-12-20 17:26:34.0692171450	1901	./venv/lib/python3.13/site-packages/rich/_windows.py
2025-12-20 17:26:34.0692171450	19919	./venv/lib/python3.13/site-packages/rich/_spinners.py
2025-12-20 17:26:34.0692171450	2128	./venv/lib/python3.13/site-packages/rich/_export_format.py
2025-12-20 17:26:34.0692171450	22719	./venv/lib/python3.13/site-packages/rich/_win32_console.py
2025-12-20 17:26:34.0692171450	2343	./venv/lib/python3.13/site-packages/rich/emoji.py
2025-12-20 17:26:34.0692171450	241	./venv/lib/python3.13/site-packages/rich/_extension.py
2025-12-20 17:26:34.0692171450	2759	./venv/lib/python3.13/site-packages/rich/_windows_renderer.py
2025-12-20 17:26:34.0692171450	3213	./venv/lib/python3.13/site-packages/rich/_log_render.py
2025-12-20 17:26:34.0692171450	3263	./venv/lib/python3.13/site-packages/rich/bar.py
2025-12-20 17:26:34.0692171450	3404	./venv/lib/python3.13/site-packages/rich/_wrap.py
2025-12-20 17:26:34.0692171450	351	./venv/lib/python3.13/site-packages/rich/_stack.py
2025-12-20 17:26:34.0692171450	417	./venv/lib/python3.13/site-packages/rich/_timer.py
2025-12-20 17:26:34.0692171450	423	./venv/lib/python3.13/site-packages/rich/_pick.py
2025-12-20 17:26:34.0692171450	5130	./venv/lib/python3.13/site-packages/rich/cells.py
2025-12-20 17:26:34.0692171450	5325	./venv/lib/python3.13/site-packages/rich/_ratio.py
2025-12-20 17:26:34.0692171450	5502	./venv/lib/python3.13/site-packages/rich/containers.py
2025-12-20 17:26:34.0692171450	6475	./venv/lib/python3.13/site-packages/rich/control.py
2025-12-20 17:26:34.0692171450	6921	./venv/lib/python3.13/site-packages/rich/ansi.py
2025-12-20 17:26:34.0692171450	7063	./venv/lib/python3.13/site-packages/rich/_palettes.py
2025-12-20 17:26:34.0692171450	7131	./venv/lib/python3.13/site-packages/rich/columns.py
2025-12-20 17:26:34.0692171450	799	./venv/lib/python3.13/site-packages/rich/_fileno.py
2025-12-20 17:26:34.0692171450	8221	./venv/lib/python3.13/site-packages/rich/default_styles.py
2025-12-20 17:26:34.0692171450	878	./venv/lib/python3.13/site-packages/rich/abc.py
2025-12-20 17:26:34.0692171450	9656	./venv/lib/python3.13/site-packages/rich/_inspect.py
2025-12-20 17:26:34.0692171450	977	./venv/lib/python3.13/site-packages/rich/diagnose.py
2025-12-20 17:26:34.0732171500	0	./venv/lib/python3.13/site-packages/rich/py.typed
2025-12-20 17:26:34.0732171500	11157	./venv/lib/python3.13/site-packages/rich/panel.py
2025-12-20 17:26:34.0732171500	12435	./venv/lib/python3.13/site-packages/rich/prompt.py
2025-12-20 17:26:34.0732171500	12456	./venv/lib/python3.13/site-packages/rich/logging.py
2025-12-20 17:26:34.0732171500	1367	./venv/lib/python3.13/site-packages/rich/protocol.py
2025-12-20 17:26:34.0732171500	13944	./venv/lib/python3.13/site-packages/rich/layout.py
2025-12-20 17:26:34.0732171500	15180	./venv/lib/python3.13/site-packages/rich/live.py
2025-12-20 17:26:34.0732171500	1579	./venv/lib/python3.13/site-packages/rich/screen.py
2025-12-20 17:26:34.0732171500	166	./venv/lib/python3.13/site-packages/rich/region.py
2025-12-20 17:26:34.0732171500	1683	./venv/lib/python3.13/site-packages/rich/file_proxy.py
2025-12-20 17:26:34.0732171500	24707	./venv/lib/python3.13/site-packages/rich/segment.py
2025-12-20 17:26:34.0732171500	2484	./venv/lib/python3.13/site-packages/rich/filesize.py
2025-12-20 17:26:34.0732171500	25846	./venv/lib/python3.13/site-packages/rich/markdown.py
2025-12-20 17:26:34.0732171500	2831	./venv/lib/python3.13/site-packages/rich/scope.py
2025-12-20 17:26:34.0732171500	3228	./venv/lib/python3.13/site-packages/rich/jupyter.py
2025-12-20 17:26:34.0732171500	3288	./venv/lib/python3.13/site-packages/rich/palette.py
2025-12-20 17:26:34.0732171500	3521	./venv/lib/python3.13/site-packages/rich/live_render.py
2025-12-20 17:26:34.0732171500	36355	./venv/lib/python3.13/site-packages/rich/pretty.py
2025-12-20 17:26:34.0732171500	4214	./venv/lib/python3.13/site-packages/rich/spinner.py
2025-12-20 17:26:34.0732171500	4419	./venv/lib/python3.13/site-packages/rich/repr.py
2025-12-20 17:26:34.0732171500	4424	./venv/lib/python3.13/site-packages/rich/status.py
2025-12-20 17:26:34.0732171500	4590	./venv/lib/python3.13/site-packages/rich/rule.py
2025-12-20 17:26:34.0732171500	4896	./venv/lib/python3.13/site-packages/rich/padding.py
2025-12-20 17:26:34.0732171500	5019	./venv/lib/python3.13/site-packages/rich/json.py
2025-12-20 17:26:34.0732171500	5305	./venv/lib/python3.13/site-packages/rich/measure.py
2025-12-20 17:26:34.0732171500	60408	./venv/lib/python3.13/site-packages/rich/progress.py
2025-12-20 17:26:34.0732171500	642	./venv/lib/python3.13/site-packages/rich/errors.py
2025-12-20 17:26:34.0732171500	8162	./venv/lib/python3.13/site-packages/rich/progress_bar.py
2025-12-20 17:26:34.0732171500	828	./venv/lib/python3.13/site-packages/rich/pager.py
2025-12-20 17:26:34.0732171500	8427	./venv/lib/python3.13/site-packages/rich/markup.py
2025-12-20 17:26:34.0732171500	9586	./venv/lib/python3.13/site-packages/rich/highlighter.py
2025-12-20 17:26:34.0772171550	102	./venv/lib/python3.13/site-packages/rich/themes.py
2025-12-20 17:26:34.0772171550	1056	./venv/lib/python3.13/site-packages/rich-14.2.0.dist-info/licenses/LICENSE
2025-12-20 17:26:34.0772171550	1234	./venv/lib/python3.13/site-packages/rich/styled.py
2025-12-20 17:26:34.0772171550	18279	./venv/lib/python3.13/site-packages/rich-14.2.0.dist-info/METADATA
2025-12-20 17:26:34.0772171550	26990	./venv/lib/python3.13/site-packages/rich/style.py
2025-12-20 17:26:34.0772171550	3370	./venv/lib/python3.13/site-packages/rich/terminal_theme.py
2025-12-20 17:26:34.0772171550	35789	./venv/lib/python3.13/site-packages/rich/traceback.py
2025-12-20 17:26:34.0772171550	36263	./venv/lib/python3.13/site-packages/rich/syntax.py
2025-12-20 17:26:34.0772171550	3771	./venv/lib/python3.13/site-packages/rich/theme.py
2025-12-20 17:26:34.0772171550	40025	./venv/lib/python3.13/site-packages/rich/table.py
2025-12-20 17:26:34.0772171550	47540	./venv/lib/python3.13/site-packages/rich/text.py
2025-12-20 17:26:34.0772171550	88	./venv/lib/python3.13/site-packages/rich-14.2.0.dist-info/WHEEL
2025-12-20 17:26:34.0772171550	9391	./venv/lib/python3.13/site-packages/rich/tree.py
2025-12-20 17:26:34.2732173960	4	./venv/lib/python3.13/site-packages/rich-14.2.0.dist-info/INSTALLER
2025-12-20 17:26:34.2772174010	0	./venv/lib/python3.13/site-packages/rich-14.2.0.dist-info/REQUESTED
2025-12-20 17:26:34.2812174060	9747	./venv/lib/python3.13/site-packages/rich-14.2.0.dist-info/RECORD
2025-12-20 17:26:34.2852174110	0	./venv/lib/python3.13/site-packages/typer/py.typed
2025-12-20 17:26:34.2852174110	1031	./venv/lib/python3.13/site-packages/typer/_types.py
2025-12-20 17:26:34.2852174110	1086	./venv/lib/python3.13/site-packages/typer-0.20.1.dist-info/licenses/LICENSE
2025-12-20 17:26:34.2852174110	14929	./venv/lib/python3.13/site-packages/typer/params.py
2025-12-20 17:26:34.2852174110	1596	./venv/lib/python3.13/site-packages/typer/__init__.py
2025-12-20 17:26:34.2852174110	16142	./venv/lib/python3.13/site-packages/typer-0.20.1.dist-info/METADATA
2025-12-20 17:26:34.2852174110	17188	./venv/lib/python3.13/site-packages/typer/models.py
2025-12-20 17:26:34.2852174110	25728	./venv/lib/python3.13/site-packages/typer/rich_utils.py
2025-12-20 17:26:34.2852174110	2605	./venv/lib/python3.13/site-packages/typer/_typing.py
2025-12-20 17:26:34.2852174110	28338	./venv/lib/python3.13/site-packages/typer/core.py
2025-12-20 17:26:34.2852174110	30	./venv/lib/python3.13/site-packages/typer/__main__.py
2025-12-20 17:26:34.2852174110	42890	./venv/lib/python3.13/site-packages/typer/main.py
2025-12-20 17:26:34.2852174110	430	./venv/lib/python3.13/site-packages/typer/colors.py
2025-12-20 17:26:34.2852174110	4827	./venv/lib/python3.13/site-packages/typer/completion.py
2025-12-20 17:26:34.2852174110	57	./venv/lib/python3.13/site-packages/typer-0.20.1.dist-info/entry_points.txt
2025-12-20 17:26:34.2852174110	7293	./venv/lib/python3.13/site-packages/typer/_completion_classes.py
2025-12-20 17:26:34.2852174110	7368	./venv/lib/python3.13/site-packages/typer/utils.py
2025-12-20 17:26:34.2852174110	884	./venv/lib/python3.13/site-packages/typer/testing.py
2025-12-20 17:26:34.2852174110	90	./venv/lib/python3.13/site-packages/typer-0.20.1.dist-info/WHEEL
2025-12-20 17:26:34.2852174110	9354	./venv/lib/python3.13/site-packages/typer/_completion_shared.py
2025-12-20 17:26:34.2852174110	9670	./venv/lib/python3.13/site-packages/typer/cli.py
2025-12-20 17:26:34.3252174600	242	./venv/bin/typer
2025-12-20 17:26:34.3252174600	4	./venv/lib/python3.13/site-packages/typer-0.20.1.dist-info/INSTALLER
2025-12-20 17:26:34.3292174650	0	./venv/lib/python3.13/site-packages/typer-0.20.1.dist-info/REQUESTED
2025-12-20 17:26:34.3292174650	2652	./venv/lib/python3.13/site-packages/typer-0.20.1.dist-info/RECORD
2025-12-23 19:53:44.1846026140	479	./src/gedcom_parser/registry/__init__.py
2025-12-23 20:25:18.2480894380	761	./.gitignore
2025-12-23 20:25:18.2520893250	792	./.git/objects/76/b6380178538eb0b1fd3ecb71906d9c364d7207
2025-12-23 20:25:18.2560892120	170	./.git/objects/94/d4eb954561d3e27cde9e2976a5f4fd46b8c2c4
2025-12-23 20:25:51.2751939680	449	./.git/objects/89/6862215c89d5f047219a8251c38e7f59732072
2025-12-23 20:25:51.2831937600	1005	./.git/objects/5f/94ff61a28d22741a7c544ae74627eb0bf59d14
2025-12-23 20:25:51.2831937600	10863	./.git/objects/10/ec7f766e53dc4b81bd36f5166632da96a275fd
2025-12-23 20:25:51.2831937600	1668	./.git/objects/39/9f467309fcdab5ad64b04f655738af118b0555
2025-12-23 20:25:51.2831937600	1695	./.git/objects/c7/19bec7356e4e942c9fda3216b2a52cdef344ff
2025-12-23 20:25:51.2831937600	1731	./.git/objects/1c/53cbcab48bb5513a028f6130939216412193fe
2025-12-23 20:25:51.2831937600	178	./.git/objects/64/cd293b7a8a3ddf69fa69f5df204015ae3e13ea
2025-12-23 20:25:51.2831937600	2229	./.git/objects/e1/8db47721a6046b5fd6d07be3d06693a19c9627
2025-12-23 20:25:51.2831937600	2263	./.git/objects/94/249af71703ec2b0bd4e38d66285143a649d15b
2025-12-23 20:25:51.2831937600	4249	./.git/objects/44/820e114004aa20dd7601eca538d61c9330a425
2025-12-23 20:25:51.2831937600	432	./.git/objects/9f/5c0f11af27cc9a1993709bb1863f391496ed41
2025-12-23 20:25:51.2831937600	507	./.git/objects/8b/39a8d68ea8d765fde681bd25408d4df02d4b6a
2025-12-23 20:25:51.2831937600	641	./.git/objects/fa/73c192ea5ea02b88a210523aad473f084a7dd2
2025-12-23 20:25:51.2871936570	1041	./.git/objects/69/991856f02a4bcf678bd3ebd17477ddbfe6b4ae
2025-12-23 20:25:51.2871936570	157	./.git/objects/27/4e2675de39a690c12f7469c740a02ad327a5e7
2025-12-23 20:25:51.2871936570	175904	./.git/objects/4c/b7ad695ad81d8ba542702bf955a612a92c4d42
2025-12-23 20:25:51.2871936570	1852	./.git/objects/64/25f9fb764e92168f0e8e2fba5016c751b16a37
2025-12-23 20:25:51.2871936570	226	./.git/objects/61/79577dc392f68c3b9583eb7e2418e44872fd3e
2025-12-23 20:25:51.2871936570	2402	./.git/objects/d6/e71c040b08f827b2e125c73e449ef797794369
2025-12-23 20:25:51.2871936570	324	./.git/objects/f3/d75fc62bc17ad9d93a9acbbbbed0f93b61b077
2025-12-23 20:25:51.2871936570	4628	./.git/objects/f8/b48f42e85a603fdf68f5b4ad8206c80d189fb8
2025-12-23 20:25:51.2871936570	525	./.git/objects/81/d0d0ae5e73f0f036b87c3e694d9dc5cf061bbd
2025-12-23 20:25:51.2871936570	532	./.git/objects/3f/57c51fb685235e967427f07427badabd30b083
2025-12-23 20:25:51.2871936570	652	./.git/objects/84/c4b10446ff9a78668802a462d184d53d396068
2025-12-23 20:25:51.2871936570	68	./.git/objects/ae/fa825298bb45eba35c50baa33c25b118c6f9a3
2025-12-23 20:25:51.2871936570	691	./.git/objects/6a/1bff512834461f07baa150f78259ad5686eba4
2025-12-23 20:25:51.2871936570	716	./.git/objects/9f/281fa134046f97d4855f090654721396f4d040
2025-12-23 20:25:51.2871936570	755	./.git/objects/77/108635072c5b13aff6353bd32949ef278bf217
2025-12-23 20:25:51.2911935530	1886	./.git/objects/cc/f8ae81ef7042088bbc22deb3fa60334de890b9
2025-12-23 20:25:51.2911935530	192	./.git/objects/6b/bf7160e0dac7096b447f53a890672f425a2fdc
2025-12-23 20:25:51.2911935530	453	./.git/objects/53/deda63c61b8b1cdbd33387d7cc8b15d61e21ec
2025-12-23 20:25:51.2991933450	1329	./.git/objects/96/61f4b34deca2d618c9529d6fc51573fbced634
2025-12-23 20:25:51.2991933450	140	./.git/objects/41/c48a3727ceb3db843601a637aca8bf5342d4c9
2025-12-23 20:25:51.2991933450	141	./.git/objects/12/c337c7fca67be25d4da99b00b6c5c63ac8318c
2025-12-23 20:25:51.2991933450	159	./.git/objects/1a/c4fb3ff166094a132a4173aba2e09d588fc003
2025-12-23 20:25:51.2991933450	170	./.git/objects/3c/b666ce53ee18a77df17127c001b826d7dd6ca9
2025-12-23 20:25:51.2991933450	2372	./.git/objects/46/aa13c3d00a2a0c9d2ab9fe04b368ca1113d860
2025-12-23 20:25:51.2991933450	262	./.git/objects/46/4b54846e976ed3f562dcf1ee7bf1adc729dce1
2025-12-23 20:25:51.2991933450	3083	./.git/objects/99/4252f03d094f82dba42e558880fe63b16e67e5
2025-12-23 20:25:51.2991933450	3123	./.git/objects/e3/6193bdc946a7a11d126af617e5c12078366c5b
2025-12-23 20:25:51.2991933450	47126	./.git/objects/b3/d45d8bd03c4797cf3978be046617e282b646f9
2025-12-23 20:25:51.2991933450	472	./.git/objects/33/bf6cbe64fd8fc7650a3bafe73c3b184d21970c
2025-12-23 20:25:51.2991933450	5669	./.git/objects/ce/836d9a9f97ff1bd6fefdbea57f2db62c79c96d
2025-12-23 20:25:51.2991933450	657	./.git/objects/b6/06298b0306b770d7a8b0c9e12677df5784f867
2025-12-23 20:25:51.2991933450	667	./.git/objects/57/4bcf4aeacc75f69de7ed96ed633d814bebe391
2025-12-23 20:25:51.3031932420	1363	./.git/objects/48/5f8c73111fa5044d529cdbe04a2644ee731356
2025-12-23 20:25:51.3031932420	1400	./.git/objects/04/495af12efdb2aad026575b1fb9fa70b48b6be1
2025-12-23 20:25:51.3031932420	157	./.git/objects/07/c132c52e2e646b45a494aa01595516e72bd7d1
2025-12-23 20:25:51.3031932420	1640	./.git/objects/c1/16895ddc58a14e7d7f158f0bc38167fc518342
2025-12-23 20:25:51.3031932420	16	./.git/objects/8b/137891791fe96927ad78e64b0aad7bded08bdc
2025-12-23 20:25:51.3031932420	1725	./.git/objects/f0/2dc43b7812d9988114c7c7d69a70562123b517
2025-12-23 20:25:51.3031932420	1744	./.git/objects/ce/680e8ad833c2b3488172970abfa3cbf4eee3ba
2025-12-23 20:25:51.3031932420	219	./.git/objects/e2/258691665496ff79087f5528993c3845419c18
2025-12-23 20:25:51.3031932420	287	./.git/objects/0a/8bb2b79b384333ba4dfb28d953c5335f4aca5b
2025-12-23 20:25:51.3031932420	452	./.git/objects/54/f193e84267609bcdd16072a348cf37647e0eff
2025-12-23 20:25:51.3031932420	471	./.git/objects/e1/6288c4dadada205814ac74b7ba6959fb934a09
2025-12-23 20:25:51.3031932420	508	./.git/objects/9e/110c996edc2062f995aa5ec245d1180e359a82
2025-12-23 20:25:51.3031932420	525	./.git/objects/f8/49747a941d13dd8a1848978309bee80d7e0355
2025-12-23 20:25:51.3031932420	543	./.git/objects/2f/6732886044505dc654779bb6a63fec0b10a785
2025-12-23 20:25:51.3031932420	580	./.git/objects/16/50ed663b2a6903ec4bd75c35da6c70c654a02e
2025-12-23 20:25:51.3031932420	584	./.git/objects/fe/4fb3e678a7fb9633f037f9eca2c16b32d7dfd3
2025-12-23 20:25:51.3031932420	586	./.git/objects/25/aadf1017b1f1d5a0e7313345ca7e700881631b
2025-12-23 20:25:51.3031932420	617	./.git/objects/73/c36660529fa313d5ed34af8da3bec95d05e324
2025-12-23 20:25:51.3031932420	619	./.git/objects/03/d5d6a038ae3dbbbf4b63739eb1022839fdb26b
2025-12-23 20:25:51.3031932420	685	./.git/objects/15/ad78af500c80d02a04009fa9e71f81075f863b
2025-12-23 20:25:51.3031932420	802	./.git/objects/a5/0dee3e73ded397c0d2569762cc4fb0a49ad104
2025-12-23 20:25:51.3031932420	814	./.git/objects/1a/a50c72f55125263995367cb88720ca5ead380d
2025-12-23 20:25:51.3031932420	880	./.git/objects/ad/97cf779fb0513834119711f4a214e348a2b1da
2025-12-23 20:25:51.3031932420	910	./.git/objects/63/cde1701a76e0c2720b63d6f57e0a1139fb3dab
2025-12-23 20:25:51.3031932420	964	./.git/objects/22/0b4e1c01ab47c5d88a6b296edf4f643bb095f3
2025-12-23 20:25:51.3031932420	972	./.git/objects/72/b5810be03e73d3e792bde80435f60d5f9413e0
2025-12-23 20:25:51.3031932420	986	./.git/objects/3c/ae2ad5d8e16394ca5a9ca1b24a9dac272dc923
2025-12-23 20:25:51.3071931380	102	./.git/objects/83/2e331dd9d469a488e9b98c9a064b5de0cb0bc5
2025-12-23 20:25:51.3071931380	1076	./.git/objects/d4/3e0e743df7b491b0e8cddb0e5d64c4d6e6b6d2
2025-12-23 20:25:51.3071931380	1150	./.git/objects/90/80b4c0f50e5ddda4168a0b590e944b87121296
2025-12-23 20:25:51.3071931380	118	./.git/objects/35/bf65a6ea1d7c91fbe5cc1fa1881524a9d7d605
2025-12-23 20:25:51.3071931380	151	./.git/objects/75/5ab6fb2b2fa6b6022182524e1dfefc2cd1f111
2025-12-23 20:25:51.3071931380	257	./.git/objects/9d/6f0d565139319624703d69a3399e666e7547ae
2025-12-23 20:25:51.3071931380	289	./.git/objects/1e/e75736c1a5b39bab45b3cb80ebb853878c26e7
2025-12-23 20:25:51.3071931380	345	./.git/objects/e7/bb08f785177a170899a2f41608a6be6e32107d
2025-12-23 20:25:51.3071931380	414	./.git/objects/51/27705bdcf78b811d4ee6285e0093289ae99d8d
2025-12-23 20:25:51.3071931380	86	./.git/objects/8f/7aa7547f0f792392614390224752c9ee1227a6
2025-12-23 20:25:51.3071931380	91	./.git/objects/0e/3ac166247d587359e254f6be1eeb35afe011e1
2025-12-23 20:25:51.3071931380	94	./.git/objects/9e/ba063b510988e08e3fd02b9eb74f1241dc6e17
2025-12-23 20:25:51.3111930340	180	./.git/objects/bf/d259c252fb0bf4faafa1a26f3477fc5bee8ca5
2025-12-23 20:25:51.3111930340	423	./.git/objects/70/e16717c2ed1b6f67f8898debbf704d62863412
2025-12-23 20:25:51.3111930340	56	./.git/objects/ff/326691df4dca3180a081f929588025c6337cbc
2025-12-23 20:25:51.3111930340	623	./.git/objects/43/25597db7523950eade0ff7fa2ffdc154135f26
2025-12-23 20:25:51.3111930340	688	./.git/objects/de/6676505cbdb0f92ce9760d9ee130e5f6137956
2025-12-23 20:25:51.3111930340	820	./.git/objects/0a/028aaed1e4edb1b73f6049e7e9bc04438ea290
2025-12-23 20:25:51.3111930340	88	./.git/objects/6f/1d2f3368ee689ab19491e6ae0117fa10cf83c8
2025-12-24 13:03:08.8959509830	4844	./.pytest_cache/v/cache/nodeids
2025-12-24 13:03:08.8959509830	796	./.pytest_cache/v/cache/lastfailed
2025-12-24 20:20:54.7569856540	10529	./inventories/project_tree.txt
2025-12-25 01:03:14.3466711780	3551	./docs/legacy/gedcom_v1_1_issues.csv
2025-12-27 14:29:30.7144767610	0	./src/gedcom_parser/core/__init__.py
2025-12-27 14:29:30.7184767680	0	./src/gedcom_parser/model/__init__.py
2025-12-27 14:29:30.7184767680	0	./src/gedcom_parser/parse/__init__.py
2025-12-27 14:30:03.9825349500	487	./src/gedcom_parser/core/context.py
2025-12-27 14:30:20.5345633670	241	./src/gedcom_parser/core/exceptions.py
2025-12-27 14:30:39.7745959720	984	./src/gedcom_parser/core/pipeline.py
2025-12-27 14:39:56.9074005520	2355	./src/gedcom_parser/main.py
2025-12-27 15:03:12.6049948040	9027	./src/gedcom_parser/attachments.py
2025-12-27 15:09:07.8493789990	7360	./src/gedcom_parser/registry/entities.py
2025-12-27 15:13:53.0894037050	3515	./scripts/verify_all.sh
2025-12-27 15:18:47.6136883920	44561	./docs/legacy/Gedcom Parser Project – Next Phase Execution Plan.pdf
2025-12-27 16:26:36.5656514340	9886	./src/gedcom_parser/postprocess/event_disambiguator.py
2025-12-27 16:28:34.3537225340	3748	./src/gedcom_parser/exporter/json_exporter.py
2025-12-27 16:57:28.2207997300	8489	./src/gedcom_parser/postprocess/xref_resolver.py
2025-12-27 18:01:19.4132523320	10865	./src/gedcom_parser/entities/name_block.py
2025-12-27 18:01:42.2852512520	7438	./src/gedcom_parser/normalization/name_normalization.py
2025-12-27 18:07:44.1229018920	1302	./.git/objects/57/8184371ecc299db36e2767fe86698a8660fc23
2025-12-27 18:07:44.1229018920	2251	./.git/objects/3a/d2ff14766b0f5044d29a5733085822f344e504
2025-12-27 18:07:44.1229018920	2505	./.git/objects/03/153099db5efe5e454ec133c8eb27667b683e8e
2025-12-27 18:07:44.1229018920	2625	./.git/objects/40/89d9d28ca5aace3e8c51a8258e000b27645a8a
2025-12-27 18:07:44.1229018920	3679	./.git/objects/d4/c061110a7c988022934207be9088a3f9534796
2025-12-27 18:07:44.1229018920	900	./.git/objects/76/f0556914b442b06bf41ee42fabce12b382c72a
2025-12-27 18:07:44.1269019190	1257	./.git/objects/1b/f45155174035ac60c3c49882d067202bd6d4fa
2025-12-27 18:07:44.1269019190	1641	./.git/objects/1f/77cbdf8ae32365bf463994d77ccb1a6e219bf1
2025-12-27 18:07:44.1269019190	1854	./.git/objects/f1/ffa9281186f69088e127d3877891a71e71afb3
2025-12-27 18:07:44.1269019190	2856	./.git/objects/ff/836d9d009b8e93834c8cb33879708fb64144ad
2025-12-27 18:07:44.1269019190	2993	./.git/objects/bf/932f4f5c411c634246aba03e012e713c3b2f63
2025-12-27 18:07:44.1269019190	37027	./.git/objects/d9/54f0e15a455ce2a370e62b75aedd5da68c19d9
2025-12-27 18:07:44.1429020270	315557	./.git/objects/aa/1c816d07d4ad5b4b46029b5993d1e0777783e8
2025-12-27 18:07:44.5509047630	9649518	./.git/objects/e6/de8988de92d1e9c884fc7f38258cae6753a21c
2025-12-27 18:07:44.5589048170	11747	./.git/objects/74/b437cf568cdc8baf397c1e371611fc94759b99
2025-12-27 18:07:44.5589048170	137	./.git/objects/fa/c25f384ae3226bde684ebbb65dc25320187185
2025-12-27 18:07:44.5589048170	15	./.git/objects/e6/9de29bb2d1d6434b8b29ae775ad8c2e48c5391
2025-12-27 18:07:44.5589048170	283	./.git/objects/fa/b3439433329602ddd5be92a0c921beb62591da
2025-12-27 18:07:44.5589048170	432	./.git/objects/7c/0757f4eb214cf71bb360793f0340e07c8736de
2025-12-27 18:07:44.5629048440	1200	./.git/objects/c2/8190f39c50a03e8ac7e81f5b6d987374538b3a
2025-12-27 18:07:44.5629048440	120	./.git/objects/70/8710369c84aa90e808f1ecb619e0b70d57a755
2025-12-27 18:07:44.5629048440	156	./.git/objects/f2/d81b34ef212ba18e62ebc585830fbb26520c21
2025-12-27 18:07:44.5629048440	257	./.git/objects/9a/bfa7b4a9aa2ad40344545b0925186bce1c8e96
2025-12-27 18:07:44.5629048440	98	./.git/objects/88/0754484187cce34d1c4b6690fd3b1b97044ea2
2025-12-27 18:07:44.5669048700	210	./.git/objects/36/e1b521c2173735c4d799eb9743059cf68363a4
2025-12-27 18:07:44.5669048700	343	./.git/objects/fc/d660a0ea69afbfc7c316c29975a14b04b67b7a
2025-12-27 18:07:44.5669048700	423	./.git/objects/fc/2991c5261935261297e167f9f188a80ee6fda1
2025-12-27 18:07:44.5669048700	55	./.git/objects/d3/20981a92008bfb5860e24f78c00372ef9218a2
2025-12-27 18:07:44.5669048700	56	./.git/objects/9d/1dcfdaf1a6857c5f83dc27019c7600e1ffaff8
2025-12-27 18:07:44.5669048700	794	./.git/objects/c1/0910ab5d996b0b541324e22e1c19acb3ffa2fb
2025-12-27 18:07:44.5669048700	911	./.git/objects/c9/72868de73b8f7c1040e417a64eadf3880eb7b0
2025-12-27 18:13:05.8445775790	5452	./src/gedcom_parser/postprocess/media_normalizer.py
2025-12-27 18:55:57.9292805740	11388	./schemas/legacy/C.24.5.schema.json
2025-12-27 19:07:39.4362276910	1	./docs/C.24.5-schema.md
2025-12-27 19:18:15.1603190770	9112	./src/gedcom_parser/postprocess/place_registry_builder.py
2025-12-27 19:19:03.9723502340	10120	./schemas/c24_5_canonical_export_openapi.yaml
2025-12-27 19:20:39.3803995290	6041	./docs/C.24.5_Canonical_Export_Schema.md
2025-12-27 19:56:32.3089555210	1826	./scripts/verify_all_C24_5.sh.patch.txt
2025-12-27 19:57:27.1649849730	4203	./docs/C.24.6_Place_Hierarchy.md
2025-12-28 15:31:11.3117578830	2585	./.git/objects/25/3413107f6e62f13fdfadd92574d5870482d8ed
2025-12-28 15:31:11.3157578720	1206	./.git/objects/ba/48d140ac86254c19822408cce22a750d0fa151
2025-12-28 15:31:11.3157578720	1700	./.git/objects/80/edb6a4dbbe777d34e67d5423f4debe2eaef0df
2025-12-28 15:31:11.3157578720	737	./.git/objects/56/786553d8d50569cfef8eab63ae8c086f1156d9
2025-12-28 15:31:11.3157578720	903	./.git/objects/46/f277c9d9d4bf087a6d7418d8d57bde8c28844e
2025-12-28 15:31:11.3197578620	1244	./.git/objects/29/8a91c71cc26610d68ca2a7291b5f3d66707e9d
2025-12-28 15:31:11.3197578620	183	./.git/objects/f5/a8572344dac27cf51de87d37dfe1b1dc3533a6
2025-12-28 15:31:11.3197578620	825	./.git/objects/62/7ef0cb18a765b222bcc4f2d8a9c37fe019e074
2025-12-28 15:31:11.3237578510	204	./.git/objects/10/dc5cca485c31d32c92e79152a20430d179c857
2025-12-28 16:32:13.1321533130	21392	./src/gedcom_parser/postprocess/place_hierarchy_builder.py
2025-12-29 13:38:43.4189797280	6676	./schemas/c24_5_canonical_export.schema.json
2025-12-29 13:39:09.4629358140	4648	./schemas/c24_5_canonical_export.strict.schema.json
2025-12-30 07:43:11.9315419340	6521	./scripts/verify_all_C24_5.sh
2025-12-30 07:48:12.4184158530	0	./venv/lib/python3.13/site-packages/rpds/py.typed
2025-12-30 07:48:12.4184158530	1057	./venv/lib/python3.13/site-packages/rpds_py-0.30.0.dist-info/licenses/LICENSE
2025-12-30 07:48:12.4184158530	149	./venv/lib/python3.13/site-packages/rpds_py-0.30.0.dist-info/WHEEL
2025-12-30 07:48:12.4184158530	2602	./venv/lib/python3.13/site-packages/rpds/__init__.pyi
2025-12-30 07:48:12.4184158530	4145	./venv/lib/python3.13/site-packages/rpds_py-0.30.0.dist-info/METADATA
2025-12-30 07:48:12.4184158530	99	./venv/lib/python3.13/site-packages/rpds/__init__.py
2025-12-30 07:48:12.4224159170	1083520	./venv/lib/python3.13/site-packages/rpds/rpds.cpython-313-aarch64-linux-gnu.so
2025-12-30 07:48:12.4224159170	4	./venv/lib/python3.13/site-packages/rpds_py-0.30.0.dist-info/INSTALLER
2025-12-30 07:48:12.4264159800	764	./venv/lib/python3.13/site-packages/rpds_py-0.30.0.dist-info/RECORD
2025-12-30 07:48:12.4304160440	11309	./venv/lib/python3.13/site-packages/attr/__init__.pyi
2025-12-30 07:48:12.4304160440	2057	./venv/lib/python3.13/site-packages/attr/__init__.py
2025-12-30 07:48:12.4344161070	0	./venv/lib/python3.13/site-packages/attr/py.typed
2025-12-30 07:48:12.4344161070	0	./venv/lib/python3.13/site-packages/attrs/py.typed
2025-12-30 07:48:12.4344161070	104141	./venv/lib/python3.13/site-packages/attr/_make.py
2025-12-30 07:48:12.4344161070	10473	./venv/lib/python3.13/site-packages/attrs-25.4.0.dist-info/METADATA
2025-12-30 07:48:12.4344161070	1109	./venv/lib/python3.13/site-packages/attrs-25.4.0.dist-info/licenses/LICENSE
2025-12-30 07:48:12.4344161070	1183	./venv/lib/python3.13/site-packages/attrs/__init__.py
2025-12-30 07:48:12.4344161070	1617	./venv/lib/python3.13/site-packages/attr/setters.py
2025-12-30 07:48:12.4344161070	16479	./venv/lib/python3.13/site-packages/attr/_funcs.py
2025-12-30 07:48:12.4344161070	1795	./venv/lib/python3.13/site-packages/attr/filters.py
2025-12-30 07:48:12.4344161070	1977	./venv/lib/python3.13/site-packages/attr/exceptions.py
2025-12-30 07:48:12.4344161070	208	./venv/lib/python3.13/site-packages/attr/filters.pyi
2025-12-30 07:48:12.4344161070	209	./venv/lib/python3.13/site-packages/attr/_version_info.pyi
2025-12-30 07:48:12.4344161070	21458	./venv/lib/python3.13/site-packages/attr/validators.py
2025-12-30 07:48:12.4344161070	2222	./venv/lib/python3.13/site-packages/attr/_version_info.py
2025-12-30 07:48:12.4344161070	26274	./venv/lib/python3.13/site-packages/attr/_next_gen.py
2025-12-30 07:48:12.4344161070	2829	./venv/lib/python3.13/site-packages/attr/_compat.py
2025-12-30 07:48:12.4344161070	368	./venv/lib/python3.13/site-packages/attr/_cmp.pyi
2025-12-30 07:48:12.4344161070	3861	./venv/lib/python3.13/site-packages/attr/converters.py
2025-12-30 07:48:12.4344161070	4082	./venv/lib/python3.13/site-packages/attr/validators.pyi
2025-12-30 07:48:12.4344161070	4117	./venv/lib/python3.13/site-packages/attr/_cmp.py
2025-12-30 07:48:12.4344161070	469	./venv/lib/python3.13/site-packages/attr/_typing_compat.pyi
2025-12-30 07:48:12.4344161070	539	./venv/lib/python3.13/site-packages/attr/exceptions.pyi
2025-12-30 07:48:12.4344161070	584	./venv/lib/python3.13/site-packages/attr/setters.pyi
2025-12-30 07:48:12.4344161070	643	./venv/lib/python3.13/site-packages/attr/converters.pyi
2025-12-30 07:48:12.4344161070	73	./venv/lib/python3.13/site-packages/attrs/filters.py
2025-12-30 07:48:12.4344161070	73	./venv/lib/python3.13/site-packages/attrs/setters.py
2025-12-30 07:48:12.4344161070	76	./venv/lib/python3.13/site-packages/attrs/converters.py
2025-12-30 07:48:12.4344161070	76	./venv/lib/python3.13/site-packages/attrs/exceptions.py
2025-12-30 07:48:12.4344161070	76	./venv/lib/python3.13/site-packages/attrs/validators.py
2025-12-30 07:48:12.4344161070	843	./venv/lib/python3.13/site-packages/attr/_config.py
2025-12-30 07:48:12.4344161070	87	./venv/lib/python3.13/site-packages/attrs-25.4.0.dist-info/WHEEL
2025-12-30 07:48:12.4344161070	9416	./venv/lib/python3.13/site-packages/attrs/__init__.pyi
2025-12-30 07:48:12.4704166790	4	./venv/lib/python3.13/site-packages/attrs-25.4.0.dist-info/INSTALLER
2025-12-30 07:48:12.4744167420	3557	./venv/lib/python3.13/site-packages/attrs-25.4.0.dist-info/RECORD
2025-12-30 07:48:12.4784168060	0	./venv/lib/python3.13/site-packages/referencing/py.typed
2025-12-30 07:48:12.4784168060	0	./venv/lib/python3.13/site-packages/referencing/tests/__init__.py
2025-12-30 07:48:12.4784168060	1057	./venv/lib/python3.13/site-packages/referencing-0.37.0.dist-info/licenses/COPYING
2025-12-30 07:48:12.4784168060	11687	./venv/lib/python3.13/site-packages/referencing/tests/test_jsonschema.py
2025-12-30 07:48:12.4784168060	1445	./venv/lib/python3.13/site-packages/referencing/typing.py
2025-12-30 07:48:12.4784168060	18615	./venv/lib/python3.13/site-packages/referencing/jsonschema.py
2025-12-30 07:48:12.4784168060	207	./venv/lib/python3.13/site-packages/referencing/__init__.py
2025-12-30 07:48:12.4784168060	2335	./venv/lib/python3.13/site-packages/referencing/tests/test_referencing_suite.py
2025-12-30 07:48:12.4784168060	24732	./venv/lib/python3.13/site-packages/referencing/_core.py
2025-12-30 07:48:12.4784168060	2729	./venv/lib/python3.13/site-packages/referencing/retrieval.py
2025-12-30 07:48:12.4784168060	2845	./venv/lib/python3.13/site-packages/referencing-0.37.0.dist-info/METADATA
2025-12-30 07:48:12.4784168060	3719	./venv/lib/python3.13/site-packages/referencing/tests/test_retrieval.py
2025-12-30 07:48:12.4784168060	37854	./venv/lib/python3.13/site-packages/referencing/tests/test_core.py
2025-12-30 07:48:12.4784168060	4176	./venv/lib/python3.13/site-packages/referencing/exceptions.py
2025-12-30 07:48:12.4784168060	573	./venv/lib/python3.13/site-packages/referencing/_attrs.pyi
2025-12-30 07:48:12.4784168060	791	./venv/lib/python3.13/site-packages/referencing/_attrs.py
2025-12-30 07:48:12.4784168060	87	./venv/lib/python3.13/site-packages/referencing-0.37.0.dist-info/WHEEL
2025-12-30 07:48:12.4784168060	934	./venv/lib/python3.13/site-packages/referencing/tests/test_exceptions.py
2025-12-30 07:48:12.5064172500	4	./venv/lib/python3.13/site-packages/referencing-0.37.0.dist-info/INSTALLER
2025-12-30 07:48:12.5104173140	2439	./venv/lib/python3.13/site-packages/referencing-0.37.0.dist-info/RECORD
2025-12-30 07:48:12.5144173770	1140	./venv/lib/python3.13/site-packages/jsonschema_specifications/_core.py
2025-12-30 07:48:12.5144173770	1531	./venv/lib/python3.13/site-packages/jsonschema_specifications/schemas/draft201909/vocabularies/core
2025-12-30 07:48:12.5144173770	1785	./venv/lib/python3.13/site-packages/jsonschema_specifications/schemas/draft201909/metaschema.json
2025-12-30 07:48:12.5144173770	1860	./venv/lib/python3.13/site-packages/jsonschema_specifications/schemas/draft201909/vocabularies/applicator
2025-12-30 07:48:12.5144173770	2452	./venv/lib/python3.13/site-packages/jsonschema_specifications/schemas/draft202012/metaschema.json
2025-12-30 07:48:12.5144173770	2834	./venv/lib/python3.13/site-packages/jsonschema_specifications/schemas/draft201909/vocabularies/validation
2025-12-30 07:48:12.5144173770	386	./venv/lib/python3.13/site-packages/jsonschema_specifications/__init__.py
2025-12-30 07:48:12.5144173770	403	./venv/lib/python3.13/site-packages/jsonschema_specifications/schemas/draft201909/vocabularies/format
2025-12-30 07:48:12.5144173770	517	./venv/lib/python3.13/site-packages/jsonschema_specifications/schemas/draft201909/vocabularies/content
2025-12-30 07:48:12.5144173770	892	./venv/lib/python3.13/site-packages/jsonschema_specifications/schemas/draft201909/vocabularies/meta-data
2025-12-30 07:48:12.5184174400	0	./venv/lib/python3.13/site-packages/jsonschema_specifications/tests/__init__.py
2025-12-30 07:48:12.5184174400	1057	./venv/lib/python3.13/site-packages/jsonschema_specifications-2025.9.1.dist-info/licenses/COPYING
2025-12-30 07:48:12.5184174400	1106	./venv/lib/python3.13/site-packages/jsonschema_specifications/tests/test_jsonschema_specifications.py
2025-12-30 07:48:12.5184174400	1564	./venv/lib/python3.13/site-packages/jsonschema_specifications/schemas/draft202012/vocabularies/core
2025-12-30 07:48:12.5184174400	1659	./venv/lib/python3.13/site-packages/jsonschema_specifications/schemas/draft202012/vocabularies/applicator
2025-12-30 07:48:12.5184174400	2600	./venv/lib/python3.13/site-packages/jsonschema_specifications/schemas/draft3/metaschema.json
2025-12-30 07:48:12.5184174400	2834	./venv/lib/python3.13/site-packages/jsonschema_specifications/schemas/draft202012/vocabularies/validation
2025-12-30 07:48:12.5184174400	2907	./venv/lib/python3.13/site-packages/jsonschema_specifications-2025.9.1.dist-info/METADATA
2025-12-30 07:48:12.5184174400	4357	./venv/lib/python3.13/site-packages/jsonschema_specifications/schemas/draft4/metaschema.json
2025-12-30 07:48:12.5184174400	4437	./venv/lib/python3.13/site-packages/jsonschema_specifications/schemas/draft6/metaschema.json
2025-12-30 07:48:12.5184174400	445	./venv/lib/python3.13/site-packages/jsonschema_specifications/schemas/draft202012/vocabularies/format-assertion
2025-12-30 07:48:12.5184174400	448	./venv/lib/python3.13/site-packages/jsonschema_specifications/schemas/draft202012/vocabularies/format-annotation
2025-12-30 07:48:12.5184174400	4819	./venv/lib/python3.13/site-packages/jsonschema_specifications/schemas/draft7/metaschema.json
2025-12-30 07:48:12.5184174400	506	./venv/lib/python3.13/site-packages/jsonschema_specifications/schemas/draft202012/vocabularies/unevaluated
2025-12-30 07:48:12.5184174400	519	./venv/lib/python3.13/site-packages/jsonschema_specifications/schemas/draft202012/vocabularies/content
2025-12-30 07:48:12.5184174400	87	./venv/lib/python3.13/site-packages/jsonschema_specifications-2025.9.1.dist-info/WHEEL
2025-12-30 07:48:12.5184174400	892	./venv/lib/python3.13/site-packages/jsonschema_specifications/schemas/draft202012/vocabularies/meta-data
2025-12-30 07:48:12.5224175040	4	./venv/lib/python3.13/site-packages/jsonschema_specifications-2025.9.1.dist-info/INSTALLER
2025-12-30 07:48:12.5264175680	3656	./venv/lib/python3.13/site-packages/jsonschema_specifications-2025.9.1.dist-info/RECORD
2025-12-30 07:48:12.5304176310	10659	./venv/lib/python3.13/site-packages/jsonschema/_utils.py
2025-12-30 07:48:12.5304176310	115	./venv/lib/python3.13/site-packages/jsonschema/__main__.py
2025-12-30 07:48:12.5304176310	14949	./venv/lib/python3.13/site-packages/jsonschema/_keywords.py
2025-12-30 07:48:12.5304176310	15191	./venv/lib/python3.13/site-packages/jsonschema/_legacy_keywords.py
2025-12-30 07:48:12.5304176310	15256	./venv/lib/python3.13/site-packages/jsonschema/exceptions.py
2025-12-30 07:48:12.5304176310	15581	./venv/lib/python3.13/site-packages/jsonschema/_format.py
2025-12-30 07:48:12.5304176310	320	./venv/lib/python3.13/site-packages/jsonschema/benchmarks/json_schema_test_suite.py
2025-12-30 07:48:12.5304176310	3941	./venv/lib/python3.13/site-packages/jsonschema/__init__.py
2025-12-30 07:48:12.5304176310	47147	./venv/lib/python3.13/site-packages/jsonschema/validators.py
2025-12-30 07:48:12.5304176310	521	./venv/lib/python3.13/site-packages/jsonschema/benchmarks/issue232.py
2025-12-30 07:48:12.5304176310	5456	./venv/lib/python3.13/site-packages/jsonschema/_types.py
2025-12-30 07:48:12.5304176310	630	./venv/lib/python3.13/site-packages/jsonschema/_typing.py
2025-12-30 07:48:12.5304176310	70	./venv/lib/python3.13/site-packages/jsonschema/benchmarks/__init__.py
2025-12-30 07:48:12.5304176310	7198	./venv/lib/python3.13/site-packages/jsonschema/protocols.py
2025-12-30 07:48:12.5304176310	786	./venv/lib/python3.13/site-packages/jsonschema/benchmarks/contains.py
2025-12-30 07:48:12.5304176310	830	./venv/lib/python3.13/site-packages/jsonschema/benchmarks/const_vs_enum.py
2025-12-30 07:48:12.5304176310	8445	./venv/lib/python3.13/site-packages/jsonschema/cli.py
2025-12-30 07:48:12.5344176940	0	./venv/lib/python3.13/site-packages/jsonschema/tests/__init__.py
2025-12-30 07:48:12.5344176940	0	./venv/lib/python3.13/site-packages/jsonschema/tests/typing/__init__.py
2025-12-30 07:48:12.5344176940	1057	./venv/lib/python3.13/site-packages/jsonschema-4.25.1.dist-info/licenses/COPYING
2025-12-30 07:48:12.5344176940	1113	./venv/lib/python3.13/site-packages/jsonschema/benchmarks/subcomponents.py
2025-12-30 07:48:12.5344176940	1114	./venv/lib/python3.13/site-packages/jsonschema/tests/fuzz_validate.py
2025-12-30 07:48:12.5344176940	117105	./venv/lib/python3.13/site-packages/jsonschema/benchmarks/issue232/issue.json
2025-12-30 07:48:12.5344176940	1238	./venv/lib/python3.13/site-packages/jsonschema/tests/typing/test_all_concrete_validators_match_protocol.py
2025-12-30 07:48:12.5344176940	15754	./venv/lib/python3.13/site-packages/jsonschema/tests/test_deprecations.py
2025-12-30 07:48:12.5344176940	1892	./venv/lib/python3.13/site-packages/jsonschema/benchmarks/nested_schemas.py
2025-12-30 07:48:12.5344176940	24310	./venv/lib/python3.13/site-packages/jsonschema/tests/test_exceptions.py
2025-12-30 07:48:12.5344176940	28544	./venv/lib/python3.13/site-packages/jsonschema/tests/test_cli.py
2025-12-30 07:48:12.5344176940	285	./venv/lib/python3.13/site-packages/jsonschema/benchmarks/validator_creation.py
2025-12-30 07:48:12.5344176940	3188	./venv/lib/python3.13/site-packages/jsonschema/tests/test_format.py
2025-12-30 07:48:12.5344176940	3342	./venv/lib/python3.13/site-packages/jsonschema/benchmarks/useless_applicator_schemas.py
2025-12-30 07:48:12.5344176940	4163	./venv/lib/python3.13/site-packages/jsonschema/tests/test_utils.py
2025-12-30 07:48:12.5344176940	51	./venv/lib/python3.13/site-packages/jsonschema-4.25.1.dist-info/entry_points.txt
2025-12-30 07:48:12.5344176940	6977	./venv/lib/python3.13/site-packages/jsonschema/tests/test_types.py
2025-12-30 07:48:12.5344176940	7608	./venv/lib/python3.13/site-packages/jsonschema-4.25.1.dist-info/METADATA
2025-12-30 07:48:12.5344176940	8374	./venv/lib/python3.13/site-packages/jsonschema/tests/_suite.py
2025-12-30 07:48:12.5344176940	8461	./venv/lib/python3.13/site-packages/jsonschema/tests/test_jsonschema_test_suite.py
2025-12-30 07:48:12.5344176940	867	./venv/lib/python3.13/site-packages/jsonschema/benchmarks/useless_keywords.py
2025-12-30 07:48:12.5344176940	87975	./venv/lib/python3.13/site-packages/jsonschema/tests/test_validators.py
2025-12-30 07:48:12.5344176940	87	./venv/lib/python3.13/site-packages/jsonschema-4.25.1.dist-info/WHEEL
2025-12-30 07:48:12.5344176940	940	./venv/lib/python3.13/site-packages/jsonschema/benchmarks/unused_registry.py
2025-12-30 07:48:12.6184190280	247	./venv/bin/jsonschema
2025-12-30 07:48:12.6184190280	4	./venv/lib/python3.13/site-packages/jsonschema-4.25.1.dist-info/INSTALLER
2025-12-30 07:48:12.6224190910	0	./venv/lib/python3.13/site-packages/jsonschema-4.25.1.dist-info/REQUESTED
2025-12-30 07:48:12.6224190910	6247	./venv/lib/python3.13/site-packages/jsonschema-4.25.1.dist-info/RECORD
2025-12-30 10:11:32.0020042970	3887	./schemas/c24_6_canonical_export.schema.json
2025-12-30 10:38:59.1052799120	6521	./scripts/verify_all_C24_6.sh
2025-12-30 11:06:52.4152478350	3094	./schemas/c24_6_canonical_export.strict.schema.json
2025-12-30 20:53:39.9968264950	1365	./config/gedcom_parser.yml
2025-12-31 09:57:52.0088897210	11373	./scripts/verify_all_C24_7.sh
2025-12-31 10:57:14.5723029980	22339	./src/gedcom_parser/postprocess/place_version_builder.py
2025-12-31 12:52:17.7871503680	10794	./schemas/c24_7_canonical_export.schema.json
2025-12-31 12:52:19.5111488660	9624	./schemas/c24_7_canonical_export.strict.schema.json
2025-12-31 12:52:54.5951184110	1004	./src/gedcom_parser/postprocess/__init__.py
2025-12-31 13:58:08.2775627970	453	./requirements.txt
2025-12-31 13:58:10.0575622080	171	./requirements-dev.txt
2025-12-31 14:06:41.3933744890	321	./.git/objects/0d/85e5fce7ee48ae600a5a1767e00b5462364624
2025-12-31 14:06:41.3973744880	149	./.git/objects/45/f2e68e9af8cb70fb7016e6ddf6ae1868cad00b
2025-12-31 15:14:23.2748996820	449	./.git/objects/92/ad6eb3dc7e780668b85d163ef76150c33f925a
2025-12-31 15:14:23.2828996820	1885	./.git/objects/54/cb215748ff9a1109c438d0112bccc17f3c3cfa
2025-12-31 15:14:23.2828996820	1936	./.git/objects/69/0c1ddb884c27633e10e87ab8efec07eba4c334
2025-12-31 15:14:23.2828996820	2979	./.git/objects/06/c6fe895c8fe134163f6098adcb70d6f5ccdabc
2025-12-31 15:14:23.2828996820	6751	./.git/objects/0e/3295dd38b2b602e0ee0b33cbdb7506cdab5257
2025-12-31 15:14:23.2828996820	856	./.git/objects/aa/fb97ee041e5158fd43a697224a7960d74c5365
2025-12-31 15:14:32.9268994490	1280	./.git/objects/4c/f3aee937c7c4c361b291d17470f6c0bdc7d733
2025-12-31 15:14:32.9268994490	236	./.git/objects/ea/4b12df383a088283ed11477017714a5c9677b3
2025-12-31 15:14:32.9268994490	377	./.git/objects/4a/f27c34785f3ff1c4d5013488ee4473906c61bb
2025-12-31 15:14:32.9268994490	55	./.git/objects/ae/54b120d57a079cdb8fc3e08b26aecff5dc156b
2025-12-31 15:14:32.9268994490	883	./.git/objects/6f/c56903d4e52b088bdce9f147a326ef86d27648
2025-12-31 15:14:32.9268994490	910	./.git/objects/22/c642f8ce0800e96c053b6bea00218800d7ecc8
2025-12-31 15:14:32.9348994490	214	./.git/objects/38/bd2d9ce59d2fb3ad1f03412ff3da30c33c4309
2025-12-31 15:14:44.6428991660	179	./.git/objects/a2/91ad25fdc3a09e1effe308388ba64754829bfd
2025-12-31 15:14:44.6428991660	41	./.git/refs/tags/c24.7
2025-12-31 16:20:22.5324039070	29176	./openapi/c24_7_openapi.yaml
2025-12-31 18:25:20.4480194450	5945	./docs/C.24.7_Place_Semantics.md
2025-12-31 18:37:33.3396008170	1163	./.git/objects/bd/683c85486ea89bf4efc52709b394ed5a41914e
2025-12-31 18:37:33.3396008170	2065	./.git/objects/f9/46f586fd05ff32484479f68ca2208479fc7008
2025-12-31 18:37:33.3396008170	2662	./.git/objects/bc/f6d657077c3b21013795e6cea95bd5ddc07fe1
2025-12-31 18:37:33.3396008170	3905	./.git/objects/34/3966b6323209d998ce720a2354c344d2630422
2025-12-31 18:37:33.3396008170	784	./.git/objects/67/2d556526b7edc292645d2fa5471d96e37bb90c
2025-12-31 18:37:33.3396008170	790	./.git/objects/69/07034e6eb4151babd1638fca85f5fbe9cedc03
2025-12-31 18:37:33.3396008170	901	./.git/objects/5d/17fddaf7a59e42ab037d55573f808d91e05540
2025-12-31 18:37:33.3436008150	1279	./.git/objects/1c/8dcb50140eac54f38613dd5c5d4529da646d0c
2025-12-31 18:37:33.3436008150	206	./.git/objects/9b/00bf01d7e22d957d4693c5b79e010057cb30ae
2025-12-31 18:37:33.3436008150	320	./.git/objects/3e/3bfcd039e61d66bda52f36866d06e3b8a73b90
2025-12-31 18:37:33.3436008150	62	./.git/objects/5e/1b41d2cc8bd38d756bc25ae74c51bf719f7be8
2025-12-31 18:37:33.3436008150	63	./.git/objects/8a/fa8b176504689f0d470b0b9b12b64914389e4b
2025-12-31 18:37:33.3436008150	913	./.git/objects/b8/01b53d67886feba5bcd5b61918f23282ee39e3
2026-01-02 15:49:09.8635154900	5341	./schemas/c24_8_canonical_export_schema.json
2026-01-02 15:49:47.6873989340	3694	./schemas/c24_8_canonical_export_strict.schema.json
2026-01-02 15:54:22.0905291420	147	./scripts/project_tree.sh
2026-01-02 15:55:52.8022343920	10224	./inventories/project_tree_public.txt
2026-01-02 16:55:18.6895724260	16949	./inventories/project_inventory.txt
2026-01-02 16:55:37.4336972200	509	./inventories/schema_inventory.txt
2026-01-02 16:55:43.3337357130	4150	./inventories/python_file_inventory.txt
2026-01-02 16:55:53.7378026920	735	./inventories/docs_inventory.txt
2026-01-02 16:56:01.7218533250	833	./inventories/config_and_scripts_inventory.txt
2026-01-02 17:26:50.2704146960	206	./docs/misc
2026-01-02 18:10:01.2783476880	4260	./docs/C.24.8_Place_Merge_Split.md
2026-01-02 19:17:25.9063772240	466	./merge_plan.json
2026-01-02 21:02:50.6288457760	1344	./.git/objects/b4/5bce94cf0645badf2927d3a3c6b4d3540c3e80
2026-01-02 21:02:50.6328457710	24200	./.git/index
2026-01-02 21:02:50.6328457710	419	./.git/objects/ce/ea3caf0768c39e131d3aa139eb1515464232bd
2026-01-02 21:02:50.6328457710	55	./.git/objects/8f/bec481989558ce0f3eaad8c66e6978e0c2bd75
2026-01-02 21:02:50.6328457710	910	./.git/objects/51/a3ba554ebe620366d3348efb7dae9f6c351e9f
2026-01-02 21:02:50.6328457710	913	./.git/objects/56/3ef2341d7b8851132bdacdc2926aa723145d65
2026-01-02 21:02:50.6368457650	200	./.git/objects/5a/ec36a585ccc10aacb8feb7acdf75d4bb3ce809
2026-01-02 21:02:50.6368457650	2380	./.git/logs/refs/heads/main
2026-01-02 21:02:50.6368457650	2572	./.git/logs/HEAD
2026-01-02 21:02:50.6368457650	41	./.git/refs/heads/main
2026-01-02 21:02:50.6368457650	57	./.git/COMMIT_EDITMSG
2026-01-02 21:02:50.6488457500	41	./.git/refs/tags/c24.8
2026-01-02 21:02:55.9968389980	1078	./.git/logs/refs/remotes/origin/main
2026-01-02 21:02:55.9968389980	41	./.git/refs/remotes/origin/main
2026-01-02 21:59:17.1600668450	9233	./scripts/verify_all_C24_8.sh
2026-01-03 00:20:12.5510878660	26924	./logs/parser_core.log
2026-01-03 00:20:14.2070822940	28509152	./outputs/export.json
2026-01-03 00:20:14.2230822400	8074	./logs/json_exporter.log
2026-01-03 00:20:14.3830817030	43126	./logs/main.log
2026-01-03 00:20:16.3590750730	10946	./logs/xref_resolver.log
2026-01-03 00:20:16.3590750730	30146121	./outputs/export_xref.json
2026-01-03 00:20:18.6230675000	33416064	./outputs/export_standardized.json
2026-01-03 00:20:18.6310674730	17021	./logs/place_standardizer.log
2026-01-03 00:20:20.9430597630	33406669	./outputs/export_events_resolved.json
2026-01-03 00:20:20.9430597630	4397306	./logs/event_disambiguator.log
2026-01-03 00:20:23.8630500630	40528521	./outputs/export_names_normalized.json
2026-01-03 00:20:23.8670500500	4375049	./logs/name_normalization.log
2026-01-03 00:20:26.3150419480	40936833	./outputs/export_media_normalized.json
2026-01-03 00:20:26.3190419350	5453	./logs/media_normalizer.log
2026-01-03 00:20:29.0150330440	43767425	./outputs/export_c24_5.json
2026-01-03 00:20:29.0190330310	7081	./logs/place_registry_builder.log
2026-01-03 00:20:32.1830226400	51765013	./outputs/export_c24_6.json
2026-01-03 00:20:32.1870226270	10052	./logs/place_hierarchy_builder.log
2026-01-03 00:20:36.0310100640	67781582	./outputs/export_c24_7.json
2026-01-03 00:20:36.0350100510	2941	./logs/place_version_builder.log
2026-01-03 00:20:47.6229725840	440	./outputs/place_merge_split_plan_report.json
2026-01-03 22:29:32.2819891010	45632	./src/gedcom_parser/postprocess/place_merge_split_verifier.py
2026-01-03 22:29:56.2619646710	1276	./outputs/place_merge_split_report.json
2026-01-03 22:29:56.2619646710	1326	./logs/place_merge_split_verifier.log
2026-01-04 12:42:06.0292244530	17284	./schemas/c24_9_place_plan.schema.json
2026-01-04 15:13:29.0018702800	5837	./docs/C.24.9_Place_Audit_and_Applier.md
2026-01-04 16:20:23.0055060760	480	./outputs/place_plan_applier_plan_report.json
2026-01-04 18:51:06.4267493610	10172	./schemas/c24_9_canonical_export.schema.json
2026-01-04 18:51:08.7947467280	10354	./schemas/c24_9_canonical_export.strict.schema.json
2026-01-04 18:52:46.8426375530	40765	./src/gedcom_parser/postprocess/place_plan_applier.py
2026-01-05 00:06:08.3779949260	519	./plans/first_real_place_plan.json
2026-01-05 00:06:39.4419695500	67781885	./outputs/export_c24_9.json
2026-01-05 00:06:39.4459695470	144111	./logs/gedcom_parser.log
2026-01-05 00:06:39.4459695470	4796	./logs/place_plan_applier.log
2026-01-05 00:06:39.4459695470	978	./outputs/place_plan_applier_report.json
2026-01-08 19:16:44.0000000000	351969	./mock_files/DiGiustino Bio_2023.ged
2026-01-12 14:35:58.3191760880	151728	./docs/GEDCOM Parser Project – Comprehensive Code and Architecture Review.pdf
2026-01-12 15:01:29.3142112200	51832	./gedcom55_schema_draft.json
2026-01-12 15:14:53.0996320930	68226	./schemas/gedcom55_structures.json
2026-01-12 15:46:04.0154957130	15271	./src/gedcom_parser/schema/gedcom55/tags.json
2026-01-12 15:48:17.8947751120	2676	./src/gedcom_parser/validation/pointer_validator.py
2026-01-15 11:09:39.3769943330	6716	./docs/Spec-001-gedcom Normalization & Enrichment Platform.txt
2026-01-17 09:34:07.2138833510	52753	./docs/Spec-001-gedcom Normalization & Enrichment Platform.pdf
2026-01-17 09:41:01.0746066430	2530	./docs/Structure with Spec-001-gedcom Normalization & Enrichment Platform.txt
2026-01-17 16:21:00.0000000000	203010	./mock_files/Fenton Family Tree/Fenton Family Tree.ged
2026-01-22 11:34:19.6734477420	21522	./inventories/project_inventory_full.txt
2026-01-22 12:15:07.9306407540	192691	./inventories/project_inventory_rich.txt
2026-01-22 12:16:10.7667224740	17326	./verify_all_C24_9.sh
2026-01-22 14:02:34.2277786870	10345	./venv/lib/python3.13/site-packages/pip/_internal/cache.py
2026-01-22 14:02:34.2277786870	131	./venv/lib/python3.13/site-packages/pip/_internal/cli/__init__.py
2026-01-22 14:02:34.2277786870	14201	./venv/lib/python3.13/site-packages/pip/_internal/build_env.py
2026-01-22 14:02:34.2277786870	1450	./venv/lib/python3.13/site-packages/pip/__pip-runner__.py
2026-01-22 14:02:34.2277786870	14568	./venv/lib/python3.13/site-packages/pip/_internal/configuration.py
2026-01-22 14:02:34.2277786870	286	./venv/lib/python3.13/site-packages/pip/py.typed
2026-01-22 14:02:34.2277786870	29592	./venv/lib/python3.13/site-packages/pip/_internal/exceptions.py
2026-01-22 14:02:34.2277786870	338	./venv/lib/python3.13/site-packages/pip/_internal/main.py
2026-01-22 14:02:34.2277786870	353	./venv/lib/python3.13/site-packages/pip/__init__.py
2026-01-22 14:02:34.2277786870	4555	./venv/lib/python3.13/site-packages/pip/_internal/pyproject.py
2026-01-22 14:02:34.2277786870	511	./venv/lib/python3.13/site-packages/pip/_internal/__init__.py
2026-01-22 14:02:34.2277786870	8471	./venv/lib/python3.13/site-packages/pip/_internal/self_outdated_check.py
2026-01-22 14:02:34.2277786870	854	./venv/lib/python3.13/site-packages/pip/__main__.py
2026-01-22 14:02:34.2277786870	9010	./venv/lib/python3.13/site-packages/pip/_internal/wheel_builder.py
2026-01-22 14:02:34.2317786880	10105	./venv/lib/python3.13/site-packages/pip/_internal/commands/configuration.py
2026-01-22 14:02:34.2317786880	10916	./venv/lib/python3.13/site-packages/pip/_internal/cli/parser.py
2026-01-22 14:02:34.2317786880	1108	./venv/lib/python3.13/site-packages/pip/_internal/commands/help.py
2026-01-22 14:02:34.2317786880	116	./venv/lib/python3.13/site-packages/pip/_internal/cli/status_codes.py
2026-01-22 14:02:34.2317786880	13514	./venv/lib/python3.13/site-packages/pip/_internal/commands/list.py
2026-01-22 14:02:34.2317786880	13799	./venv/lib/python3.13/site-packages/pip/_internal/cli/req_command.py
2026-01-22 14:02:34.2317786880	1679	./venv/lib/python3.13/site-packages/pip/_internal/commands/hash.py
2026-01-22 14:02:34.2317786880	2244	./venv/lib/python3.13/site-packages/pip/_internal/commands/check.py
2026-01-22 14:02:34.2317786880	2815	./venv/lib/python3.13/site-packages/pip/_internal/cli/main.py
2026-01-22 14:02:34.2317786880	30472	./venv/lib/python3.13/site-packages/pip/_internal/commands/install.py
2026-01-22 14:02:34.2317786880	3099	./venv/lib/python3.13/site-packages/pip/_internal/commands/freeze.py
2026-01-22 14:02:34.2317786880	31025	./venv/lib/python3.13/site-packages/pip/_internal/cli/cmdoptions.py
2026-01-22 14:02:34.2317786880	3177	./venv/lib/python3.13/site-packages/pip/_internal/commands/inspect.py
2026-01-22 14:02:34.2317786880	4026	./venv/lib/python3.13/site-packages/pip/_internal/commands/__init__.py
2026-01-22 14:02:34.2317786880	4329	./venv/lib/python3.13/site-packages/pip/_internal/cli/main_parser.py
2026-01-22 14:02:34.2317786880	4530	./venv/lib/python3.13/site-packages/pip/_internal/commands/completion.py
2026-01-22 14:02:34.2317786880	4668	./venv/lib/python3.13/site-packages/pip/_internal/cli/progress_bars.py
2026-01-22 14:02:34.2317786880	5075	./venv/lib/python3.13/site-packages/pip/_internal/commands/download.py
2026-01-22 14:02:34.2317786880	5243	./venv/lib/python3.13/site-packages/pip/_internal/commands/index.py
2026-01-22 14:02:34.2317786880	5717	./venv/lib/python3.13/site-packages/pip/_internal/cli/index_command.py
2026-01-22 14:02:34.2317786880	5782	./venv/lib/python3.13/site-packages/pip/_internal/commands/search.py
2026-01-22 14:02:34.2317786880	5797	./venv/lib/python3.13/site-packages/pip/_internal/commands/lock.py
2026-01-22 14:02:34.2317786880	6805	./venv/lib/python3.13/site-packages/pip/_internal/commands/debug.py
2026-01-22 14:02:34.2317786880	7193	./venv/lib/python3.13/site-packages/pip/_internal/cli/autocompletion.py
2026-01-22 14:02:34.2317786880	7362	./venv/lib/python3.13/site-packages/pip/_internal/cli/spinners.py
2026-01-22 14:02:34.2317786880	8066	./venv/lib/python3.13/site-packages/pip/_internal/commands/show.py
2026-01-22 14:02:34.2317786880	817	./venv/lib/python3.13/site-packages/pip/_internal/cli/command_context.py
2026-01-22 14:02:34.2317786880	8230	./venv/lib/python3.13/site-packages/pip/_internal/commands/cache.py
2026-01-22 14:02:34.2317786880	8716	./venv/lib/python3.13/site-packages/pip/_internal/cli/base_command.py
2026-01-22 14:02:34.2357786880	1364	./venv/lib/python3.13/site-packages/pip/_internal/distributions/wheel.py
2026-01-22 14:02:34.2357786880	14185	./venv/lib/python3.13/site-packages/pip/_internal/locations/__init__.py
2026-01-22 14:02:34.2357786880	16185	./venv/lib/python3.13/site-packages/pip/_internal/index/collector.py
2026-01-22 14:02:34.2357786880	1830	./venv/lib/python3.13/site-packages/pip/_internal/distributions/base.py
2026-01-22 14:02:34.2357786880	2550	./venv/lib/python3.13/site-packages/pip/_internal/locations/base.py
2026-01-22 14:02:34.2357786880	2711	./venv/lib/python3.13/site-packages/pip/_internal/metadata/_json.py
2026-01-22 14:02:34.2357786880	29	./venv/lib/python3.13/site-packages/pip/_internal/index/__init__.py
2026-01-22 14:02:34.2357786880	3868	./venv/lib/python3.13/site-packages/pip/_internal/commands/uninstall.py
2026-01-22 14:02:34.2357786880	38835	./venv/lib/python3.13/site-packages/pip/_internal/index/package_finder.py
2026-01-22 14:02:34.2357786880	5824	./venv/lib/python3.13/site-packages/pip/_internal/metadata/__init__.py
2026-01-22 14:02:34.2357786880	5975	./venv/lib/python3.13/site-packages/pip/_internal/locations/_distutils.py
2026-01-22 14:02:34.2357786880	6013	./venv/lib/python3.13/site-packages/pip/_internal/commands/wheel.py
2026-01-22 14:02:34.2357786880	6627	./venv/lib/python3.13/site-packages/pip/_internal/distributions/sdist.py
2026-01-22 14:02:34.2357786880	7716	./venv/lib/python3.13/site-packages/pip/_internal/locations/_sysconfig.py
2026-01-22 14:02:34.2357786880	858	./venv/lib/python3.13/site-packages/pip/_internal/distributions/__init__.py
2026-01-22 14:02:34.2357786880	8639	./venv/lib/python3.13/site-packages/pip/_internal/index/sources.py
2026-01-22 14:02:34.2357786880	929	./venv/lib/python3.13/site-packages/pip/_internal/distributions/installed.py
2026-01-22 14:02:34.2397786890	1030	./venv/lib/python3.13/site-packages/pip/_internal/models/index.py
2026-01-22 14:02:34.2397786890	10544	./venv/lib/python3.13/site-packages/pip/_internal/metadata/pkg_resources.py
2026-01-22 14:02:34.2397786890	12682	./venv/lib/python3.13/site-packages/pip/_internal/network/download.py
2026-01-22 14:02:34.2397786890	135	./venv/lib/python3.13/site-packages/pip/_internal/metadata/importlib/__init__.py
2026-01-22 14:02:34.2397786890	19188	./venv/lib/python3.13/site-packages/pip/_internal/network/session.py
2026-01-22 14:02:34.2397786890	2016	./venv/lib/python3.13/site-packages/pip/_internal/models/selection_prefs.py
2026-01-22 14:02:34.2397786890	20681	./venv/lib/python3.13/site-packages/pip/_internal/network/auth.py
2026-01-22 14:02:34.2397786890	21793	./venv/lib/python3.13/site-packages/pip/_internal/models/link.py
2026-01-22 14:02:34.2397786890	2471	./venv/lib/python3.13/site-packages/pip/_internal/models/format_control.py
2026-01-22 14:02:34.2397786890	25420	./venv/lib/python3.13/site-packages/pip/_internal/metadata/base.py
2026-01-22 14:02:34.2397786890	2804	./venv/lib/python3.13/site-packages/pip/_internal/metadata/importlib/_compat.py
2026-01-22 14:02:34.2397786890	2839	./venv/lib/python3.13/site-packages/pip/_internal/models/installation_report.py
2026-01-22 14:02:34.2397786890	2920	./venv/lib/python3.13/site-packages/pip/_internal/models/wheel.py
2026-01-22 14:02:34.2397786890	4243	./venv/lib/python3.13/site-packages/pip/_internal/models/target_python.py
2026-01-22 14:02:34.2397786890	4507	./venv/lib/python3.13/site-packages/pip/_internal/models/search_scope.py
2026-01-22 14:02:34.2397786890	4862	./venv/lib/python3.13/site-packages/pip/_internal/network/cache.py
2026-01-22 14:02:34.2397786890	49	./venv/lib/python3.13/site-packages/pip/_internal/network/__init__.py
2026-01-22 14:02:34.2397786890	5333	./venv/lib/python3.13/site-packages/pip/_internal/metadata/importlib/_envs.py
2026-01-22 14:02:34.2397786890	575	./venv/lib/python3.13/site-packages/pip/_internal/models/scheme.py
2026-01-22 14:02:34.2397786890	6211	./venv/lib/python3.13/site-packages/pip/_internal/models/pylock.py
2026-01-22 14:02:34.2397786890	62	./venv/lib/python3.13/site-packages/pip/_internal/models/__init__.py
2026-01-22 14:02:34.2397786890	6555	./venv/lib/python3.13/site-packages/pip/_internal/models/direct_url.py
2026-01-22 14:02:34.2397786890	753	./venv/lib/python3.13/site-packages/pip/_internal/models/candidate.py
2026-01-22 14:02:34.2397786890	7646	./venv/lib/python3.13/site-packages/pip/_internal/network/lazy_wheel.py
2026-01-22 14:02:34.2397786890	8420	./venv/lib/python3.13/site-packages/pip/_internal/metadata/importlib/_dists.py
2026-01-22 14:02:34.2437786900	0	./venv/lib/python3.13/site-packages/pip/_internal/operations/build/__init__.py
2026-01-22 14:02:34.2437786900	0	./venv/lib/python3.13/site-packages/pip/_internal/operations/__init__.py
2026-01-22 14:02:34.2437786900	1136	./venv/lib/python3.13/site-packages/pip/_internal/operations/build/wheel.py
2026-01-22 14:02:34.2437786900	1421	./venv/lib/python3.13/site-packages/pip/_internal/operations/build/metadata.py
2026-01-22 14:02:34.2437786900	1478	./venv/lib/python3.13/site-packages/pip/_internal/operations/build/wheel_editable.py
2026-01-22 14:02:34.2437786900	1509	./venv/lib/python3.13/site-packages/pip/_internal/operations/build/metadata_editable.py
2026-01-22 14:02:34.2437786900	1830	./venv/lib/python3.13/site-packages/pip/_internal/network/xmlrpc.py
2026-01-22 14:02:34.2437786900	28914	./venv/lib/python3.13/site-packages/pip/_internal/operations/prepare.py
2026-01-22 14:02:34.2437786900	4091	./venv/lib/python3.13/site-packages/pip/_internal/network/utils.py
2026-01-22 14:02:34.2437786900	4771	./venv/lib/python3.13/site-packages/pip/_internal/operations/build/build_tracker.py
2026-01-22 14:02:34.2437786900	5894	./venv/lib/python3.13/site-packages/pip/_internal/operations/check.py
2026-01-22 14:02:34.2437786900	9854	./venv/lib/python3.13/site-packages/pip/_internal/operations/freeze.py
2026-01-22 14:02:34.2477786900	0	./venv/lib/python3.13/site-packages/pip/_internal/resolution/__init__.py
2026-01-22 14:02:34.2477786900	0	./venv/lib/python3.13/site-packages/pip/_internal/resolution/legacy/__init__.py
2026-01-22 14:02:34.2477786900	0	./venv/lib/python3.13/site-packages/pip/_internal/resolution/resolvelib/__init__.py
2026-01-22 14:02:34.2477786900	11441	./venv/lib/python3.13/site-packages/pip/_internal/resolution/resolvelib/provider.py
2026-01-22 14:02:34.2477786900	18581	./venv/lib/python3.13/site-packages/pip/_internal/req/constructors.py
2026-01-22 14:02:34.2477786900	20130	./venv/lib/python3.13/site-packages/pip/_internal/req/req_file.py
2026-01-22 14:02:34.2477786900	20454	./venv/lib/python3.13/site-packages/pip/_internal/resolution/resolvelib/candidates.py
2026-01-22 14:02:34.2477786900	24060	./venv/lib/python3.13/site-packages/pip/_internal/resolution/legacy/resolver.py
2026-01-22 14:02:34.2477786900	24099	./venv/lib/python3.13/site-packages/pip/_internal/req/req_uninstall.py
2026-01-22 14:02:34.2477786900	2618	./venv/lib/python3.13/site-packages/pip/_internal/req/req_dependency_group.py
2026-01-22 14:02:34.2477786900	27956	./venv/lib/python3.13/site-packages/pip/_internal/operations/install/wheel.py
2026-01-22 14:02:34.2477786900	2828	./venv/lib/python3.13/site-packages/pip/_internal/req/req_set.py
2026-01-22 14:02:34.2477786900	3041	./venv/lib/python3.13/site-packages/pip/_internal/req/__init__.py
2026-01-22 14:02:34.2477786900	31273	./venv/lib/python3.13/site-packages/pip/_internal/req/req_install.py
2026-01-22 14:02:34.2477786900	33628	./venv/lib/python3.13/site-packages/pip/_internal/resolution/resolvelib/factory.py
2026-01-22 14:02:34.2477786900	3909	./venv/lib/python3.13/site-packages/pip/_internal/resolution/resolvelib/reporter.py
2026-01-22 14:02:34.2477786900	5047	./venv/lib/python3.13/site-packages/pip/_internal/resolution/resolvelib/base.py
2026-01-22 14:02:34.2477786900	50	./venv/lib/python3.13/site-packages/pip/_internal/operations/install/__init__.py
2026-01-22 14:02:34.2477786900	577	./venv/lib/python3.13/site-packages/pip/_internal/resolution/base.py
2026-01-22 14:02:34.2477786900	6018	./venv/lib/python3.13/site-packages/pip/_internal/resolution/resolvelib/found_candidates.py
2026-01-22 14:02:34.2477786900	8076	./venv/lib/python3.13/site-packages/pip/_internal/resolution/resolvelib/requirements.py
2026-01-22 14:02:34.2517786910	0	./venv/lib/python3.13/site-packages/pip/_internal/utils/__init__.py
2026-01-22 14:02:34.2517786910	1015	./venv/lib/python3.13/site-packages/pip/_internal/utils/_log.py
2026-01-22 14:02:34.2517786910	12108	./venv/lib/python3.13/site-packages/pip/_internal/utils/logging.py
2026-01-22 14:02:34.2517786910	12974	./venv/lib/python3.13/site-packages/pip/_internal/utils/unpacking.py
2026-01-22 14:02:34.2517786910	13437	./venv/lib/python3.13/site-packages/pip/_internal/resolution/resolvelib/resolver.py
2026-01-22 14:02:34.2517786910	1461	./venv/lib/python3.13/site-packages/pip/_internal/utils/retry.py
2026-01-22 14:02:34.2517786910	1601	./venv/lib/python3.13/site-packages/pip/_internal/utils/packaging.py
2026-01-22 14:02:34.2517786910	1681	./venv/lib/python3.13/site-packages/pip/_internal/utils/appdirs.py
2026-01-22 14:02:34.2517786910	23374	./venv/lib/python3.13/site-packages/pip/_internal/utils/misc.py
2026-01-22 14:02:34.2517786910	241	./venv/lib/python3.13/site-packages/pip/_internal/utils/datetime.py
2026-01-22 14:02:34.2517786910	2459	./venv/lib/python3.13/site-packages/pip/_internal/utils/egg_link.py
2026-01-22 14:02:34.2517786910	2514	./venv/lib/python3.13/site-packages/pip/_internal/utils/compat.py
2026-01-22 14:02:34.2517786910	3200	./venv/lib/python3.13/site-packages/pip/_internal/utils/direct_url_helpers.py
2026-01-22 14:02:34.2517786910	3324	./venv/lib/python3.13/site-packages/pip/_internal/utils/entrypoints.py
2026-01-22 14:02:34.2517786910	3350	./venv/lib/python3.13/site-packages/pip/_internal/utils/_jaraco_text.py
2026-01-22 14:02:34.2517786910	3696	./venv/lib/python3.13/site-packages/pip/_internal/utils/deprecation.py
2026-01-22 14:02:34.2517786910	3726	./venv/lib/python3.13/site-packages/pip/_internal/utils/glibc.py
2026-01-22 14:02:34.2517786910	4998	./venv/lib/python3.13/site-packages/pip/_internal/utils/hashes.py
2026-01-22 14:02:34.2517786910	5497	./venv/lib/python3.13/site-packages/pip/_internal/utils/filesystem.py
2026-01-22 14:02:34.2517786910	6630	./venv/lib/python3.13/site-packages/pip/_internal/utils/compatibility_tags.py
2026-01-22 14:02:34.2517786910	689	./venv/lib/python3.13/site-packages/pip/_internal/utils/filetypes.py
2026-01-22 14:02:34.2517786910	8983	./venv/lib/python3.13/site-packages/pip/_internal/utils/subprocess.py
2026-01-22 14:02:34.2517786910	9307	./venv/lib/python3.13/site-packages/pip/_internal/utils/temp_dir.py
2026-01-22 14:02:34.2557786920	0	./venv/lib/python3.13/site-packages/pip/_vendor/cachecontrol/py.typed
2026-01-22 14:02:34.2557786920	11787	./venv/lib/python3.13/site-packages/pip/_internal/vcs/subversion.py
2026-01-22 14:02:34.2557786920	1386	./venv/lib/python3.13/site-packages/pip/_vendor/cachecontrol/caches/redis_cache.py
2026-01-22 14:02:34.2557786920	1417	./venv/lib/python3.13/site-packages/pip/_vendor/cachecontrol/wrapper.py
2026-01-22 14:02:34.2557786920	1601	./venv/lib/python3.13/site-packages/pip/_internal/utils/urls.py
2026-01-22 14:02:34.2557786920	1737	./venv/lib/python3.13/site-packages/pip/_vendor/cachecontrol/_cmd.py
2026-01-22 14:02:34.2557786920	19101	./venv/lib/python3.13/site-packages/pip/_vendor/cachecontrol/controller.py
2026-01-22 14:02:34.2557786920	19144	./venv/lib/python3.13/site-packages/pip/_internal/vcs/git.py
2026-01-22 14:02:34.2557786920	1953	./venv/lib/python3.13/site-packages/pip/_vendor/cachecontrol/cache.py
2026-01-22 14:02:34.2557786920	22502	./venv/lib/python3.13/site-packages/pip/_internal/vcs/versioncontrol.py
2026-01-22 14:02:34.2557786920	255	./venv/lib/python3.13/site-packages/pip/_vendor/certifi/__main__.py
2026-01-22 14:02:34.2557786920	303	./venv/lib/python3.13/site-packages/pip/_vendor/cachecontrol/caches/__init__.py
2026-01-22 14:02:34.2557786920	343	./venv/lib/python3.13/site-packages/pip/_vendor/vendor.txt
2026-01-22 14:02:34.2557786920	3455	./venv/lib/python3.13/site-packages/pip/_internal/utils/virtualenv.py
2026-01-22 14:02:34.2557786920	3734	./venv/lib/python3.13/site-packages/pip/_internal/vcs/bazaar.py
2026-01-22 14:02:34.2557786920	4117	./venv/lib/python3.13/site-packages/pip/_vendor/cachecontrol/caches/file_cache.py
2026-01-22 14:02:34.2557786920	4291	./venv/lib/python3.13/site-packages/pip/_vendor/cachecontrol/filewrapper.py
2026-01-22 14:02:34.2557786920	4468	./venv/lib/python3.13/site-packages/pip/_internal/utils/wheel.py
2026-01-22 14:02:34.2557786920	4881	./venv/lib/python3.13/site-packages/pip/_vendor/cachecontrol/heuristics.py
2026-01-22 14:02:34.2557786920	4907	./venv/lib/python3.13/site-packages/pip/_vendor/__init__.py
2026-01-22 14:02:34.2557786920	5163	./venv/lib/python3.13/site-packages/pip/_vendor/cachecontrol/serialize.py
2026-01-22 14:02:34.2557786920	5575	./venv/lib/python3.13/site-packages/pip/_internal/vcs/mercurial.py
2026-01-22 14:02:34.2557786920	558	./venv/lib/python3.13/site-packages/pip/_vendor/cachecontrol/LICENSE.txt
2026-01-22 14:02:34.2557786920	596	./venv/lib/python3.13/site-packages/pip/_internal/vcs/__init__.py
2026-01-22 14:02:34.2557786920	6599	./venv/lib/python3.13/site-packages/pip/_vendor/cachecontrol/adapter.py
2026-01-22 14:02:34.2557786920	677	./venv/lib/python3.13/site-packages/pip/_vendor/cachecontrol/__init__.py
2026-01-22 14:02:34.2557786920	9394	./venv/lib/python3.13/site-packages/pip/_vendor/README.rst
2026-01-22 14:02:34.2557786920	94	./venv/lib/python3.13/site-packages/pip/_vendor/certifi/__init__.py
2026-01-22 14:02:34.2557786920	989	./venv/lib/python3.13/site-packages/pip/_vendor/certifi/LICENSE
2026-01-22 14:02:34.2597786920	0	./venv/lib/python3.13/site-packages/pip/_vendor/certifi/py.typed
2026-01-22 14:02:34.2597786920	0	./venv/lib/python3.13/site-packages/pip/_vendor/dependency_groups/py.typed
2026-01-22 14:02:34.2597786920	1099	./venv/lib/python3.13/site-packages/pip/_vendor/dependency_groups/LICENSE.txt
2026-01-22 14:02:34.2597786920	1709	./venv/lib/python3.13/site-packages/pip/_vendor/dependency_groups/__main__.py
2026-01-22 14:02:34.2597786920	1710	./venv/lib/python3.13/site-packages/pip/_vendor/dependency_groups/_lint_dependency_groups.py
2026-01-22 14:02:34.2597786920	1865	./venv/lib/python3.13/site-packages/pip/_vendor/dependency_groups/_pip_wrapper.py
2026-01-22 14:02:34.2597786920	250	./venv/lib/python3.13/site-packages/pip/_vendor/dependency_groups/__init__.py
2026-01-22 14:02:34.2597786920	285	./venv/lib/python3.13/site-packages/pip/_vendor/dependency_groups/_toml_compat.py
2026-01-22 14:02:34.2597786920	291366	./venv/lib/python3.13/site-packages/pip/_vendor/certifi/cacert.pem
2026-01-22 14:02:34.2597786920	3442	./venv/lib/python3.13/site-packages/pip/_vendor/certifi/core.py
2026-01-22 14:02:34.2597786920	8041	./venv/lib/python3.13/site-packages/pip/_vendor/dependency_groups/_implementation.py
2026-01-22 14:02:34.2637786930	10820	./venv/lib/python3.13/site-packages/pip/_vendor/distlib/resources.py
2026-01-22 14:02:34.2637786930	14531	./venv/lib/python3.13/site-packages/pip/_vendor/distlib/LICENSE.txt
2026-01-22 14:02:34.2637786930	182784	./venv/lib/python3.13/site-packages/pip/_vendor/distlib/t64-arm.exe
2026-01-22 14:02:34.2637786930	18612	./venv/lib/python3.13/site-packages/pip/_vendor/distlib/scripts.py
2026-01-22 14:02:34.2637786930	41467	./venv/lib/python3.13/site-packages/pip/_vendor/distlib/compat.py
2026-01-22 14:02:34.2637786930	625	./venv/lib/python3.13/site-packages/pip/_vendor/distlib/__init__.py
2026-01-22 14:02:34.2637786930	97792	./venv/lib/python3.13/site-packages/pip/_vendor/distlib/t32.exe
2026-01-22 14:02:34.2677786940	108032	./venv/lib/python3.13/site-packages/pip/_vendor/distlib/t64.exe
2026-01-22 14:02:34.2677786940	168448	./venv/lib/python3.13/site-packages/pip/_vendor/distlib/w64-arm.exe
2026-01-22 14:02:34.2677786940	66682	./venv/lib/python3.13/site-packages/pip/_vendor/distlib/util.py
2026-01-22 14:02:34.2677786940	91648	./venv/lib/python3.13/site-packages/pip/_vendor/distlib/w32.exe
2026-01-22 14:02:34.2717786950	0	./venv/lib/python3.13/site-packages/pip/_vendor/distro/py.typed
2026-01-22 14:02:34.2717786950	101888	./venv/lib/python3.13/site-packages/pip/_vendor/distlib/w64.exe
2026-01-22 14:02:34.2717786950	11325	./venv/lib/python3.13/site-packages/pip/_vendor/distro/LICENSE
2026-01-22 14:02:34.2717786950	13239	./venv/lib/python3.13/site-packages/pip/_vendor/idna/core.py
2026-01-22 14:02:34.2717786950	1541	./venv/lib/python3.13/site-packages/pip/_vendor/idna/LICENSE.md
2026-01-22 14:02:34.2717786950	316	./venv/lib/python3.13/site-packages/pip/_vendor/idna/compat.py
2026-01-22 14:02:34.2717786950	3422	./venv/lib/python3.13/site-packages/pip/_vendor/idna/codec.py
2026-01-22 14:02:34.2717786950	49430	./venv/lib/python3.13/site-packages/pip/_vendor/distro/distro.py
2026-01-22 14:02:34.2717786950	64	./venv/lib/python3.13/site-packages/pip/_vendor/distro/__main__.py
2026-01-22 14:02:34.2717786950	868	./venv/lib/python3.13/site-packages/pip/_vendor/idna/__init__.py
2026-01-22 14:02:34.2717786950	981	./venv/lib/python3.13/site-packages/pip/_vendor/distro/__init__.py
2026-01-22 14:02:34.2757786950	0	./venv/lib/python3.13/site-packages/pip/_vendor/idna/py.typed
2026-01-22 14:02:34.2757786950	10174	./venv/lib/python3.13/site-packages/pip/_vendor/packaging/LICENSE.APACHE
2026-01-22 14:02:34.2757786950	10221	./venv/lib/python3.13/site-packages/pip/_vendor/packaging/_parser.py
2026-01-22 14:02:34.2757786950	1081	./venv/lib/python3.13/site-packages/pip/_vendor/msgpack/exceptions.py
2026-01-22 14:02:34.2757786950	1109	./venv/lib/python3.13/site-packages/pip/_vendor/msgpack/__init__.py
2026-01-22 14:02:34.2757786950	12049	./venv/lib/python3.13/site-packages/pip/_vendor/packaging/markers.py
2026-01-22 14:02:34.2757786950	1344	./venv/lib/python3.13/site-packages/pip/_vendor/packaging/LICENSE.BSD
2026-01-22 14:02:34.2757786950	1431	./venv/lib/python3.13/site-packages/pip/_vendor/packaging/_structures.py
2026-01-22 14:02:34.2757786950	1898	./venv/lib/python3.13/site-packages/pip/_vendor/idna/intranges.py
2026-01-22 14:02:34.2757786950	197	./venv/lib/python3.13/site-packages/pip/_vendor/packaging/LICENSE
2026-01-22 14:02:34.2757786950	21	./venv/lib/python3.13/site-packages/pip/_vendor/idna/package_data.py
2026-01-22 14:02:34.2757786950	239289	./venv/lib/python3.13/site-packages/pip/_vendor/idna/uts46data.py
2026-01-22 14:02:34.2757786950	2694	./venv/lib/python3.13/site-packages/pip/_vendor/packaging/_musllinux.py
2026-01-22 14:02:34.2757786950	32390	./venv/lib/python3.13/site-packages/pip/_vendor/msgpack/fallback.py
2026-01-22 14:02:34.2757786950	3286	./venv/lib/python3.13/site-packages/pip/_vendor/packaging/_elffile.py
2026-01-22 14:02:34.2757786950	494	./venv/lib/python3.13/site-packages/pip/_vendor/packaging/__init__.py
2026-01-22 14:02:34.2757786950	5310	./venv/lib/python3.13/site-packages/pip/_vendor/packaging/_tokenizer.py
2026-01-22 14:02:34.2757786950	5726	./venv/lib/python3.13/site-packages/pip/_vendor/msgpack/ext.py
2026-01-22 14:02:34.2757786950	614	./venv/lib/python3.13/site-packages/pip/_vendor/msgpack/COPYING
2026-01-22 14:02:34.2757786950	78306	./venv/lib/python3.13/site-packages/pip/_vendor/idna/idnadata.py
2026-01-22 14:02:34.2757786950	9596	./venv/lib/python3.13/site-packages/pip/_vendor/packaging/_manylinux.py
2026-01-22 14:02:34.2797786960	0	./venv/lib/python3.13/site-packages/pip/_vendor/packaging/py.typed
2026-01-22 14:02:34.2797786960	1023	./venv/lib/python3.13/site-packages/pip/_vendor/pkg_resources/LICENSE
2026-01-22 14:02:34.2797786960	1089	./venv/lib/python3.13/site-packages/pip/_vendor/platformdirs/LICENSE
2026-01-22 14:02:34.2797786960	124451	./venv/lib/python3.13/site-packages/pip/_vendor/pkg_resources/__init__.py
2026-01-22 14:02:34.2797786960	1505	./venv/lib/python3.13/site-packages/pip/_vendor/platformdirs/__main__.py
2026-01-22 14:02:34.2797786960	16688	./venv/lib/python3.13/site-packages/pip/_vendor/packaging/version.py
2026-01-22 14:02:34.2797786960	22344	./venv/lib/python3.13/site-packages/pip/_vendor/platformdirs/__init__.py
2026-01-22 14:02:34.2797786960	22745	./venv/lib/python3.13/site-packages/pip/_vendor/packaging/tags.py
2026-01-22 14:02:34.2797786960	2947	./venv/lib/python3.13/site-packages/pip/_vendor/packaging/requirements.py
2026-01-22 14:02:34.2797786960	34739	./venv/lib/python3.13/site-packages/pip/_vendor/packaging/metadata.py
2026-01-22 14:02:34.2797786960	40079	./venv/lib/python3.13/site-packages/pip/_vendor/packaging/specifiers.py
2026-01-22 14:02:34.2797786960	48398	./venv/lib/python3.13/site-packages/pip/_vendor/packaging/licenses/_spdx.py
2026-01-22 14:02:34.2797786960	5050	./venv/lib/python3.13/site-packages/pip/_vendor/packaging/utils.py
2026-01-22 14:02:34.2797786960	5727	./venv/lib/python3.13/site-packages/pip/_vendor/packaging/licenses/__init__.py
2026-01-22 14:02:34.2837786970	0	./venv/lib/python3.13/site-packages/pip/_vendor/platformdirs/py.typed
2026-01-22 14:02:34.2837786970	10031	./venv/lib/python3.13/site-packages/pip/_vendor/pygments/util.py
2026-01-22 14:02:34.2837786970	1005	./venv/lib/python3.13/site-packages/pip/_vendor/pygments/modeline.py
2026-01-22 14:02:34.2837786970	10125	./venv/lib/python3.13/site-packages/pip/_vendor/platformdirs/windows.py
2026-01-22 14:02:34.2837786970	10458	./venv/lib/python3.13/site-packages/pip/_vendor/platformdirs/unix.py
2026-01-22 14:02:34.2837786970	1331	./venv/lib/python3.13/site-packages/pip/_vendor/pygments/LICENSE
2026-01-22 14:02:34.2837786970	1718	./venv/lib/python3.13/site-packages/pip/_vendor/pygments/console.py
2026-01-22 14:02:34.2837786970	1891	./venv/lib/python3.13/site-packages/pip/_vendor/pygments/plugin.py
2026-01-22 14:02:34.2837786970	1910	./venv/lib/python3.13/site-packages/pip/_vendor/pygments/filter.py
2026-01-22 14:02:34.2837786970	2983	./venv/lib/python3.13/site-packages/pip/_vendor/pygments/__init__.py
2026-01-22 14:02:34.2837786970	3072	./venv/lib/python3.13/site-packages/pip/_vendor/pygments/regexopt.py
2026-01-22 14:02:34.2837786970	3092	./venv/lib/python3.13/site-packages/pip/_vendor/pygments/scanner.py
2026-01-22 14:02:34.2837786970	35349	./venv/lib/python3.13/site-packages/pip/_vendor/pygments/lexer.py
2026-01-22 14:02:34.2837786970	353	./venv/lib/python3.13/site-packages/pip/_vendor/pygments/__main__.py
2026-01-22 14:02:34.2837786970	40392	./venv/lib/python3.13/site-packages/pip/_vendor/pygments/filters/__init__.py
2026-01-22 14:02:34.2837786970	4390	./venv/lib/python3.13/site-packages/pip/_vendor/pygments/formatter.py
2026-01-22 14:02:34.2837786970	5385	./venv/lib/python3.13/site-packages/pip/_vendor/pygments/formatters/__init__.py
2026-01-22 14:02:34.2837786970	6226	./venv/lib/python3.13/site-packages/pip/_vendor/pygments/token.py
2026-01-22 14:02:34.2837786970	63208	./venv/lib/python3.13/site-packages/pip/_vendor/pygments/unistring.py
2026-01-22 14:02:34.2837786970	6322	./venv/lib/python3.13/site-packages/pip/_vendor/platformdirs/macos.py
2026-01-22 14:02:34.2837786970	6420	./venv/lib/python3.13/site-packages/pip/_vendor/pygments/style.py
2026-01-22 14:02:34.2837786970	704	./venv/lib/python3.13/site-packages/pip/_vendor/platformdirs/version.py
2026-01-22 14:02:34.2837786970	7981	./venv/lib/python3.13/site-packages/pip/_vendor/pygments/sphinxext.py
2026-01-22 14:02:34.2837786970	9013	./venv/lib/python3.13/site-packages/pip/_vendor/platformdirs/android.py
2026-01-22 14:02:34.2837786970	9281	./venv/lib/python3.13/site-packages/pip/_vendor/platformdirs/api.py
2026-01-22 14:02:34.2877786970	0	./venv/lib/python3.13/site-packages/pip/_vendor/pyproject_hooks/py.typed
2026-01-22 14:02:34.2877786970	1081	./venv/lib/python3.13/site-packages/pip/_vendor/pyproject_hooks/LICENSE
2026-01-22 14:02:34.2877786970	12115	./venv/lib/python3.13/site-packages/pip/_vendor/pygments/lexers/__init__.py
2026-01-22 14:02:34.2877786970	14936	./venv/lib/python3.13/site-packages/pip/_vendor/pyproject_hooks/_impl.py
2026-01-22 14:02:34.2877786970	2042	./venv/lib/python3.13/site-packages/pip/_vendor/pygments/styles/__init__.py
2026-01-22 14:02:34.2877786970	3312	./venv/lib/python3.13/site-packages/pip/_vendor/pygments/styles/_mapping.py
2026-01-22 14:02:34.2877786970	4176	./venv/lib/python3.13/site-packages/pip/_vendor/pygments/formatters/_mapping.py
2026-01-22 14:02:34.2877786970	53853	./venv/lib/python3.13/site-packages/pip/_vendor/pygments/lexers/python.py
2026-01-22 14:02:34.2877786970	557	./venv/lib/python3.13/site-packages/pip/_vendor/pyproject_hooks/_in_process/__init__.py
2026-01-22 14:02:34.2877786970	691	./venv/lib/python3.13/site-packages/pip/_vendor/pyproject_hooks/__init__.py
2026-01-22 14:02:34.2877786970	77602	./venv/lib/python3.13/site-packages/pip/_vendor/pygments/lexers/_mapping.py
2026-01-22 14:02:34.2917786980	10142	./venv/lib/python3.13/site-packages/pip/_vendor/requests/LICENSE
2026-01-22 14:02:34.2917786980	10186	./venv/lib/python3.13/site-packages/pip/_vendor/requests/auth.py
2026-01-22 14:02:34.2917786980	1057	./venv/lib/python3.13/site-packages/pip/_vendor/requests/packages.py
2026-01-22 14:02:34.2917786980	12216	./venv/lib/python3.13/site-packages/pip/_vendor/pyproject_hooks/_in_process/_in_process.py
2026-01-22 14:02:34.2917786980	1495	./venv/lib/python3.13/site-packages/pip/_vendor/requests/_internal_utils.py
2026-01-22 14:02:34.2917786980	1822	./venv/lib/python3.13/site-packages/pip/_vendor/requests/compat.py
2026-01-22 14:02:34.2917786980	18590	./venv/lib/python3.13/site-packages/pip/_vendor/requests/cookies.py
2026-01-22 14:02:34.2917786980	26429	./venv/lib/python3.13/site-packages/pip/_vendor/requests/adapters.py
2026-01-22 14:02:34.2917786980	2912	./venv/lib/python3.13/site-packages/pip/_vendor/requests/structures.py
2026-01-22 14:02:34.2917786980	30503	./venv/lib/python3.13/site-packages/pip/_vendor/requests/sessions.py
2026-01-22 14:02:34.2917786980	33225	./venv/lib/python3.13/site-packages/pip/_vendor/requests/utils.py
2026-01-22 14:02:34.2917786980	35575	./venv/lib/python3.13/site-packages/pip/_vendor/requests/models.py
2026-01-22 14:02:34.2917786980	3813	./venv/lib/python3.13/site-packages/pip/_vendor/requests/help.py
2026-01-22 14:02:34.2917786980	4272	./venv/lib/python3.13/site-packages/pip/_vendor/requests/exceptions.py
2026-01-22 14:02:34.2917786980	4322	./venv/lib/python3.13/site-packages/pip/_vendor/requests/status_codes.py
2026-01-22 14:02:34.2917786980	435	./venv/lib/python3.13/site-packages/pip/_vendor/requests/__version__.py
2026-01-22 14:02:34.2917786980	441	./venv/lib/python3.13/site-packages/pip/_vendor/requests/certs.py
2026-01-22 14:02:34.2917786980	5057	./venv/lib/python3.13/site-packages/pip/_vendor/requests/__init__.py
2026-01-22 14:02:34.2917786980	541	./venv/lib/python3.13/site-packages/pip/_vendor/resolvelib/__init__.py
2026-01-22 14:02:34.2917786980	6449	./venv/lib/python3.13/site-packages/pip/_vendor/requests/api.py
2026-01-22 14:02:34.2917786980	733	./venv/lib/python3.13/site-packages/pip/_vendor/requests/hooks.py
2026-01-22 14:02:34.2917786980	751	./venv/lib/python3.13/site-packages/pip/_vendor/resolvelib/LICENSE
2026-01-22 14:02:34.2917786980	8914	./venv/lib/python3.13/site-packages/pip/_vendor/resolvelib/providers.py
2026-01-22 14:02:34.2957786990	0	./venv/lib/python3.13/site-packages/pip/_vendor/resolvelib/py.typed
2026-01-22 14:02:34.2957786990	10209	./venv/lib/python3.13/site-packages/pip/_vendor/rich/_cell_widths.py
2026-01-22 14:02:34.2957786990	1056	./venv/lib/python3.13/site-packages/pip/_vendor/rich/LICENSE
2026-01-22 14:02:34.2957786990	1064	./venv/lib/python3.13/site-packages/pip/_vendor/rich/_emoji_replace.py
2026-01-22 14:02:34.2957786990	1236	./venv/lib/python3.13/site-packages/pip/_vendor/rich/_loop.py
2026-01-22 14:02:34.2957786990	1394	./venv/lib/python3.13/site-packages/pip/_vendor/rich/_null_file.py
2026-01-22 14:02:34.2957786990	140235	./venv/lib/python3.13/site-packages/pip/_vendor/rich/_emoji_codes.py
2026-01-22 14:02:34.2957786990	1543	./venv/lib/python3.13/site-packages/pip/_vendor/resolvelib/resolvers/abstract.py
2026-01-22 14:02:34.2957786990	1768	./venv/lib/python3.13/site-packages/pip/_vendor/resolvelib/resolvers/criterion.py
2026-01-22 14:02:34.2957786990	1768	./venv/lib/python3.13/site-packages/pip/_vendor/resolvelib/resolvers/exceptions.py
2026-01-22 14:02:34.2957786990	19919	./venv/lib/python3.13/site-packages/pip/_vendor/rich/_spinners.py
2026-01-22 14:02:34.2957786990	2037	./venv/lib/python3.13/site-packages/pip/_vendor/resolvelib/reporters.py
2026-01-22 14:02:34.2957786990	2128	./venv/lib/python3.13/site-packages/pip/_vendor/rich/_export_format.py
2026-01-22 14:02:34.2957786990	24212	./venv/lib/python3.13/site-packages/pip/_vendor/resolvelib/resolvers/resolution.py
2026-01-22 14:02:34.2957786990	265	./venv/lib/python3.13/site-packages/pip/_vendor/rich/_extension.py
2026-01-22 14:02:34.2957786990	3225	./venv/lib/python3.13/site-packages/pip/_vendor/rich/_log_render.py
2026-01-22 14:02:34.2957786990	351	./venv/lib/python3.13/site-packages/pip/_vendor/rich/_stack.py
2026-01-22 14:02:34.2957786990	417	./venv/lib/python3.13/site-packages/pip/_vendor/rich/_timer.py
2026-01-22 14:02:34.2957786990	423	./venv/lib/python3.13/site-packages/pip/_vendor/rich/_pick.py
2026-01-22 14:02:34.2957786990	5325	./venv/lib/python3.13/site-packages/pip/_vendor/rich/_ratio.py
2026-01-22 14:02:34.2957786990	6090	./venv/lib/python3.13/site-packages/pip/_vendor/rich/__init__.py
2026-01-22 14:02:34.2957786990	640	./venv/lib/python3.13/site-packages/pip/_vendor/resolvelib/resolvers/__init__.py
2026-01-22 14:02:34.2957786990	6420	./venv/lib/python3.13/site-packages/pip/_vendor/resolvelib/structs.py
2026-01-22 14:02:34.2957786990	7063	./venv/lib/python3.13/site-packages/pip/_vendor/rich/_palettes.py
2026-01-22 14:02:34.2957786990	7896	./venv/lib/python3.13/site-packages/pip/_vendor/rich/__main__.py
2026-01-22 14:02:34.2957786990	799	./venv/lib/python3.13/site-packages/pip/_vendor/rich/_fileno.py
2026-01-22 14:02:34.2957786990	9656	./venv/lib/python3.13/site-packages/pip/_vendor/rich/_inspect.py
2026-01-22 14:02:34.2997786990	100849	./venv/lib/python3.13/site-packages/pip/_vendor/rich/console.py
2026-01-22 14:02:34.2997786990	1025	./venv/lib/python3.13/site-packages/pip/_vendor/rich/diagnose.py
2026-01-22 14:02:34.2997786990	10324	./venv/lib/python3.13/site-packages/pip/_vendor/rich/align.py
2026-01-22 14:02:34.2997786990	1054	./venv/lib/python3.13/site-packages/pip/_vendor/rich/color_triplet.py
2026-01-22 14:02:34.2997786990	10686	./venv/lib/python3.13/site-packages/pip/_vendor/rich/box.py
2026-01-22 14:02:34.2997786990	1288	./venv/lib/python3.13/site-packages/pip/_vendor/rich/constrain.py
2026-01-22 14:02:34.2997786990	14004	./venv/lib/python3.13/site-packages/pip/_vendor/rich/layout.py
2026-01-22 14:02:34.2997786990	1683	./venv/lib/python3.13/site-packages/pip/_vendor/rich/file_proxy.py
2026-01-22 14:02:34.2997786990	18211	./venv/lib/python3.13/site-packages/pip/_vendor/rich/color.py
2026-01-22 14:02:34.2997786990	1925	./venv/lib/python3.13/site-packages/pip/_vendor/rich/_windows.py
2026-01-22 14:02:34.2997786990	22755	./venv/lib/python3.13/site-packages/pip/_vendor/rich/_win32_console.py
2026-01-22 14:02:34.2997786990	2367	./venv/lib/python3.13/site-packages/pip/_vendor/rich/emoji.py
2026-01-22 14:02:34.2997786990	2484	./venv/lib/python3.13/site-packages/pip/_vendor/rich/filesize.py
2026-01-22 14:02:34.2997786990	2783	./venv/lib/python3.13/site-packages/pip/_vendor/rich/_windows_renderer.py
2026-01-22 14:02:34.2997786990	3252	./venv/lib/python3.13/site-packages/pip/_vendor/rich/jupyter.py
2026-01-22 14:02:34.2997786990	3263	./venv/lib/python3.13/site-packages/pip/_vendor/rich/bar.py
2026-01-22 14:02:34.2997786990	3404	./venv/lib/python3.13/site-packages/pip/_vendor/rich/_wrap.py
2026-01-22 14:02:34.2997786990	5031	./venv/lib/python3.13/site-packages/pip/_vendor/rich/json.py
2026-01-22 14:02:34.2997786990	5130	./venv/lib/python3.13/site-packages/pip/_vendor/rich/cells.py
2026-01-22 14:02:34.2997786990	5502	./venv/lib/python3.13/site-packages/pip/_vendor/rich/containers.py
2026-01-22 14:02:34.2997786990	642	./venv/lib/python3.13/site-packages/pip/_vendor/rich/errors.py
2026-01-22 14:02:34.2997786990	6487	./venv/lib/python3.13/site-packages/pip/_vendor/rich/control.py
2026-01-22 14:02:34.2997786990	6921	./venv/lib/python3.13/site-packages/pip/_vendor/rich/ansi.py
2026-01-22 14:02:34.2997786990	7131	./venv/lib/python3.13/site-packages/pip/_vendor/rich/columns.py
2026-01-22 14:02:34.2997786990	8257	./venv/lib/python3.13/site-packages/pip/_vendor/rich/default_styles.py
2026-01-22 14:02:34.2997786990	890	./venv/lib/python3.13/site-packages/pip/_vendor/rich/abc.py
2026-01-22 14:02:34.2997786990	9586	./venv/lib/python3.13/site-packages/pip/_vendor/rich/highlighter.py
2026-01-22 14:02:34.3037787000	0	./venv/lib/python3.13/site-packages/pip/_vendor/rich/py.typed
2026-01-22 14:02:34.3037787000	11157	./venv/lib/python3.13/site-packages/pip/_vendor/rich/panel.py
2026-01-22 14:02:34.3037787000	12447	./venv/lib/python3.13/site-packages/pip/_vendor/rich/prompt.py
2026-01-22 14:02:34.3037787000	12468	./venv/lib/python3.13/site-packages/pip/_vendor/rich/logging.py
2026-01-22 14:02:34.3037787000	1391	./venv/lib/python3.13/site-packages/pip/_vendor/rich/protocol.py
2026-01-22 14:02:34.3037787000	15180	./venv/lib/python3.13/site-packages/pip/_vendor/rich/live.py
2026-01-22 14:02:34.3037787000	1591	./venv/lib/python3.13/site-packages/pip/_vendor/rich/screen.py
2026-01-22 14:02:34.3037787000	166	./venv/lib/python3.13/site-packages/pip/_vendor/rich/region.py
2026-01-22 14:02:34.3037787000	24743	./venv/lib/python3.13/site-packages/pip/_vendor/rich/segment.py
2026-01-22 14:02:34.3037787000	2843	./venv/lib/python3.13/site-packages/pip/_vendor/rich/scope.py
2026-01-22 14:02:34.3037787000	3396	./venv/lib/python3.13/site-packages/pip/_vendor/rich/palette.py
2026-01-22 14:02:34.3037787000	3521	./venv/lib/python3.13/site-packages/pip/_vendor/rich/live_render.py
2026-01-22 14:02:34.3037787000	36391	./venv/lib/python3.13/site-packages/pip/_vendor/rich/pretty.py
2026-01-22 14:02:34.3037787000	4431	./venv/lib/python3.13/site-packages/pip/_vendor/rich/repr.py
2026-01-22 14:02:34.3037787000	4602	./venv/lib/python3.13/site-packages/pip/_vendor/rich/rule.py
2026-01-22 14:02:34.3037787000	4908	./venv/lib/python3.13/site-packages/pip/_vendor/rich/padding.py
2026-01-22 14:02:34.3037787000	5305	./venv/lib/python3.13/site-packages/pip/_vendor/rich/measure.py
2026-01-22 14:02:34.3037787000	60408	./venv/lib/python3.13/site-packages/pip/_vendor/rich/progress.py
2026-01-22 14:02:34.3037787000	8162	./venv/lib/python3.13/site-packages/pip/_vendor/rich/progress_bar.py
2026-01-22 14:02:34.3037787000	828	./venv/lib/python3.13/site-packages/pip/_vendor/rich/pager.py
2026-01-22 14:02:34.3037787000	8451	./venv/lib/python3.13/site-packages/pip/_vendor/rich/markup.py
2026-01-22 14:02:34.3077787010	102	./venv/lib/python3.13/site-packages/pip/_vendor/rich/themes.py
2026-01-22 14:02:34.3077787010	1072	./venv/lib/python3.13/site-packages/pip/_vendor/tomli/LICENSE
2026-01-22 14:02:34.3077787010	1072	./venv/lib/python3.13/site-packages/pip/_vendor/tomli_w/LICENSE
2026-01-22 14:02:34.3077787010	1258	./venv/lib/python3.13/site-packages/pip/_vendor/rich/styled.py
2026-01-22 14:02:34.3077787010	169	./venv/lib/python3.13/site-packages/pip/_vendor/tomli_w/__init__.py
2026-01-22 14:02:34.3077787010	254	./venv/lib/python3.13/site-packages/pip/_vendor/tomli/_types.py
2026-01-22 14:02:34.3077787010	25778	./venv/lib/python3.13/site-packages/pip/_vendor/tomli/_parser.py
2026-01-22 14:02:34.3077787010	26990	./venv/lib/python3.13/site-packages/pip/_vendor/rich/style.py
2026-01-22 14:02:34.3077787010	26	./venv/lib/python3.13/site-packages/pip/_vendor/tomli/py.typed
2026-01-22 14:02:34.3077787010	26	./venv/lib/python3.13/site-packages/pip/_vendor/tomli_w/py.typed
2026-01-22 14:02:34.3077787010	314	./venv/lib/python3.13/site-packages/pip/_vendor/tomli/__init__.py
2026-01-22 14:02:34.3077787010	3235	./venv/lib/python3.13/site-packages/pip/_vendor/tomli/_re.py
2026-01-22 14:02:34.3077787010	3370	./venv/lib/python3.13/site-packages/pip/_vendor/rich/terminal_theme.py
2026-01-22 14:02:34.3077787010	35861	./venv/lib/python3.13/site-packages/pip/_vendor/rich/traceback.py
2026-01-22 14:02:34.3077787010	36371	./venv/lib/python3.13/site-packages/pip/_vendor/rich/syntax.py
2026-01-22 14:02:34.3077787010	3771	./venv/lib/python3.13/site-packages/pip/_vendor/rich/theme.py
2026-01-22 14:02:34.3077787010	40049	./venv/lib/python3.13/site-packages/pip/_vendor/rich/table.py
2026-01-22 14:02:34.3077787010	4214	./venv/lib/python3.13/site-packages/pip/_vendor/rich/spinner.py
2026-01-22 14:02:34.3077787010	4424	./venv/lib/python3.13/site-packages/pip/_vendor/rich/status.py
2026-01-22 14:02:34.3077787010	47552	./venv/lib/python3.13/site-packages/pip/_vendor/rich/text.py
2026-01-22 14:02:34.3077787010	6961	./venv/lib/python3.13/site-packages/pip/_vendor/tomli_w/_writer.py
2026-01-22 14:02:34.3077787010	9451	./venv/lib/python3.13/site-packages/pip/_vendor/rich/tree.py
2026-01-22 14:02:34.3117787010	0	./venv/lib/python3.13/site-packages/pip/_vendor/truststore/py.typed
2026-01-22 14:02:34.3117787010	0	./venv/lib/python3.13/site-packages/pip/_vendor/urllib3/contrib/__init__.py
2026-01-22 14:02:34.3117787010	1086	./venv/lib/python3.13/site-packages/pip/_vendor/truststore/LICENSE
2026-01-22 14:02:34.3117787010	11036	./venv/lib/python3.13/site-packages/pip/_vendor/urllib3/contrib/appengine.py
2026-01-22 14:02:34.3117787010	1115	./venv/lib/python3.13/site-packages/pip/_vendor/urllib3/LICENSE.txt
2026-01-22 14:02:34.3117787010	1130	./venv/lib/python3.13/site-packages/pip/_vendor/truststore/_ssl_constants.py
2026-01-22 14:02:34.3117787010	11372	./venv/lib/python3.13/site-packages/pip/_vendor/urllib3/_collections.py
2026-01-22 14:02:34.3117787010	11413	./venv/lib/python3.13/site-packages/pip/_vendor/truststore/_api.py
2026-01-22 14:02:34.3117787010	1320	./venv/lib/python3.13/site-packages/pip/_vendor/truststore/__init__.py
2026-01-22 14:02:34.3117787010	17993	./venv/lib/python3.13/site-packages/pip/_vendor/truststore/_windows.py
2026-01-22 14:02:34.3117787010	19990	./venv/lib/python3.13/site-packages/pip/_vendor/urllib3/poolmanager.py
2026-01-22 14:02:34.3117787010	20314	./venv/lib/python3.13/site-packages/pip/_vendor/urllib3/connection.py
2026-01-22 14:02:34.3117787010	20503	./venv/lib/python3.13/site-packages/pip/_vendor/truststore/_macos.py
2026-01-22 14:02:34.3117787010	2412	./venv/lib/python3.13/site-packages/pip/_vendor/truststore/_openssl.py
2026-01-22 14:02:34.3117787010	2440	./venv/lib/python3.13/site-packages/pip/_vendor/urllib3/filepost.py
2026-01-22 14:02:34.3117787010	30641	./venv/lib/python3.13/site-packages/pip/_vendor/urllib3/response.py
2026-01-22 14:02:34.3117787010	3333	./venv/lib/python3.13/site-packages/pip/_vendor/urllib3/__init__.py
2026-01-22 14:02:34.3117787010	40408	./venv/lib/python3.13/site-packages/pip/_vendor/urllib3/connectionpool.py
2026-01-22 14:02:34.3117787010	4528	./venv/lib/python3.13/site-packages/pip/_vendor/urllib3/contrib/ntlmpool.py
2026-01-22 14:02:34.3117787010	64	./venv/lib/python3.13/site-packages/pip/_vendor/urllib3/_version.py
2026-01-22 14:02:34.3117787010	6691	./venv/lib/python3.13/site-packages/pip/_vendor/urllib3/request.py
2026-01-22 14:02:34.3117787010	8217	./venv/lib/python3.13/site-packages/pip/_vendor/urllib3/exceptions.py
2026-01-22 14:02:34.3117787010	8579	./venv/lib/python3.13/site-packages/pip/_vendor/urllib3/fields.py
2026-01-22 14:02:34.3117787010	957	./venv/lib/python3.13/site-packages/pip/_vendor/urllib3/contrib/_appengine_environ.py
2026-01-22 14:02:34.3157787020	0	./venv/lib/python3.13/site-packages/pip/_vendor/urllib3/contrib/_securetransport/__init__.py
2026-01-22 14:02:34.3157787020	0	./venv/lib/python3.13/site-packages/pip/_vendor/urllib3/packages/backports/__init__.py
2026-01-22 14:02:34.3157787020	0	./venv/lib/python3.13/site-packages/pip/_vendor/urllib3/packages/__init__.py
2026-01-22 14:02:34.3157787020	10168	./venv/lib/python3.13/site-packages/pip/_vendor/urllib3/util/timeout.py
2026-01-22 14:02:34.3157787020	1093	./venv/lib/python3.13/site-packages/pip-25.3.dist-info/licenses/LICENSE.txt
2026-01-22 14:02:34.3157787020	11503	./venv/lib/python3.13/site-packages/pip-25.3.dist-info/licenses/AUTHORS.txt
2026-01-22 14:02:34.3157787020	1155	./venv/lib/python3.13/site-packages/pip/_vendor/urllib3/util/__init__.py
2026-01-22 14:02:34.3157787020	13922	./venv/lib/python3.13/site-packages/pip/_vendor/urllib3/contrib/_securetransport/low_level.py
2026-01-22 14:02:34.3157787020	1417	./venv/lib/python3.13/site-packages/pip/_vendor/urllib3/packages/backports/makefile.py
2026-01-22 14:02:34.3157787020	14296	./venv/lib/python3.13/site-packages/pip/_vendor/urllib3/util/url.py
2026-01-22 14:02:34.3157787020	1605	./venv/lib/python3.13/site-packages/pip/_vendor/urllib3/util/proxy.py
2026-01-22 14:02:34.3157787020	17081	./venv/lib/python3.13/site-packages/pip/_vendor/urllib3/contrib/pyopenssl.py
2026-01-22 14:02:34.3157787020	17460	./venv/lib/python3.13/site-packages/pip/_vendor/urllib3/util/ssl_.py
2026-01-22 14:02:34.3157787020	17632	./venv/lib/python3.13/site-packages/pip/_vendor/urllib3/contrib/_securetransport/bindings.py
2026-01-22 14:02:34.3157787020	22050	./venv/lib/python3.13/site-packages/pip/_vendor/urllib3/util/retry.py
2026-01-22 14:02:34.3157787020	34446	./venv/lib/python3.13/site-packages/pip/_vendor/urllib3/contrib/securetransport.py
2026-01-22 14:02:34.3157787020	34665	./venv/lib/python3.13/site-packages/pip/_vendor/urllib3/packages/six.py
2026-01-22 14:02:34.3157787020	3510	./venv/lib/python3.13/site-packages/pip/_vendor/urllib3/util/response.py
2026-01-22 14:02:34.3157787020	3997	./venv/lib/python3.13/site-packages/pip/_vendor/urllib3/util/request.py
2026-01-22 14:02:34.3157787020	4901	./venv/lib/python3.13/site-packages/pip/_vendor/urllib3/util/connection.py
2026-01-22 14:02:34.3157787020	498	./venv/lib/python3.13/site-packages/pip/_vendor/urllib3/util/queue.py
2026-01-22 14:02:34.3157787020	5343	./venv/lib/python3.13/site-packages/pip/_vendor/urllib3/packages/backports/weakref_finalize.py
2026-01-22 14:02:34.3157787020	5403	./venv/lib/python3.13/site-packages/pip/_vendor/urllib3/util/wait.py
2026-01-22 14:02:34.3157787020	558	./venv/lib/python3.13/site-packages/pip-25.3.dist-info/licenses/src/pip/_vendor/cachecontrol/LICENSE.txt
2026-01-22 14:02:34.3157787020	5758	./venv/lib/python3.13/site-packages/pip/_vendor/urllib3/util/ssl_match_hostname.py
2026-01-22 14:02:34.3157787020	6895	./venv/lib/python3.13/site-packages/pip/_vendor/urllib3/util/ssltransport.py
2026-01-22 14:02:34.3157787020	7097	./venv/lib/python3.13/site-packages/pip/_vendor/urllib3/contrib/socks.py
2026-01-22 14:02:34.3157787020	84	./venv/lib/python3.13/site-packages/pip-25.3.dist-info/entry_points.txt
2026-01-22 14:02:34.3197787030	10142	./venv/lib/python3.13/site-packages/pip-25.3.dist-info/licenses/src/pip/_vendor/requests/LICENSE
2026-01-22 14:02:34.3197787030	10174	./venv/lib/python3.13/site-packages/pip-25.3.dist-info/licenses/src/pip/_vendor/packaging/LICENSE.APACHE
2026-01-22 14:02:34.3197787030	1023	./venv/lib/python3.13/site-packages/pip-25.3.dist-info/licenses/src/pip/_vendor/pkg_resources/LICENSE
2026-01-22 14:02:34.3197787030	1056	./venv/lib/python3.13/site-packages/pip-25.3.dist-info/licenses/src/pip/_vendor/rich/LICENSE
2026-01-22 14:02:34.3197787030	1072	./venv/lib/python3.13/site-packages/pip-25.3.dist-info/licenses/src/pip/_vendor/tomli/LICENSE
2026-01-22 14:02:34.3197787030	1072	./venv/lib/python3.13/site-packages/pip-25.3.dist-info/licenses/src/pip/_vendor/tomli_w/LICENSE
2026-01-22 14:02:34.3197787030	1081	./venv/lib/python3.13/site-packages/pip-25.3.dist-info/licenses/src/pip/_vendor/pyproject_hooks/LICENSE
2026-01-22 14:02:34.3197787030	1089	./venv/lib/python3.13/site-packages/pip-25.3.dist-info/licenses/src/pip/_vendor/platformdirs/LICENSE
2026-01-22 14:02:34.3197787030	1099	./venv/lib/python3.13/site-packages/pip-25.3.dist-info/licenses/src/pip/_vendor/dependency_groups/LICENSE.txt
2026-01-22 14:02:34.3197787030	11325	./venv/lib/python3.13/site-packages/pip-25.3.dist-info/licenses/src/pip/_vendor/distro/LICENSE
2026-01-22 14:02:34.3197787030	1331	./venv/lib/python3.13/site-packages/pip-25.3.dist-info/licenses/src/pip/_vendor/pygments/LICENSE
2026-01-22 14:02:34.3197787030	1344	./venv/lib/python3.13/site-packages/pip-25.3.dist-info/licenses/src/pip/_vendor/packaging/LICENSE.BSD
2026-01-22 14:02:34.3197787030	14531	./venv/lib/python3.13/site-packages/pip-25.3.dist-info/licenses/src/pip/_vendor/distlib/LICENSE.txt
2026-01-22 14:02:34.3197787030	1541	./venv/lib/python3.13/site-packages/pip-25.3.dist-info/licenses/src/pip/_vendor/idna/LICENSE.md
2026-01-22 14:02:34.3197787030	197	./venv/lib/python3.13/site-packages/pip-25.3.dist-info/licenses/src/pip/_vendor/packaging/LICENSE
2026-01-22 14:02:34.3197787030	614	./venv/lib/python3.13/site-packages/pip-25.3.dist-info/licenses/src/pip/_vendor/msgpack/COPYING
2026-01-22 14:02:34.3197787030	751	./venv/lib/python3.13/site-packages/pip-25.3.dist-info/licenses/src/pip/_vendor/resolvelib/LICENSE
2026-01-22 14:02:34.3197787030	989	./venv/lib/python3.13/site-packages/pip-25.3.dist-info/licenses/src/pip/_vendor/certifi/LICENSE
2026-01-22 14:02:34.3237787040	1086	./venv/lib/python3.13/site-packages/pip-25.3.dist-info/licenses/src/pip/_vendor/truststore/LICENSE
2026-01-22 14:02:34.3237787040	1115	./venv/lib/python3.13/site-packages/pip-25.3.dist-info/licenses/src/pip/_vendor/urllib3/LICENSE.txt
2026-01-22 14:02:34.3237787040	4672	./venv/lib/python3.13/site-packages/pip-25.3.dist-info/METADATA
2026-01-22 14:02:34.3237787040	82	./venv/lib/python3.13/site-packages/pip-25.3.dist-info/WHEEL
2026-01-22 14:02:35.6397789320	254	./venv/bin/pip
2026-01-22 14:02:35.6397789320	254	./venv/bin/pip3
2026-01-22 14:02:35.6397789320	254	./venv/bin/pip3.13
2026-01-22 14:02:35.6397789320	4	./venv/lib/python3.13/site-packages/pip-25.3.dist-info/INSTALLER
2026-01-22 14:02:35.6557789350	0	./venv/lib/python3.13/site-packages/pip-25.3.dist-info/REQUESTED
2026-01-22 14:02:35.6637789360	68249	./venv/lib/python3.13/site-packages/pip-25.3.dist-info/RECORD
2026-01-22 14:02:46.4917808080	6979	./venv/lib/python3.13/site-packages/urllib3/__init__.py
2026-01-22 14:02:46.4957808090	0	./venv/lib/python3.13/site-packages/urllib3/contrib/__init__.py
2026-01-22 14:02:46.4957808090	10829	./venv/lib/python3.13/site-packages/urllib3/fields.py
2026-01-22 14:02:46.4957808090	17595	./venv/lib/python3.13/site-packages/urllib3/_collections.py
2026-01-22 14:02:46.4957808090	19724	./venv/lib/python3.13/site-packages/urllib3/contrib/pyopenssl.py
2026-01-22 14:02:46.4957808090	23811	./venv/lib/python3.13/site-packages/urllib3/poolmanager.py
2026-01-22 14:02:46.4957808090	2388	./venv/lib/python3.13/site-packages/urllib3/filepost.py
2026-01-22 14:02:46.4957808090	42800	./venv/lib/python3.13/site-packages/urllib3/connection.py
2026-01-22 14:02:46.4957808090	43371	./venv/lib/python3.13/site-packages/urllib3/connectionpool.py
2026-01-22 14:02:46.4957808090	52931	./venv/lib/python3.13/site-packages/urllib3/response.py
2026-01-22 14:02:46.4957808090	5568	./venv/lib/python3.13/site-packages/urllib3/_base_connection.py
2026-01-22 14:02:46.4957808090	704	./venv/lib/python3.13/site-packages/urllib3/_version.py
2026-01-22 14:02:46.4957808090	7547	./venv/lib/python3.13/site-packages/urllib3/contrib/socks.py
2026-01-22 14:02:46.4957808090	836	./venv/lib/python3.13/site-packages/urllib3/contrib/emscripten/__init__.py
2026-01-22 14:02:46.4957808090	93	./venv/lib/python3.13/site-packages/urllib3/py.typed
2026-01-22 14:02:46.4957808090	9931	./venv/lib/python3.13/site-packages/urllib3/_request_methods.py
2026-01-22 14:02:46.4957808090	9952	./venv/lib/python3.13/site-packages/urllib3/exceptions.py
2026-01-22 14:02:46.4997808090	1001	./venv/lib/python3.13/site-packages/urllib3/util/__init__.py
2026-01-22 14:02:46.4997808090	10346	./venv/lib/python3.13/site-packages/urllib3/util/timeout.py
2026-01-22 14:02:46.4997808090	1146	./venv/lib/python3.13/site-packages/urllib3/util/util.py
2026-01-22 14:02:46.4997808090	1148	./venv/lib/python3.13/site-packages/urllib3/util/proxy.py
2026-01-22 14:02:46.4997808090	12578	./venv/lib/python3.13/site-packages/urllib3/http2/connection.py
2026-01-22 14:02:46.4997808090	15205	./venv/lib/python3.13/site-packages/urllib3/util/url.py
2026-01-22 14:02:46.4997808090	1741	./venv/lib/python3.13/site-packages/urllib3/http2/__init__.py
2026-01-22 14:02:46.4997808090	19235	./venv/lib/python3.13/site-packages/urllib3/util/retry.py
2026-01-22 14:02:46.4997808090	19929	./venv/lib/python3.13/site-packages/urllib3/util/ssl_.py
2026-01-22 14:02:46.4997808090	23520	./venv/lib/python3.13/site-packages/urllib3/contrib/emscripten/fetch.py
2026-01-22 14:02:46.4997808090	3014	./venv/lib/python3.13/site-packages/urllib3/http2/probe.py
2026-01-22 14:02:46.4997808090	3374	./venv/lib/python3.13/site-packages/urllib3/util/response.py
2026-01-22 14:02:46.4997808090	3677	./venv/lib/python3.13/site-packages/urllib3/contrib/emscripten/emscripten_fetch_worker.js
2026-01-22 14:02:46.4997808090	4444	./venv/lib/python3.13/site-packages/urllib3/util/connection.py
2026-01-22 14:02:46.4997808090	566	./venv/lib/python3.13/site-packages/urllib3/contrib/emscripten/request.py
2026-01-22 14:02:46.4997808090	5845	./venv/lib/python3.13/site-packages/urllib3/util/ssl_match_hostname.py
2026-01-22 14:02:46.4997808090	8363	./venv/lib/python3.13/site-packages/urllib3/util/request.py
2026-01-22 14:02:46.4997808090	8847	./venv/lib/python3.13/site-packages/urllib3/util/ssltransport.py
2026-01-22 14:02:46.4997808090	8960	./venv/lib/python3.13/site-packages/urllib3/contrib/emscripten/connection.py
2026-01-22 14:02:46.4997808090	9507	./venv/lib/python3.13/site-packages/urllib3/contrib/emscripten/response.py
2026-01-22 14:02:46.5037808100	1093	./venv/lib/python3.13/site-packages/urllib3-2.6.3.dist-info/licenses/LICENSE.txt
2026-01-22 14:02:46.5037808100	4423	./venv/lib/python3.13/site-packages/urllib3/util/wait.py
2026-01-22 14:02:46.5037808100	6901	./venv/lib/python3.13/site-packages/urllib3-2.6.3.dist-info/METADATA
2026-01-22 14:02:46.5037808100	87	./venv/lib/python3.13/site-packages/urllib3-2.6.3.dist-info/WHEEL
2026-01-22 14:02:46.6317808320	4	./venv/lib/python3.13/site-packages/urllib3-2.6.3.dist-info/INSTALLER
2026-01-22 14:02:46.6397808340	5527	./venv/lib/python3.13/site-packages/urllib3-2.6.3.dist-info/RECORD
2026-01-22 14:02:46.6477808350	0	./venv/lib/python3.13/site-packages/idna/py.typed
2026-01-22 14:02:46.6477808350	13246	./venv/lib/python3.13/site-packages/idna/core.py
2026-01-22 14:02:46.6477808350	1541	./venv/lib/python3.13/site-packages/idna-3.11.dist-info/licenses/LICENSE.md
2026-01-22 14:02:46.6477808350	1898	./venv/lib/python3.13/site-packages/idna/intranges.py
2026-01-22 14:02:46.6477808350	21	./venv/lib/python3.13/site-packages/idna/package_data.py
2026-01-22 14:02:46.6477808350	243725	./venv/lib/python3.13/site-packages/idna/uts46data.py
2026-01-22 14:02:46.6477808350	316	./venv/lib/python3.13/site-packages/idna/compat.py
2026-01-22 14:02:46.6477808350	3438	./venv/lib/python3.13/site-packages/idna/codec.py
2026-01-22 14:02:46.6477808350	79623	./venv/lib/python3.13/site-packages/idna/idnadata.py
2026-01-22 14:02:46.6477808350	82	./venv/lib/python3.13/site-packages/idna-3.11.dist-info/WHEEL
2026-01-22 14:02:46.6477808350	868	./venv/lib/python3.13/site-packages/idna/__init__.py
2026-01-22 14:02:46.6517808360	8378	./venv/lib/python3.13/site-packages/idna-3.11.dist-info/METADATA
2026-01-22 14:02:46.7757808570	4	./venv/lib/python3.13/site-packages/idna-3.11.dist-info/INSTALLER
2026-01-22 14:02:46.7837808580	1392	./venv/lib/python3.13/site-packages/idna-3.11.dist-info/RECORD
2026-01-22 14:02:46.7877808590	1590	./venv/lib/python3.13/site-packages/charset_normalizer/__init__.py
2026-01-22 14:02:46.7917808600	109	./venv/lib/python3.13/site-packages/charset_normalizer/__main__.py
2026-01-22 14:02:46.7917808600	12522	./venv/lib/python3.13/site-packages/charset_normalizer/cd.py
2026-01-22 14:02:46.7917808600	201304	./venv/lib/python3.13/site-packages/charset_normalizer/md.cpython-313-aarch64-linux-gnu.so
2026-01-22 14:02:46.7917808600	20145	./venv/lib/python3.13/site-packages/charset_normalizer/md.py
2026-01-22 14:02:46.7917808600	22668	./venv/lib/python3.13/site-packages/charset_normalizer/api.py
2026-01-22 14:02:46.7917808600	2731	./venv/lib/python3.13/site-packages/charset_normalizer/legacy.py
2026-01-22 14:02:46.7917808600	42713	./venv/lib/python3.13/site-packages/charset_normalizer/constant.py
2026-01-22 14:02:46.7957808600	0	./venv/lib/python3.13/site-packages/charset_normalizer/py.typed
2026-01-22 14:02:46.7957808600	1071	./venv/lib/python3.13/site-packages/charset_normalizer-3.4.4.dist-info/licenses/LICENSE
2026-01-22 14:02:46.7957808600	115	./venv/lib/python3.13/site-packages/charset_normalizer/version.py
2026-01-22 14:02:46.7957808600	12170	./venv/lib/python3.13/site-packages/charset_normalizer/utils.py
2026-01-22 14:02:46.7957808600	12394	./venv/lib/python3.13/site-packages/charset_normalizer/models.py
2026-01-22 14:02:46.7957808600	12646	./venv/lib/python3.13/site-packages/charset_normalizer/cli/__main__.py
2026-01-22 14:02:46.7957808600	136	./venv/lib/python3.13/site-packages/charset_normalizer/cli/__init__.py
2026-01-22 14:02:46.7957808600	193	./venv/lib/python3.13/site-packages/charset_normalizer-3.4.4.dist-info/WHEEL
2026-01-22 14:02:46.7957808600	19	./venv/lib/python3.13/site-packages/charset_normalizer-3.4.4.dist-info/top_level.txt
2026-01-22 14:02:46.7957808600	324376	./venv/lib/python3.13/site-packages/charset_normalizer/md__mypyc.cpython-313-aarch64-linux-gnu.so
2026-01-22 14:02:46.7957808600	37303	./venv/lib/python3.13/site-packages/charset_normalizer-3.4.4.dist-info/METADATA
2026-01-22 14:02:46.7957808600	65	./venv/lib/python3.13/site-packages/charset_normalizer-3.4.4.dist-info/entry_points.txt
2026-01-22 14:02:46.8397808680	239	./venv/bin/normalizer
2026-01-22 14:02:46.8397808680	4	./venv/lib/python3.13/site-packages/charset_normalizer-3.4.4.dist-info/INSTALLER
2026-01-22 14:02:46.8437808690	2794	./venv/lib/python3.13/site-packages/charset_normalizer-3.4.4.dist-info/RECORD
2026-01-22 14:02:46.8517808700	243	./venv/lib/python3.13/site-packages/certifi/__main__.py
2026-01-22 14:02:46.8517808700	270954	./venv/lib/python3.13/site-packages/certifi/cacert.pem
2026-01-22 14:02:46.8517808700	94	./venv/lib/python3.13/site-packages/certifi/__init__.py
2026-01-22 14:02:46.8557808710	0	./venv/lib/python3.13/site-packages/certifi/py.typed
2026-01-22 14:02:46.8557808710	2473	./venv/lib/python3.13/site-packages/certifi-2026.1.4.dist-info/METADATA
2026-01-22 14:02:46.8557808710	3394	./venv/lib/python3.13/site-packages/certifi/core.py
2026-01-22 14:02:46.8557808710	8	./venv/lib/python3.13/site-packages/certifi-2026.1.4.dist-info/top_level.txt
2026-01-22 14:02:46.8557808710	91	./venv/lib/python3.13/site-packages/certifi-2026.1.4.dist-info/WHEEL
2026-01-22 14:02:46.8557808710	989	./venv/lib/python3.13/site-packages/certifi-2026.1.4.dist-info/licenses/LICENSE
2026-01-22 14:02:46.8597808710	4	./venv/lib/python3.13/site-packages/certifi-2026.1.4.dist-info/INSTALLER
2026-01-22 14:02:46.8637808720	1017	./venv/lib/python3.13/site-packages/certifi-2026.1.4.dist-info/RECORD
2026-01-22 14:02:46.8677808730	10186	./venv/lib/python3.13/site-packages/requests/auth.py
2026-01-22 14:02:46.8677808730	1495	./venv/lib/python3.13/site-packages/requests/_internal_utils.py
2026-01-22 14:02:46.8677808730	2142	./venv/lib/python3.13/site-packages/requests/compat.py
2026-01-22 14:02:46.8677808730	26285	./venv/lib/python3.13/site-packages/requests/adapters.py
2026-01-22 14:02:46.8677808730	429	./venv/lib/python3.13/site-packages/requests/certs.py
2026-01-22 14:02:46.8677808730	435	./venv/lib/python3.13/site-packages/requests/__version__.py
2026-01-22 14:02:46.8677808730	5072	./venv/lib/python3.13/site-packages/requests/__init__.py
2026-01-22 14:02:46.8677808730	6449	./venv/lib/python3.13/site-packages/requests/api.py
2026-01-22 14:02:46.8717808730	10142	./venv/lib/python3.13/site-packages/requests-2.32.5.dist-info/licenses/LICENSE
2026-01-22 14:02:46.8717808730	18590	./venv/lib/python3.13/site-packages/requests/cookies.py
2026-01-22 14:02:46.8717808730	2912	./venv/lib/python3.13/site-packages/requests/structures.py
2026-01-22 14:02:46.8717808730	30503	./venv/lib/python3.13/site-packages/requests/sessions.py
2026-01-22 14:02:46.8717808730	33213	./venv/lib/python3.13/site-packages/requests/utils.py
2026-01-22 14:02:46.8717808730	35510	./venv/lib/python3.13/site-packages/requests/models.py
2026-01-22 14:02:46.8717808730	3875	./venv/lib/python3.13/site-packages/requests/help.py
2026-01-22 14:02:46.8717808730	4260	./venv/lib/python3.13/site-packages/requests/exceptions.py
2026-01-22 14:02:46.8717808730	4322	./venv/lib/python3.13/site-packages/requests/status_codes.py
2026-01-22 14:02:46.8717808730	4945	./venv/lib/python3.13/site-packages/requests-2.32.5.dist-info/METADATA
2026-01-22 14:02:46.8717808730	733	./venv/lib/python3.13/site-packages/requests/hooks.py
2026-01-22 14:02:46.8717808730	904	./venv/lib/python3.13/site-packages/requests/packages.py
2026-01-22 14:02:46.8717808730	91	./venv/lib/python3.13/site-packages/requests-2.32.5.dist-info/WHEEL
2026-01-22 14:02:46.8717808730	9	./venv/lib/python3.13/site-packages/requests-2.32.5.dist-info/top_level.txt
2026-01-22 14:02:46.9237808820	4	./venv/lib/python3.13/site-packages/requests-2.32.5.dist-info/INSTALLER
2026-01-22 14:02:46.9277808830	0	./venv/lib/python3.13/site-packages/requests-2.32.5.dist-info/REQUESTED
2026-01-22 14:02:46.9277808830	2860	./venv/lib/python3.13/site-packages/requests-2.32.5.dist-info/RECORD
2026-01-22 18:10:20.7590783310	30165	./ma_notables_upgrade_pack/ma_notables_pipeline.py
2026-01-22 18:10:20.7590783310	3314	./ma_notables_upgrade_pack/collections.schema.json
2026-01-22 18:10:20.7590783310	4394	./ma_notables_upgrade_pack/collections.upgraded.json
2026-01-22 18:10:20.7630784100	17	./ma_notables_upgrade_pack/requirements-ma-notables.txt
2026-01-22 19:19:12.0000000000	17	./ma_notables_upgrade_pack/requirements.txt
2026-01-22 19:19:12.0000000000	960	./ma_notables_upgrade_pack/README.md
2026-01-23 09:47:20.9414176510	0	./ma_notables_upgrade_pack/out/runs/2026-01-23T144456Z/rejected_outside_window.jsonl
2026-01-23 09:47:21.0654177850	2731485	./ma_notables_upgrade_pack/out/runs/2026-01-23T144456Z/master_ma_1600_1799.jsonl
2026-01-23 09:47:21.0894178110	1085754	./ma_notables_upgrade_pack/out/runs/2026-01-23T144456Z/collections/colonial_massachusetts.jsonl
2026-01-23 09:47:21.0974178190	489080	./ma_notables_upgrade_pack/out/runs/2026-01-23T144456Z/collections/colonial_boston.jsonl
2026-01-23 09:47:21.1014178240	132613	./ma_notables_upgrade_pack/out/runs/2026-01-23T144456Z/collections/mayflower_passengers.jsonl
2026-01-23 09:47:21.1014178240	220609	./ma_notables_upgrade_pack/out/runs/2026-01-23T144456Z/collections/plymouth_colony.jsonl
2026-01-23 09:47:21.1054178280	182136	./ma_notables_upgrade_pack/out/runs/2026-01-23T144456Z/collections/salem_witch_trials.jsonl
2026-01-23 09:47:21.1094178320	110072	./ma_notables_upgrade_pack/out/runs/2026-01-23T144456Z/collections/king_philips_war.jsonl
2026-01-23 09:47:21.1094178320	95114	./ma_notables_upgrade_pack/out/runs/2026-01-23T144456Z/collections/french_indian_war_ma.jsonl
2026-01-23 09:47:21.1174178410	340528	./ma_notables_upgrade_pack/out/runs/2026-01-23T144456Z/collections/boston_massacre.jsonl
2026-01-23 09:47:21.1214178450	278461	./ma_notables_upgrade_pack/out/runs/2026-01-23T144456Z/collections/boston_tea_party.jsonl
2026-01-23 09:47:21.1334178580	0	./ma_notables_upgrade_pack/out/runs/2026-01-23T144456Z/collections/shays_rebellion.jsonl
2026-01-23 09:47:21.1334178580	693491	./ma_notables_upgrade_pack/out/runs/2026-01-23T144456Z/collections/american_revolution_ma.jsonl
2026-01-23 09:47:21.1374178620	158006	./ma_notables_upgrade_pack/out/runs/2026-01-23T144456Z/collections/seventeenth_century_ma.jsonl
2026-01-23 09:47:21.1534178800	857726	./ma_notables_upgrade_pack/out/runs/2026-01-23T144456Z/collections/eighteenth_century_ma.jsonl
2026-01-23 09:47:21.1574178840	114	./ma_notables_upgrade_pack/out/runs/2026-01-23T144456Z/rejected_no_qid.jsonl
2026-01-23 09:47:21.1574178840	253750	./ma_notables_upgrade_pack/out/runs/2026-01-23T144456Z/rejected_nonhuman.jsonl
2026-01-23 09:47:21.1574178840	6426	./ma_notables_upgrade_pack/out/runs/2026-01-23T144456Z/manifest.json
2026-01-23 09:47:21.1574178840	6621	./ma_notables_upgrade_pack/out/runs/2026-01-23T144456Z/qa_report.json
2026-01-23 11:21:40.8896298570	302399	./ma_notables_upgrade_pack/out/collections/boston_tea_party.jsonl
2026-01-23 11:21:40.8976299310	109603	./ma_notables_upgrade_pack/out/collections/king_philips_war.jsonl
2026-01-23 11:21:40.8976299310	319597	./ma_notables_upgrade_pack/out/collections/boston_massacre.jsonl
2026-01-23 11:21:40.9016299670	88958	./ma_notables_upgrade_pack/out/collections/shays_rebellion.jsonl
2026-01-23 11:23:50.6267053220	0	./ma_notables_upgrade_pack/out/rejected_no_qid.jsonl
2026-01-23 11:23:50.6307053520	0	./ma_notables_upgrade_pack/out/rejected_outside_window.jsonl
2026-01-23 11:23:50.7627063360	2470280	./ma_notables_upgrade_pack/out/master_ma_1600_1799.jsonl
2026-01-23 11:23:50.7947065750	1108805	./ma_notables_upgrade_pack/out/collections/colonial_massachusetts.jsonl
2026-01-23 11:23:50.8067066640	514269	./ma_notables_upgrade_pack/out/collections/colonial_boston.jsonl
2026-01-23 11:23:50.8147067240	218701	./ma_notables_upgrade_pack/out/collections/plymouth_colony.jsonl
2026-01-23 11:23:50.8187067540	134560	./ma_notables_upgrade_pack/out/collections/mayflower_passengers.jsonl
2026-01-23 11:23:50.8227067840	190771	./ma_notables_upgrade_pack/out/collections/salem_witch_trials.jsonl
2026-01-23 11:23:50.8267068130	101595	./ma_notables_upgrade_pack/out/collections/french_indian_war_ma.jsonl
2026-01-23 11:23:50.8467069620	717341	./ma_notables_upgrade_pack/out/collections/american_revolution_ma.jsonl
2026-01-23 11:23:50.8507069920	155241	./ma_notables_upgrade_pack/out/collections/seventeenth_century_ma.jsonl
2026-01-23 11:23:50.8707071410	884840	./ma_notables_upgrade_pack/out/collections/eighteenth_century_ma.jsonl
2026-01-23 11:23:50.8747071710	24246	./ma_notables_upgrade_pack/out/rejected_nonhuman.jsonl
2026-01-23 11:23:50.8747071710	4675	./ma_notables_upgrade_pack/out/manifest.json
2026-01-23 11:23:50.8747071710	4925	./ma_notables_upgrade_pack/out/qa_report.json
2026-01-23 11:24:20.9309258650	2591	./inventories/ma_notables_inventory_20260123_112420.txt
2026-01-23 11:34:40.5778437570	30165	./ma_notables_pipeline.py
2026-01-23 11:35:51.5380558810	0	./out/runs/2026-01-23T163504Z/rejected_no_qid.jsonl
2026-01-23 11:35:51.5380558810	0	./out/runs/2026-01-23T163504Z/rejected_outside_window.jsonl
2026-01-23 11:35:51.6140561000	2470280	./out/runs/2026-01-23T163504Z/master_ma_1600_1799.jsonl
2026-01-23 11:35:51.6380561690	1108805	./out/runs/2026-01-23T163504Z/collections/colonial_massachusetts.jsonl
2026-01-23 11:35:51.6460561920	514269	./out/runs/2026-01-23T163504Z/collections/colonial_boston.jsonl
2026-01-23 11:35:51.6540562150	134560	./out/runs/2026-01-23T163504Z/collections/mayflower_passengers.jsonl
2026-01-23 11:35:51.6540562150	218701	./out/runs/2026-01-23T163504Z/collections/plymouth_colony.jsonl
2026-01-23 11:35:51.6580562270	190771	./out/runs/2026-01-23T163504Z/collections/salem_witch_trials.jsonl
2026-01-23 11:35:51.6620562380	101595	./out/runs/2026-01-23T163504Z/collections/french_indian_war_ma.jsonl
2026-01-23 11:35:51.6740562730	717341	./out/runs/2026-01-23T163504Z/collections/american_revolution_ma.jsonl
2026-01-23 11:35:51.6780562850	155241	./out/runs/2026-01-23T163504Z/collections/seventeenth_century_ma.jsonl
2026-01-23 11:35:51.6940563310	24246	./out/runs/2026-01-23T163504Z/rejected_nonhuman.jsonl
2026-01-23 11:35:51.6940563310	4675	./out/runs/2026-01-23T163504Z/manifest.json
2026-01-23 11:35:51.6940563310	4925	./out/runs/2026-01-23T163504Z/qa_report.json
2026-01-23 11:35:51.6940563310	884840	./out/runs/2026-01-23T163504Z/collections/eighteenth_century_ma.jsonl
2026-01-23 11:50:20.8688088330	0	./out/runs/2026-01-23T164934Z/rejected_no_qid.jsonl
2026-01-23 11:50:20.8688088330	0	./out/runs/2026-01-23T164934Z/rejected_outside_window.jsonl
2026-01-23 11:50:20.9728068350	2470280	./out/runs/2026-01-23T164934Z/master_ma_1600_1799.jsonl
2026-01-23 11:50:20.9928064510	1108805	./out/runs/2026-01-23T164934Z/collections/colonial_massachusetts.jsonl
2026-01-23 11:50:21.0008062980	514269	./out/runs/2026-01-23T164934Z/collections/colonial_boston.jsonl
2026-01-23 11:50:21.0048062210	218701	./out/runs/2026-01-23T164934Z/collections/plymouth_colony.jsonl
2026-01-23 11:50:21.0088061440	134560	./out/runs/2026-01-23T164934Z/collections/mayflower_passengers.jsonl
2026-01-23 11:50:21.0128060680	101595	./out/runs/2026-01-23T164934Z/collections/french_indian_war_ma.jsonl
2026-01-23 11:50:21.0128060680	190771	./out/runs/2026-01-23T164934Z/collections/salem_witch_trials.jsonl
2026-01-23 11:50:21.0288057610	155241	./out/runs/2026-01-23T164934Z/collections/seventeenth_century_ma.jsonl
2026-01-23 11:50:21.0288057610	717341	./out/runs/2026-01-23T164934Z/collections/american_revolution_ma.jsonl
2026-01-23 11:50:21.0488053780	24246	./out/runs/2026-01-23T164934Z/rejected_nonhuman.jsonl
2026-01-23 11:50:21.0488053780	4675	./out/runs/2026-01-23T164934Z/manifest.json
2026-01-23 11:50:21.0488053780	4925	./out/runs/2026-01-23T164934Z/qa_report.json
2026-01-23 11:50:21.0488053780	884840	./out/runs/2026-01-23T164934Z/collections/eighteenth_century_ma.jsonl
2026-01-23 11:59:14.2621570140	0	./out/runs/2026-01-23T165738Z/rejected_outside_window.jsonl
2026-01-23 11:59:14.3821560890	2717773	./out/runs/2026-01-23T165738Z/master_ma_1600_1799.jsonl
2026-01-23 11:59:14.4021559350	1078467	./out/runs/2026-01-23T165738Z/collections/colonial_massachusetts.jsonl
2026-01-23 11:59:14.4141558430	488309	./out/runs/2026-01-23T165738Z/collections/colonial_boston.jsonl
2026-01-23 11:59:14.4181558120	131997	./out/runs/2026-01-23T165738Z/collections/mayflower_passengers.jsonl
2026-01-23 11:59:14.4181558120	219553	./out/runs/2026-01-23T165738Z/collections/plymouth_colony.jsonl
2026-01-23 11:59:14.4221557810	181124	./out/runs/2026-01-23T165738Z/collections/salem_witch_trials.jsonl
2026-01-23 11:59:14.4261557500	94696	./out/runs/2026-01-23T165738Z/collections/french_indian_war_ma.jsonl
2026-01-23 11:59:14.4381556580	690356	./out/runs/2026-01-23T165738Z/collections/american_revolution_ma.jsonl
2026-01-23 11:59:14.4421556270	157230	./out/runs/2026-01-23T165738Z/collections/seventeenth_century_ma.jsonl
2026-01-23 11:59:14.4541555350	853810	./out/runs/2026-01-23T165738Z/collections/eighteenth_century_ma.jsonl
2026-01-23 11:59:14.4621554730	339186	./out/runs/2026-01-23T165738Z/collections/boston_massacre.jsonl
2026-01-23 11:59:14.4661554420	277328	./out/runs/2026-01-23T165738Z/collections/boston_tea_party.jsonl
2026-01-23 11:59:14.4701554110	0	./out/runs/2026-01-23T165738Z/collections/shays_rebellion.jsonl
2026-01-23 11:59:14.4701554110	109533	./out/runs/2026-01-23T165738Z/collections/king_philips_war.jsonl
2026-01-23 11:59:14.4701554110	114	./out/runs/2026-01-23T165738Z/rejected_no_qid.jsonl
2026-01-23 11:59:14.4701554110	253750	./out/runs/2026-01-23T165738Z/rejected_nonhuman.jsonl
2026-01-23 11:59:14.4701554110	6426	./out/runs/2026-01-23T165738Z/manifest.json
2026-01-23 11:59:14.4701554110	6621	./out/runs/2026-01-23T165738Z/qa_report.json
2026-01-23 12:08:18.7672674360	0	./out/runs/2026-01-23T170655Z/rejected_outside_window.jsonl
2026-01-23 12:08:18.8712670590	2725679	./out/runs/2026-01-23T170655Z/master_ma_1600_1799.jsonl
2026-01-23 12:08:18.8912669870	1078306	./out/runs/2026-01-23T170655Z/collections/colonial_massachusetts.jsonl
2026-01-23 12:08:18.9032669440	489842	./out/runs/2026-01-23T170655Z/collections/colonial_boston.jsonl
2026-01-23 12:08:18.9072669290	135377	./out/runs/2026-01-23T170655Z/collections/mayflower_passengers.jsonl
2026-01-23 12:08:18.9072669290	223701	./out/runs/2026-01-23T170655Z/collections/plymouth_colony.jsonl
2026-01-23 12:08:18.9112669150	179215	./out/runs/2026-01-23T170655Z/collections/salem_witch_trials.jsonl
2026-01-23 12:08:18.9152669000	94840	./out/runs/2026-01-23T170655Z/collections/french_indian_war_ma.jsonl
2026-01-23 12:08:18.9272668570	694838	./out/runs/2026-01-23T170655Z/collections/american_revolution_ma.jsonl
2026-01-23 12:08:18.9312668420	155588	./out/runs/2026-01-23T170655Z/collections/seventeenth_century_ma.jsonl
2026-01-23 12:08:18.9472667840	858571	./out/runs/2026-01-23T170655Z/collections/eighteenth_century_ma.jsonl
2026-01-23 12:08:18.9512667700	337550	./out/runs/2026-01-23T170655Z/collections/boston_massacre.jsonl
2026-01-23 12:08:18.9552667550	275971	./out/runs/2026-01-23T170655Z/collections/boston_tea_party.jsonl
2026-01-23 12:08:18.9592667410	0	./out/runs/2026-01-23T170655Z/collections/shays_rebellion.jsonl
2026-01-23 12:08:18.9592667410	106542	./out/runs/2026-01-23T170655Z/collections/king_philips_war.jsonl
2026-01-23 12:08:18.9632667270	114	./out/runs/2026-01-23T170655Z/rejected_no_qid.jsonl
2026-01-23 12:08:18.9632667270	253750	./out/runs/2026-01-23T170655Z/rejected_nonhuman.jsonl
2026-01-23 12:08:18.9632667270	6426	./out/runs/2026-01-23T170655Z/manifest.json
2026-01-23 12:08:18.9632667270	6621	./out/runs/2026-01-23T170655Z/qa_report.json
2026-01-23 12:40:53.3328893820	0	./out/runs/2026-01-23T173923Z/rejected_outside_window.jsonl
2026-01-23 12:40:53.4408896830	2725679	./out/runs/2026-01-23T173923Z/master_ma_1600_1799.jsonl
2026-01-23 12:40:53.4608897380	1078306	./out/runs/2026-01-23T173923Z/collections/colonial_massachusetts.jsonl
2026-01-23 12:40:53.4728897720	489842	./out/runs/2026-01-23T173923Z/collections/colonial_boston.jsonl
2026-01-23 12:40:53.4768897830	135377	./out/runs/2026-01-23T173923Z/collections/mayflower_passengers.jsonl
2026-01-23 12:40:53.4768897830	223701	./out/runs/2026-01-23T173923Z/collections/plymouth_colony.jsonl
2026-01-23 12:40:53.4808897940	179215	./out/runs/2026-01-23T173923Z/collections/salem_witch_trials.jsonl
2026-01-23 12:40:53.4848898050	94840	./out/runs/2026-01-23T173923Z/collections/french_indian_war_ma.jsonl
2026-01-23 12:40:53.4968898380	694838	./out/runs/2026-01-23T173923Z/collections/american_revolution_ma.jsonl
2026-01-23 12:40:53.5008898500	155588	./out/runs/2026-01-23T173923Z/collections/seventeenth_century_ma.jsonl
2026-01-23 12:40:53.5168898940	858571	./out/runs/2026-01-23T173923Z/collections/eighteenth_century_ma.jsonl
2026-01-23 12:40:53.5248899160	337550	./out/runs/2026-01-23T173923Z/collections/boston_massacre.jsonl
2026-01-23 12:40:53.5288899270	0	./out/runs/2026-01-23T173923Z/collections/shays_rebellion.jsonl
2026-01-23 12:40:53.5288899270	106542	./out/runs/2026-01-23T173923Z/collections/king_philips_war.jsonl
2026-01-23 12:40:53.5288899270	275971	./out/runs/2026-01-23T173923Z/collections/boston_tea_party.jsonl
2026-01-23 12:40:53.5328899390	114	./out/runs/2026-01-23T173923Z/rejected_no_qid.jsonl
2026-01-23 12:40:53.5328899390	253750	./out/runs/2026-01-23T173923Z/rejected_nonhuman.jsonl
2026-01-23 12:40:53.5328899390	6426	./out/runs/2026-01-23T173923Z/manifest.json
2026-01-23 12:40:53.5328899390	6621	./out/runs/2026-01-23T173923Z/qa_report.json
2026-01-23 12:57:01.3142732670	0	./out/runs/2026-01-23T175525Z/rejected_outside_window.jsonl
2026-01-23 12:57:01.4182721110	2725679	./out/runs/2026-01-23T175525Z/master_ma_1600_1799.jsonl
2026-01-23 12:57:01.4382718890	1078306	./out/runs/2026-01-23T175525Z/collections/colonial_massachusetts.jsonl
2026-01-23 12:57:01.4462718000	489842	./out/runs/2026-01-23T175525Z/collections/colonial_boston.jsonl
2026-01-23 12:57:01.4502717550	223701	./out/runs/2026-01-23T175525Z/collections/plymouth_colony.jsonl
2026-01-23 12:57:01.4542717110	135377	./out/runs/2026-01-23T175525Z/collections/mayflower_passengers.jsonl
2026-01-23 12:57:01.4582716660	179215	./out/runs/2026-01-23T175525Z/collections/salem_witch_trials.jsonl
2026-01-23 12:57:01.4582716660	94840	./out/runs/2026-01-23T175525Z/collections/french_indian_war_ma.jsonl
2026-01-23 12:57:01.4702715330	694838	./out/runs/2026-01-23T175525Z/collections/american_revolution_ma.jsonl
2026-01-23 12:57:01.4742714880	155588	./out/runs/2026-01-23T175525Z/collections/seventeenth_century_ma.jsonl
2026-01-23 12:57:01.4902713110	858571	./out/runs/2026-01-23T175525Z/collections/eighteenth_century_ma.jsonl
2026-01-23 12:57:01.4982712220	337550	./out/runs/2026-01-23T175525Z/collections/boston_massacre.jsonl
2026-01-23 12:57:01.5022711770	0	./out/runs/2026-01-23T175525Z/collections/shays_rebellion.jsonl
2026-01-23 12:57:01.5022711770	106542	./out/runs/2026-01-23T175525Z/collections/king_philips_war.jsonl
2026-01-23 12:57:01.5022711770	275971	./out/runs/2026-01-23T175525Z/collections/boston_tea_party.jsonl
2026-01-23 12:57:01.5062711330	114	./out/runs/2026-01-23T175525Z/rejected_no_qid.jsonl
2026-01-23 12:57:01.5062711330	253750	./out/runs/2026-01-23T175525Z/rejected_nonhuman.jsonl
2026-01-23 12:57:01.5062711330	6426	./out/runs/2026-01-23T175525Z/manifest.json
2026-01-23 12:57:01.5062711330	6621	./out/runs/2026-01-23T175525Z/qa_report.json
2026-01-23 13:54:13.4526558020	0	./out/runs/2026-01-23T185220Z/rejected_outside_window.jsonl
2026-01-23 13:54:13.5566560340	2725679	./out/runs/2026-01-23T185220Z/master_ma_1600_1799.jsonl
2026-01-23 13:54:13.5806560870	1078306	./out/runs/2026-01-23T185220Z/collections/colonial_massachusetts.jsonl
2026-01-23 13:54:13.5886561050	489842	./out/runs/2026-01-23T185220Z/collections/colonial_boston.jsonl
2026-01-23 13:54:13.5926561140	223701	./out/runs/2026-01-23T185220Z/collections/plymouth_colony.jsonl
2026-01-23 13:54:13.5966561230	135377	./out/runs/2026-01-23T185220Z/collections/mayflower_passengers.jsonl
2026-01-23 13:54:13.6006561310	179215	./out/runs/2026-01-23T185220Z/collections/salem_witch_trials.jsonl
2026-01-23 13:54:13.6006561310	94840	./out/runs/2026-01-23T185220Z/collections/french_indian_war_ma.jsonl
2026-01-23 13:54:13.6126561580	694838	./out/runs/2026-01-23T185220Z/collections/american_revolution_ma.jsonl
2026-01-23 13:54:13.6166561670	155588	./out/runs/2026-01-23T185220Z/collections/seventeenth_century_ma.jsonl
2026-01-23 13:54:13.6326562030	858571	./out/runs/2026-01-23T185220Z/collections/eighteenth_century_ma.jsonl
2026-01-23 13:54:13.6406562200	337550	./out/runs/2026-01-23T185220Z/collections/boston_massacre.jsonl
2026-01-23 13:54:13.6446562290	0	./out/runs/2026-01-23T185220Z/collections/shays_rebellion.jsonl
2026-01-23 13:54:13.6446562290	106542	./out/runs/2026-01-23T185220Z/collections/king_philips_war.jsonl
2026-01-23 13:54:13.6446562290	275971	./out/runs/2026-01-23T185220Z/collections/boston_tea_party.jsonl
2026-01-23 13:54:13.6486562380	114	./out/runs/2026-01-23T185220Z/rejected_no_qid.jsonl
2026-01-23 13:54:13.6486562380	253750	./out/runs/2026-01-23T185220Z/rejected_nonhuman.jsonl
2026-01-23 13:54:13.6486562380	6426	./out/runs/2026-01-23T185220Z/manifest.json
2026-01-23 13:54:13.6486562380	6621	./out/runs/2026-01-23T185220Z/qa_report.json
2026-01-23 14:02:58.7336609960	4896	./ma_notables_upgrade_pack/collections.json
2026-01-23 14:04:45.9738535700	0	./out/runs/2026-01-23T190314Z/rejected_outside_window.jsonl
2026-01-23 14:04:46.1058542560	2725679	./out/runs/2026-01-23T190314Z/master_ma_1600_1799.jsonl
2026-01-23 14:04:46.1258543600	1078306	./out/runs/2026-01-23T190314Z/collections/colonial_massachusetts.jsonl
2026-01-23 14:04:46.1378544220	489842	./out/runs/2026-01-23T190314Z/collections/colonial_boston.jsonl
2026-01-23 14:04:46.1418544430	135377	./out/runs/2026-01-23T190314Z/collections/mayflower_passengers.jsonl
2026-01-23 14:04:46.1418544430	223701	./out/runs/2026-01-23T190314Z/collections/plymouth_colony.jsonl
2026-01-23 14:04:46.1458544640	179215	./out/runs/2026-01-23T190314Z/collections/salem_witch_trials.jsonl
2026-01-23 14:04:46.1498544850	94840	./out/runs/2026-01-23T190314Z/collections/french_indian_war_ma.jsonl
2026-01-23 14:04:46.1618545470	694838	./out/runs/2026-01-23T190314Z/collections/american_revolution_ma.jsonl
2026-01-23 14:04:46.1658545680	155588	./out/runs/2026-01-23T190314Z/collections/seventeenth_century_ma.jsonl
2026-01-23 14:04:46.1778546300	858571	./out/runs/2026-01-23T190314Z/collections/eighteenth_century_ma.jsonl
2026-01-23 14:04:46.1858546720	337550	./out/runs/2026-01-23T190314Z/collections/boston_massacre.jsonl
2026-01-23 14:04:46.1898546930	275971	./out/runs/2026-01-23T190314Z/collections/boston_tea_party.jsonl
2026-01-23 14:04:46.1938547130	0	./out/runs/2026-01-23T190314Z/collections/shays_rebellion.jsonl
2026-01-23 14:04:46.1938547130	106542	./out/runs/2026-01-23T190314Z/collections/king_philips_war.jsonl
2026-01-23 14:04:46.1978547340	114	./out/runs/2026-01-23T190314Z/rejected_no_qid.jsonl
2026-01-23 14:04:46.1978547340	253750	./out/runs/2026-01-23T190314Z/rejected_nonhuman.jsonl
2026-01-23 14:04:46.1978547340	6426	./out/runs/2026-01-23T190314Z/manifest.json
2026-01-23 14:04:46.1978547340	6621	./out/runs/2026-01-23T190314Z/qa_report.json
2026-01-23 15:19:14.3729657730	0	./out/runs/2026-01-23T201743Z/rejected_outside_window.jsonl
2026-01-23 15:19:14.5369676420	2725679	./out/runs/2026-01-23T201743Z/master_ma_1600_1799.jsonl
2026-01-23 15:19:14.5689680070	1078306	./out/runs/2026-01-23T201743Z/collections/colonial_massachusetts.jsonl
2026-01-23 15:19:14.5769680980	489842	./out/runs/2026-01-23T201743Z/collections/colonial_boston.jsonl
2026-01-23 15:19:14.5849681900	223701	./out/runs/2026-01-23T201743Z/collections/plymouth_colony.jsonl
2026-01-23 15:19:14.5889682350	135377	./out/runs/2026-01-23T201743Z/collections/mayflower_passengers.jsonl
2026-01-23 15:19:14.5929682810	179215	./out/runs/2026-01-23T201743Z/collections/salem_witch_trials.jsonl
2026-01-23 15:19:14.5929682810	94840	./out/runs/2026-01-23T201743Z/collections/french_indian_war_ma.jsonl
2026-01-23 15:19:14.6049684180	694838	./out/runs/2026-01-23T201743Z/collections/american_revolution_ma.jsonl
2026-01-23 15:19:14.6089684630	155588	./out/runs/2026-01-23T201743Z/collections/seventeenth_century_ma.jsonl
2026-01-23 15:19:14.6289686910	858571	./out/runs/2026-01-23T201743Z/collections/eighteenth_century_ma.jsonl
2026-01-23 15:19:14.6329687370	337550	./out/runs/2026-01-23T201743Z/collections/boston_massacre.jsonl
2026-01-23 15:19:14.6369687820	275971	./out/runs/2026-01-23T201743Z/collections/boston_tea_party.jsonl
2026-01-23 15:19:14.6409688280	0	./out/runs/2026-01-23T201743Z/collections/shays_rebellion.jsonl
2026-01-23 15:19:14.6409688280	106542	./out/runs/2026-01-23T201743Z/collections/king_philips_war.jsonl
2026-01-23 15:19:14.6449688740	114	./out/runs/2026-01-23T201743Z/rejected_no_qid.jsonl
2026-01-23 15:19:14.6449688740	253750	./out/runs/2026-01-23T201743Z/rejected_nonhuman.jsonl
2026-01-23 15:19:14.6449688740	6426	./out/runs/2026-01-23T201743Z/manifest.json
2026-01-23 15:19:14.6449688740	6621	./out/runs/2026-01-23T201743Z/qa_report.json
2026-01-23 15:37:29.5703679050	0	./out/runs/2026-01-23T203525Z/rejected_outside_window.jsonl
2026-01-23 15:37:29.7023681280	2693900	./out/runs/2026-01-23T203525Z/master_ma_1600_1799.jsonl
2026-01-23 15:37:29.7223681620	1049335	./out/runs/2026-01-23T203525Z/collections/colonial_massachusetts.jsonl
2026-01-23 15:37:29.7303681750	472008	./out/runs/2026-01-23T203525Z/collections/colonial_boston.jsonl
2026-01-23 15:37:29.7383681890	128028	./out/runs/2026-01-23T203525Z/collections/mayflower_passengers.jsonl
2026-01-23 15:37:29.7383681890	226359	./out/runs/2026-01-23T203525Z/collections/plymouth_colony.jsonl
2026-01-23 15:37:29.7423681950	175863	./out/runs/2026-01-23T203525Z/collections/salem_witch_trials.jsonl
2026-01-23 15:37:29.7463682020	96285	./out/runs/2026-01-23T203525Z/collections/french_indian_war_ma.jsonl
2026-01-23 15:37:29.7583682220	673185	./out/runs/2026-01-23T203525Z/collections/american_revolution_ma.jsonl
2026-01-23 15:37:29.7623682290	160600	./out/runs/2026-01-23T203525Z/collections/seventeenth_century_ma.jsonl
2026-01-23 15:37:29.7743682490	817810	./out/runs/2026-01-23T203525Z/collections/eighteenth_century_ma.jsonl
2026-01-23 15:37:29.7823682630	319979	./out/runs/2026-01-23T203525Z/collections/boston_massacre.jsonl
2026-01-23 15:37:29.7863682700	298657	./out/runs/2026-01-23T203525Z/collections/boston_tea_party.jsonl
2026-01-23 15:37:29.7903682760	111479	./out/runs/2026-01-23T203525Z/collections/king_philips_war.jsonl
2026-01-23 15:37:29.7903682760	86684	./out/runs/2026-01-23T203525Z/collections/shays_rebellion.jsonl
2026-01-23 15:37:29.7943682830	325457	./out/runs/2026-01-23T203525Z/rejected_nonhuman.jsonl
2026-01-23 15:37:29.7943682830	372	./out/runs/2026-01-23T203525Z/rejected_no_qid.jsonl
2026-01-23 15:37:29.7943682830	6570	./out/runs/2026-01-23T203525Z/manifest.json
2026-01-23 15:37:29.7943682830	6765	./out/runs/2026-01-23T203525Z/qa_report.json
2026-01-23 15:54:24.9388582890	0	./out/runs/2026-01-23T205221Z/rejected_outside_window.jsonl
2026-01-23 15:54:25.0548575380	2693900	./out/runs/2026-01-23T205221Z/master_ma_1600_1799.jsonl
2026-01-23 15:54:25.0748574090	1049335	./out/runs/2026-01-23T205221Z/collections/colonial_massachusetts.jsonl
2026-01-23 15:54:25.0828573570	472008	./out/runs/2026-01-23T205221Z/collections/colonial_boston.jsonl
2026-01-23 15:54:25.0868573310	226359	./out/runs/2026-01-23T205221Z/collections/plymouth_colony.jsonl
2026-01-23 15:54:25.0908573050	128028	./out/runs/2026-01-23T205221Z/collections/mayflower_passengers.jsonl
2026-01-23 15:54:25.0948572790	175863	./out/runs/2026-01-23T205221Z/collections/salem_witch_trials.jsonl
2026-01-23 15:54:25.0948572790	96285	./out/runs/2026-01-23T205221Z/collections/french_indian_war_ma.jsonl
2026-01-23 15:54:25.1068572020	673185	./out/runs/2026-01-23T205221Z/collections/american_revolution_ma.jsonl
2026-01-23 15:54:25.1108571760	160600	./out/runs/2026-01-23T205221Z/collections/seventeenth_century_ma.jsonl
2026-01-23 15:54:25.1268570730	817810	./out/runs/2026-01-23T205221Z/collections/eighteenth_century_ma.jsonl
2026-01-23 15:54:25.1348570210	319979	./out/runs/2026-01-23T205221Z/collections/boston_massacre.jsonl
2026-01-23 15:54:25.1388569950	298657	./out/runs/2026-01-23T205221Z/collections/boston_tea_party.jsonl
2026-01-23 15:54:25.1428569690	111479	./out/runs/2026-01-23T205221Z/collections/king_philips_war.jsonl
2026-01-23 15:54:25.1428569690	86684	./out/runs/2026-01-23T205221Z/collections/shays_rebellion.jsonl
2026-01-23 15:54:25.1468569430	325457	./out/runs/2026-01-23T205221Z/rejected_nonhuman.jsonl
2026-01-23 15:54:25.1468569430	372	./out/runs/2026-01-23T205221Z/rejected_no_qid.jsonl
2026-01-23 15:54:25.1468569430	6570	./out/runs/2026-01-23T205221Z/manifest.json
2026-01-23 15:54:25.1468569430	6765	./out/runs/2026-01-23T205221Z/qa_report.json
2026-01-23 19:03:38.6315209510	139683	./out/legacy_converted/mayflower.jsonl
2026-01-23 19:03:38.6875207330	217455	./out/legacy_converted/salem_witch_trials.jsonl
2026-01-23 19:03:38.7355205450	35857	./out/legacy_converted/early_massachusetts.jsonl
2026-01-23 20:02:28.0000000000	17	./ma_notables_upgrade_pack/ma_notables_upgrade_v2/requirements-ma-notables.txt
2026-01-23 20:02:28.0000000000	2071	./ma_notables_upgrade_pack/ma_notables_upgrade_v2/README.md
2026-01-23 20:02:28.0000000000	2981	./ma_notables_upgrade_pack/ma_notables_upgrade_v2/collections.schema.json
2026-01-23 20:02:28.0000000000	4553	./ma_notables_upgrade_pack/ma_notables_upgrade_v2/convert_legacy_datasets.py
2026-01-23 20:02:28.0000000000	455	./ma_notables_upgrade_pack/ma_notables_upgrade_v2/run_ma_notables.sh
2026-01-23 20:02:28.0000000000	748	./ma_notables_upgrade_pack/ma_notables_upgrade_v2/verify_ma_notables.sh
2026-01-23 20:47:56.9887389800	0	./out/runs/2026-01-24T014429Z/rejected_outside_window.jsonl
2026-01-23 20:47:57.1007378910	2758430	./out/runs/2026-01-24T014429Z/master_ma_1600_1799.jsonl
2026-01-23 20:47:57.1207376960	1067701	./out/runs/2026-01-24T014429Z/collections/colonial_massachusetts.jsonl
2026-01-23 20:47:57.1287376190	475897	./out/runs/2026-01-24T014429Z/collections/colonial_boston.jsonl
2026-01-23 20:47:57.1367375410	131365	./out/runs/2026-01-24T014429Z/collections/mayflower_passengers.jsonl
2026-01-23 20:47:57.1367375410	236855	./out/runs/2026-01-24T014429Z/collections/plymouth_colony.jsonl
2026-01-23 20:47:57.1447374630	192620	./out/runs/2026-01-24T014429Z/collections/salem_witch_trials.jsonl
2026-01-23 20:47:57.1447374630	95763	./out/runs/2026-01-24T014429Z/collections/french_indian_war_ma.jsonl
2026-01-23 20:47:57.1607373070	686019	./out/runs/2026-01-24T014429Z/collections/american_revolution_ma.jsonl
2026-01-23 20:47:57.1647372680	166410	./out/runs/2026-01-24T014429Z/collections/seventeenth_century_ma.jsonl
2026-01-23 20:47:57.1767371520	834022	./out/runs/2026-01-24T014429Z/collections/eighteenth_century_ma.jsonl
2026-01-23 20:47:57.1847370740	317202	./out/runs/2026-01-24T014429Z/collections/boston_massacre.jsonl
2026-01-23 20:47:57.1887370350	293977	./out/runs/2026-01-24T014429Z/collections/boston_tea_party.jsonl
2026-01-23 20:47:57.1927369960	110395	./out/runs/2026-01-24T014429Z/collections/king_philips_war.jsonl
2026-01-23 20:47:57.1927369960	83197	./out/runs/2026-01-24T014429Z/collections/shays_rebellion.jsonl
2026-01-23 20:47:57.1967369570	327015	./out/runs/2026-01-24T014429Z/rejected_nonhuman.jsonl
2026-01-23 20:47:57.1967369570	372	./out/runs/2026-01-24T014429Z/rejected_no_qid.jsonl
2026-01-23 20:47:57.1967369570	6570	./out/runs/2026-01-24T014429Z/manifest.json
2026-01-23 20:47:57.1967369570	6765	./out/runs/2026-01-24T014429Z/qa_report.json
2026-01-23 20:51:01.9351802290	0	./out/runs/2026-01-24T014926Z/rejected_outside_window.jsonl
2026-01-23 20:51:02.0631792990	2758430	./out/runs/2026-01-24T014926Z/master_ma_1600_1799.jsonl
2026-01-23 20:51:02.0911790950	1067701	./out/runs/2026-01-24T014926Z/collections/colonial_massachusetts.jsonl
2026-01-23 20:51:02.1031790080	475897	./out/runs/2026-01-24T014926Z/collections/colonial_boston.jsonl
2026-01-23 20:51:02.1071789790	236855	./out/runs/2026-01-24T014926Z/collections/plymouth_colony.jsonl
2026-01-23 20:51:02.1111789500	131365	./out/runs/2026-01-24T014926Z/collections/mayflower_passengers.jsonl
2026-01-23 20:51:02.1151789210	192620	./out/runs/2026-01-24T014926Z/collections/salem_witch_trials.jsonl
2026-01-23 20:51:02.1191788920	95763	./out/runs/2026-01-24T014926Z/collections/french_indian_war_ma.jsonl
2026-01-23 20:51:02.1351787760	686019	./out/runs/2026-01-24T014926Z/collections/american_revolution_ma.jsonl
2026-01-23 20:51:02.1391787470	166410	./out/runs/2026-01-24T014926Z/collections/seventeenth_century_ma.jsonl
2026-01-23 20:51:02.1551786310	834022	./out/runs/2026-01-24T014926Z/collections/eighteenth_century_ma.jsonl
2026-01-23 20:51:02.1631785720	317202	./out/runs/2026-01-24T014926Z/collections/boston_massacre.jsonl
2026-01-23 20:51:02.1671785430	293977	./out/runs/2026-01-24T014926Z/collections/boston_tea_party.jsonl
2026-01-23 20:51:02.1711785140	110395	./out/runs/2026-01-24T014926Z/collections/king_philips_war.jsonl
2026-01-23 20:51:02.1751784850	327015	./out/runs/2026-01-24T014926Z/rejected_nonhuman.jsonl
2026-01-23 20:51:02.1751784850	372	./out/runs/2026-01-24T014926Z/rejected_no_qid.jsonl
2026-01-23 20:51:02.1751784850	6570	./out/runs/2026-01-24T014926Z/manifest.json
2026-01-23 20:51:02.1751784850	6765	./out/runs/2026-01-24T014926Z/qa_report.json
2026-01-23 20:51:02.1751784850	83197	./out/runs/2026-01-24T014926Z/collections/shays_rebellion.jsonl
2026-01-23 21:22:49.2936223200	0	./out/runs/2026-01-24T022100Z/rejected_outside_window.jsonl
2026-01-23 21:22:49.4056229310	2758430	./out/runs/2026-01-24T022100Z/master_ma_1600_1799.jsonl
2026-01-23 21:22:49.4256230400	1067701	./out/runs/2026-01-24T022100Z/collections/colonial_massachusetts.jsonl
2026-01-23 21:22:49.4336230840	475897	./out/runs/2026-01-24T022100Z/collections/colonial_boston.jsonl
2026-01-23 21:22:49.4416231270	131365	./out/runs/2026-01-24T022100Z/collections/mayflower_passengers.jsonl
2026-01-23 21:22:49.4416231270	236855	./out/runs/2026-01-24T022100Z/collections/plymouth_colony.jsonl
2026-01-23 21:22:49.4456231490	192620	./out/runs/2026-01-24T022100Z/collections/salem_witch_trials.jsonl
2026-01-23 21:22:49.4496231710	95763	./out/runs/2026-01-24T022100Z/collections/french_indian_war_ma.jsonl
2026-01-23 21:22:49.4616232360	686019	./out/runs/2026-01-24T022100Z/collections/american_revolution_ma.jsonl
2026-01-23 21:22:49.4656232580	166410	./out/runs/2026-01-24T022100Z/collections/seventeenth_century_ma.jsonl
2026-01-23 21:22:49.4776233240	834022	./out/runs/2026-01-24T022100Z/collections/eighteenth_century_ma.jsonl
2026-01-23 21:22:49.4856233670	317202	./out/runs/2026-01-24T022100Z/collections/boston_massacre.jsonl
2026-01-23 21:22:49.4896233890	293977	./out/runs/2026-01-24T022100Z/collections/boston_tea_party.jsonl
2026-01-23 21:22:49.4936234110	110395	./out/runs/2026-01-24T022100Z/collections/king_philips_war.jsonl
2026-01-23 21:22:49.4936234110	83197	./out/runs/2026-01-24T022100Z/collections/shays_rebellion.jsonl
2026-01-23 21:22:49.4976234330	327015	./out/runs/2026-01-24T022100Z/rejected_nonhuman.jsonl
2026-01-23 21:22:49.4976234330	372	./out/runs/2026-01-24T022100Z/rejected_no_qid.jsonl
2026-01-23 21:22:49.4976234330	6570	./out/runs/2026-01-24T022100Z/manifest.json
2026-01-23 21:22:49.4976234330	6765	./out/runs/2026-01-24T022100Z/qa_report.json
2026-01-23 22:22:16.0615253150	7972	./ma_notables_upgrade_pack/ma_notables_upgrade_v2/collections.json
2026-01-23 23:52:38.7889143110	13518	./ma_notables_upgrade_pack/ma_notables_upgrade_v2/preflight_ma_notables.py
2026-01-24 04:56:52.0000000000	17	./ma_notables_upgrade_pack/ma_notables_upgrade_v2_1/requirements-ma-notables.txt
2026-01-24 04:56:52.0000000000	2349	./ma_notables_upgrade_pack/ma_notables_upgrade_v2_1/README.md
2026-01-24 04:56:52.0000000000	2981	./ma_notables_upgrade_pack/ma_notables_upgrade_v2_1/collections.schema.json
2026-01-24 04:56:52.0000000000	4368	./ma_notables_upgrade_pack/ma_notables_upgrade_v2_1/collections.json
2026-01-24 04:56:52.0000000000	455	./ma_notables_upgrade_pack/ma_notables_upgrade_v2_1/run_ma_notables.sh
2026-01-24 04:56:52.0000000000	748	./ma_notables_upgrade_pack/ma_notables_upgrade_v2_1/verify_ma_notables.sh
2026-01-24 04:56:52.0000000000	9942	./ma_notables_upgrade_pack/ma_notables_upgrade_v2_1/preflight_ma_notables.py
2026-01-24 08:05:57.3777026010	0	./out/runs/2026-01-24T125615Z/rejected_outside_window.jsonl
2026-01-24 08:05:57.6816975850	6509932	./out/runs/2026-01-24T125615Z/master_ma_1600_1799.jsonl
2026-01-24 08:05:57.7056971890	1087648	./out/runs/2026-01-24T125615Z/collections/colonial_massachusetts.jsonl
2026-01-24 08:05:57.7176969910	517829	./out/runs/2026-01-24T125615Z/collections/colonial_boston.jsonl
2026-01-24 08:05:57.7216969250	223294	./out/runs/2026-01-24T125615Z/collections/plymouth_colony.jsonl
2026-01-24 08:05:57.7256968590	133197	./out/runs/2026-01-24T125615Z/collections/mayflower_passengers.jsonl
2026-01-24 08:05:57.7296967930	107393	./out/runs/2026-01-24T125615Z/collections/french_indian_war_ma.jsonl
2026-01-24 08:05:57.7296967930	166476	./out/runs/2026-01-24T125615Z/collections/salem_witch_trials.jsonl
2026-01-24 08:05:57.7456965290	734303	./out/runs/2026-01-24T125615Z/collections/american_revolution_ma.jsonl
2026-01-24 08:05:57.7496964630	164908	./out/runs/2026-01-24T125615Z/collections/seventeenth_century_ma.jsonl
2026-01-24 08:05:57.7696961330	899471	./out/runs/2026-01-24T125615Z/collections/eighteenth_century_ma.jsonl
2026-01-24 08:05:57.7776960010	362493	./out/runs/2026-01-24T125615Z/collections/boston_massacre.jsonl
2026-01-24 08:05:57.7816959350	318008	./out/runs/2026-01-24T125615Z/collections/boston_tea_party.jsonl
2026-01-24 08:05:57.7856958690	116624	./out/runs/2026-01-24T125615Z/collections/king_philips_war.jsonl
2026-01-24 08:05:57.7896958030	104437	./out/runs/2026-01-24T125615Z/collections/shays_rebellion.jsonl
2026-01-24 08:05:57.7936957370	0	./out/runs/2026-01-24T125615Z/collections/judges_ma.jsonl
2026-01-24 08:05:57.7936957370	287593	./out/runs/2026-01-24T125615Z/collections/military_colonial_ma.jsonl
2026-01-24 08:05:57.8816942850	4034454	./out/runs/2026-01-24T125615Z/collections/legislators_ma.jsonl
2026-01-24 08:05:57.8896941530	328260	./out/runs/2026-01-24T125615Z/rejected_nonhuman.jsonl
2026-01-24 08:05:57.8896941530	372	./out/runs/2026-01-24T125615Z/rejected_no_qid.jsonl
2026-01-24 08:05:57.8896941530	8387	./out/runs/2026-01-24T125615Z/manifest.json
2026-01-24 08:05:57.8896941530	8543	./out/runs/2026-01-24T125615Z/qa_report.json
2026-01-24 09:27:01.4037141260	0	./out/runs/2026-01-24T142413Z/rejected_outside_window.jsonl
2026-01-24 09:27:01.6477141080	6509932	./out/runs/2026-01-24T142413Z/master_ma_1600_1799.jsonl
2026-01-24 09:27:01.6677141060	1087648	./out/runs/2026-01-24T142413Z/collections/colonial_massachusetts.jsonl
2026-01-24 09:27:01.6757141060	517829	./out/runs/2026-01-24T142413Z/collections/colonial_boston.jsonl
2026-01-24 09:27:01.6797141060	223294	./out/runs/2026-01-24T142413Z/collections/plymouth_colony.jsonl
2026-01-24 09:27:01.6837141050	133197	./out/runs/2026-01-24T142413Z/collections/mayflower_passengers.jsonl
2026-01-24 09:27:01.6877141050	107393	./out/runs/2026-01-24T142413Z/collections/french_indian_war_ma.jsonl
2026-01-24 09:27:01.6877141050	166476	./out/runs/2026-01-24T142413Z/collections/salem_witch_trials.jsonl
2026-01-24 09:27:01.7037141040	734303	./out/runs/2026-01-24T142413Z/collections/american_revolution_ma.jsonl
2026-01-24 09:27:01.7077141030	164908	./out/runs/2026-01-24T142413Z/collections/seventeenth_century_ma.jsonl
2026-01-24 09:27:01.7237141020	899471	./out/runs/2026-01-24T142413Z/collections/eighteenth_century_ma.jsonl
2026-01-24 09:27:01.7317141020	362493	./out/runs/2026-01-24T142413Z/collections/boston_massacre.jsonl
2026-01-24 09:27:01.7357141010	318008	./out/runs/2026-01-24T142413Z/collections/boston_tea_party.jsonl
2026-01-24 09:27:01.7397141010	104437	./out/runs/2026-01-24T142413Z/collections/shays_rebellion.jsonl
2026-01-24 09:27:01.7397141010	116624	./out/runs/2026-01-24T142413Z/collections/king_philips_war.jsonl
2026-01-24 09:27:01.7437141010	0	./out/runs/2026-01-24T142413Z/collections/judges_ma.jsonl
2026-01-24 09:27:01.7437141010	287593	./out/runs/2026-01-24T142413Z/collections/military_colonial_ma.jsonl
2026-01-24 09:27:01.8237140950	4034454	./out/runs/2026-01-24T142413Z/collections/legislators_ma.jsonl
2026-01-24 09:27:01.8277140950	328260	./out/runs/2026-01-24T142413Z/rejected_nonhuman.jsonl
2026-01-24 09:27:01.8277140950	372	./out/runs/2026-01-24T142413Z/rejected_no_qid.jsonl
2026-01-24 09:27:01.8277140950	8387	./out/runs/2026-01-24T142413Z/manifest.json
2026-01-24 09:27:01.8277140950	8543	./out/runs/2026-01-24T142413Z/qa_report.json
2026-01-24 10:09:13.6880960280	328	./.git/config
2026-01-24 10:35:43.2498438790	7894	./collections.v2_3_roles.json
2026-01-24 10:35:45.3818450690	8749	./preflight_ma_notables.v2_3.py
2026-01-24 10:47:31.1421090460	0	./out/runs/2026-01-24T153938Z/rejected_outside_window.jsonl
2026-01-24 10:47:31.4501091250	6834677	./out/runs/2026-01-24T153938Z/master_ma_1600_1799.jsonl
2026-01-24 10:47:31.4741091310	1096637	./out/runs/2026-01-24T153938Z/collections/colonial_massachusetts.jsonl
2026-01-24 10:47:31.4861091340	529532	./out/runs/2026-01-24T153938Z/collections/colonial_boston.jsonl
2026-01-24 10:47:31.4941091360	140520	./out/runs/2026-01-24T153938Z/collections/mayflower_passengers.jsonl
2026-01-24 10:47:31.4941091360	238740	./out/runs/2026-01-24T153938Z/collections/plymouth_colony.jsonl
2026-01-24 10:47:31.5021091380	181138	./out/runs/2026-01-24T153938Z/collections/salem_witch_trials.jsonl
2026-01-24 10:47:31.5021091380	90896	./out/runs/2026-01-24T153938Z/collections/french_indian_war_ma.jsonl
2026-01-24 10:47:31.5181091420	706951	./out/runs/2026-01-24T153938Z/collections/american_revolution_ma.jsonl
2026-01-24 10:47:31.5221091430	173194	./out/runs/2026-01-24T153938Z/collections/seventeenth_century_ma.jsonl
2026-01-24 10:47:31.5421091490	877548	./out/runs/2026-01-24T153938Z/collections/eighteenth_century_ma.jsonl
2026-01-24 10:47:31.5501091510	327120	./out/runs/2026-01-24T153938Z/collections/boston_massacre.jsonl
2026-01-24 10:47:31.5581091530	273963	./out/runs/2026-01-24T153938Z/collections/boston_tea_party.jsonl
2026-01-24 10:47:31.5621091540	101049	./out/runs/2026-01-24T153938Z/collections/shays_rebellion.jsonl
2026-01-24 10:47:31.5621091540	106674	./out/runs/2026-01-24T153938Z/collections/king_philips_war.jsonl
2026-01-24 10:47:31.5701091560	273501	./out/runs/2026-01-24T153938Z/collections/military_colonial_ma.jsonl
2026-01-24 10:47:31.6061091650	447596	./out/runs/2026-01-24T153938Z/collections/judges_ma.jsonl
2026-01-24 10:47:31.6981091890	4242676	./out/runs/2026-01-24T153938Z/collections/legislators_ma.jsonl
2026-01-24 10:47:31.7061091910	1532	./out/runs/2026-01-24T153938Z/rejected_no_qid.jsonl
2026-01-24 10:47:31.7061091910	434399	./out/runs/2026-01-24T153938Z/rejected_nonhuman.jsonl
2026-01-24 10:47:31.7061091910	8311	./out/runs/2026-01-24T153938Z/manifest.json
2026-01-24 10:47:31.7061091910	8468	./out/runs/2026-01-24T153938Z/qa_report.json
2026-01-24 11:35:18.0000000000	1100	./ma_notables_upgrade_pack/ma_notables_upgrade_v2_2/run_ma_notables.sh
2026-01-24 11:35:18.0000000000	17	./ma_notables_upgrade_pack/ma_notables_upgrade_v2_2/requirements-ma-notables.txt
2026-01-24 11:35:18.0000000000	2981	./ma_notables_upgrade_pack/ma_notables_upgrade_v2_2/collections.schema.json
2026-01-24 11:35:18.0000000000	7179	./ma_notables_upgrade_pack/ma_notables_upgrade_v2_2/preflight_ma_notables.py
2026-01-24 11:35:18.0000000000	749	./ma_notables_upgrade_pack/ma_notables_upgrade_v2_2/verify_ma_notables.sh
2026-01-24 11:35:18.0000000000	7971	./ma_notables_upgrade_pack/ma_notables_upgrade_v2_2/collections.json
2026-01-24 13:29:22.2406433050	0	./out/runs/2026-01-24T175855Z/rejected_outside_window.jsonl
2026-01-24 13:29:23.4606158190	32699010	./out/runs/2026-01-24T175855Z/master_ma_1600_1799.jsonl
2026-01-24 13:29:23.4726155490	715115	./out/runs/2026-01-24T175855Z/collections/american_revolution_ma.jsonl
2026-01-24 13:29:23.4806153690	385128	./out/runs/2026-01-24T175855Z/collections/boston_massacre.jsonl
2026-01-24 13:29:23.4846152790	341028	./out/runs/2026-01-24T175855Z/collections/boston_tea_party.jsonl
2026-01-24 13:29:23.4966150090	511503	./out/runs/2026-01-24T175855Z/collections/colonial_boston.jsonl
2026-01-24 13:29:23.5166145590	1074648	./out/runs/2026-01-24T175855Z/collections/colonial_massachusetts.jsonl
2026-01-24 13:29:23.5286142890	641932	./out/runs/2026-01-24T175855Z/collections/congregational_clergy_ma.jsonl
2026-01-24 13:29:23.5446139290	887795	./out/runs/2026-01-24T175855Z/collections/eighteenth_century_ma.jsonl
2026-01-24 13:29:23.5446139290	98055	./out/runs/2026-01-24T175855Z/collections/french_indian_war_ma.jsonl
2026-01-24 13:29:23.5526137490	426122	./out/runs/2026-01-24T175855Z/collections/judges_ma.jsonl
2026-01-24 13:29:23.5566136590	103315	./out/runs/2026-01-24T175855Z/collections/king_philips_war.jsonl
2026-01-24 13:29:23.6366118600	4172691	./out/runs/2026-01-24T175855Z/collections/legislators_ma.jsonl
2026-01-24 13:29:23.6406117700	151486	./out/runs/2026-01-24T175855Z/collections/mayflower_passengers.jsonl
2026-01-24 13:29:23.6406117700	171918	./out/runs/2026-01-24T175855Z/collections/mayflower_compact_signatories.jsonl
2026-01-24 13:29:23.6486115900	282599	./out/runs/2026-01-24T175855Z/collections/military_colonial_ma.jsonl
2026-01-24 13:29:23.6526115000	238508	./out/runs/2026-01-24T175855Z/collections/plymouth_colony.jsonl
2026-01-24 13:29:23.6566114100	186041	./out/runs/2026-01-24T175855Z/collections/salem_witch_trials.jsonl
2026-01-24 13:29:23.6606113200	0	./out/runs/2026-01-24T175855Z/collections/shays_rebellion.jsonl
2026-01-24 13:29:23.6606113200	190833	./out/runs/2026-01-24T175855Z/collections/seventeenth_century_ma.jsonl
2026-01-24 13:29:24.1366006190	25821816	./out/runs/2026-01-24T175855Z/collections/writers_poets_ma_colonial.jsonl
2026-01-24 13:29:24.1566001700	10936	./out/runs/2026-01-24T175855Z/manifest.json
2026-01-24 13:29:24.1566001700	11057	./out/runs/2026-01-24T175855Z/qa_report.json
2026-01-24 13:29:24.1566001700	1646	./out/runs/2026-01-24T175855Z/rejected_no_qid.jsonl
2026-01-24 13:29:24.1566001700	392407	./out/runs/2026-01-24T175855Z/rejected_nonhuman.jsonl
2026-01-24 16:51:40.0000000000	10452	./collections.json
2026-01-24 16:51:40.0000000000	10452	./ma_notables_upgrade_pack/ma_notables_upgrade_v2_4/collections.json
2026-01-24 16:51:40.0000000000	1144	./ma_notables_upgrade_pack/ma_notables_upgrade_v2_4/README.md
2026-01-24 16:51:40.0000000000	1144	./README.md
2026-01-24 16:51:40.0000000000	1284	./ma_notables_upgrade_pack/ma_notables_upgrade_v2_4/run_ma_notables.sh
2026-01-24 16:51:40.0000000000	1284	./run_ma_notables.sh
2026-01-24 16:51:40.0000000000	17	./ma_notables_upgrade_pack/ma_notables_upgrade_v2_4/requirements-ma-notables.txt
2026-01-24 16:51:40.0000000000	17	./requirements-ma-notables.txt
2026-01-24 16:51:40.0000000000	2981	./collections.schema.json
2026-01-24 16:51:40.0000000000	2981	./ma_notables_upgrade_pack/ma_notables_upgrade_v2_4/collections.schema.json
2026-01-24 16:51:40.0000000000	748	./ma_notables_upgrade_pack/ma_notables_upgrade_v2_4/verify_ma_notables.sh
2026-01-24 16:51:40.0000000000	748	./verify_ma_notables.sh
2026-01-24 16:51:40.0000000000	8749	./ma_notables_upgrade_pack/ma_notables_upgrade_v2_4/preflight_ma_notables.py
2026-01-24 16:51:40.0000000000	8749	./preflight_ma_notables.py
2026-01-24 16:52:32.0000000000	3132	./apply_no_dates_quarantine.py
2026-01-24 16:52:32.0000000000	3132	./ma_notables_upgrade_pack/ma_notables_upgrade_v2_4/apply_no_dates_quarantine.py
2026-01-25 11:21:43.0902851220	0	./inventory/20260125_112143/files.tsv
